assembly_a,cohort_a,assembly_b,cohort_b,mash_distance,mash_p_value,mash_shared_hashes,skani_ani_percent,skani_align_fraction_a,skani_align_fraction_b,near_clone_phase0
HPGP_ALG001.fna,HPGP_GLOBAL,HPGP_FRA001.fna,HPGP_GLOBAL,0.0383209,0,288/1000,95.38,0.8936,0.8355,no
HPGP_ALG001.fna,HPGP_GLOBAL,HPGP_JAP101.fna,HPGP_GLOBAL,0.0547827,0,188/1000,94.53,0.8351000000000001,0.8669,no
HPGP_ALG001.fna,HPGP_GLOBAL,CHINA_SHZY01.fna,CHINA_NINGXIA_2022,0.052117,0,201/1000,94.58,0.8146,0.8568000000000001,no
HPGP_ALG001.fna,HPGP_GLOBAL,CHINA_SHZY02.fna,CHINA_NINGXIA_2022,0.0503867,0,210/1000,94.44,0.8131,0.8468000000000001,no
HPGP_ALG001.fna,HPGP_GLOBAL,CHINA_SHZY03.fna,CHINA_NINGXIA_2022,0.0494626,0,215/1000,94.49,0.8195,0.8408,no
HPGP_ALG001.fna,HPGP_GLOBAL,HP001.fa,LINQU_2025,0.0505746,0,209/1000,94.53,0.8369,0.8697,no
HPGP_ALG001.fna,HPGP_GLOBAL,HP052.fa,LINQU_2025,0.0492808,0,216/1000,94.57,0.8323,0.8553000000000001,no
HPGP_ALG001.fna,HPGP_GLOBAL,Hp153.fa,LINQU_2025,0.0487413,0,219/1000,94.55,0.8572,0.8434,no
HPGP_FRA001.fna,HPGP_GLOBAL,HPGP_JAP101.fna,HPGP_GLOBAL,0.0492808,0,216/1000,94.53,0.7947,0.8823000000000001,no
HPGP_FRA001.fna,HPGP_GLOBAL,CHINA_SHZY01.fna,CHINA_NINGXIA_2022,0.0453547,0,239/1000,94.58,0.787,0.8853,no
HPGP_FRA001.fna,HPGP_GLOBAL,CHINA_SHZY02.fna,CHINA_NINGXIA_2022,0.0448759,0,242/1000,94.47,0.8042,0.8957999999999999,no
HPGP_FRA001.fna,HPGP_GLOBAL,CHINA_SHZY03.fna,CHINA_NINGXIA_2022,0.0460045,0,235/1000,94.47,0.8034,0.8815000000000001,no
HPGP_FRA001.fna,HPGP_GLOBAL,HP001.fa,LINQU_2025,0.0473443,0,227/1000,94.43,0.7894,0.8773000000000001,no
HPGP_FRA001.fna,HPGP_GLOBAL,HP052.fa,LINQU_2025,0.0445606,0,244/1000,94.57,0.8069,0.8869,no
HPGP_FRA001.fna,HPGP_GLOBAL,Hp153.fa,LINQU_2025,0.0453547,0,239/1000,94.46,0.8281000000000001,0.8714,no
HPGP_JAP101.fna,HPGP_GLOBAL,CHINA_SHZY01.fna,CHINA_NINGXIA_2022,0.0250805,0,419/1000,96.98,0.9289000000000001,0.9412,no
HPGP_JAP101.fna,HPGP_GLOBAL,CHINA_SHZY02.fna,CHINA_NINGXIA_2022,0.0255655,0,413/1000,96.97,0.9301,0.9331999999999999,no
HPGP_JAP101.fna,HPGP_GLOBAL,CHINA_SHZY03.fna,CHINA_NINGXIA_2022,0.0244475,0,427/1000,96.84,0.9379000000000001,0.9269,no
HPGP_JAP101.fna,HPGP_GLOBAL,HP001.fa,LINQU_2025,0.025484,0,414/1000,97.02,0.9327,0.9337000000000001,no
HPGP_JAP101.fna,HPGP_GLOBAL,HP052.fa,LINQU_2025,0.0239829,0,433/1000,97.12,0.9448000000000001,0.9353,no
HPGP_JAP101.fna,HPGP_GLOBAL,Hp153.fa,LINQU_2025,0.0242917,0,429/1000,97.12,0.955,0.9051,no
CHINA_SHZY01.fna,CHINA_NINGXIA_2022,CHINA_SHZY02.fna,CHINA_NINGXIA_2022,0.0254028,0,415/1000,97.04,0.9335,0.9244,no
CHINA_SHZY01.fna,CHINA_NINGXIA_2022,CHINA_SHZY03.fna,CHINA_NINGXIA_2022,0.0249208,0,421/1000,97.05,0.9542,0.9308,no
CHINA_SHZY01.fna,CHINA_NINGXIA_2022,HP001.fa,LINQU_2025,0.0253218,0,416/1000,97.21,0.9495,0.9381,no
CHINA_SHZY01.fna,CHINA_NINGXIA_2022,HP052.fa,LINQU_2025,0.0239063,0,434/1000,97.17,0.9584,0.9364,no
CHINA_SHZY01.fna,CHINA_NINGXIA_2022,Hp153.fa,LINQU_2025,0.0234513,0,440/1000,97.3,0.9570000000000001,0.8951,no
CHINA_SHZY02.fna,CHINA_NINGXIA_2022,CHINA_SHZY03.fna,CHINA_NINGXIA_2022,0.0245258,0,426/1000,97.17,0.9328,0.9188,no
CHINA_SHZY02.fna,CHINA_NINGXIA_2022,HP001.fa,LINQU_2025,0.0250005,0,420/1000,97.07,0.9301,0.9279999999999999,no
CHINA_SHZY02.fna,CHINA_NINGXIA_2022,HP052.fa,LINQU_2025,0.0244475,0,427/1000,97.04,0.9523999999999999,0.9397,no
CHINA_SHZY02.fna,CHINA_NINGXIA_2022,Hp153.fa,LINQU_2025,0.0242917,0,429/1000,96.75,0.9677,0.9140999999999999,no
CHINA_SHZY03.fna,CHINA_NINGXIA_2022,HP001.fa,LINQU_2025,0.0246831,0,424/1000,97.08,0.9394,0.9516,no
CHINA_SHZY03.fna,CHINA_NINGXIA_2022,HP052.fa,LINQU_2025,0.0232268,0,443/1000,96.9,0.9298000000000001,0.9312999999999999,no
CHINA_SHZY03.fna,CHINA_NINGXIA_2022,Hp153.fa,LINQU_2025,0.0240597,0,432/1000,97.04,0.9381,0.8996,no
HP001.fa,LINQU_2025,HP052.fa,LINQU_2025,0.0238299,0,435/1000,97.46,0.9632,0.9525,no
HP001.fa,LINQU_2025,Hp153.fa,LINQU_2025,0.0233762,0,441/1000,97.43,0.9634999999999999,0.9122,no
HP052.fa,LINQU_2025,Hp153.fa,LINQU_2025,0.0224204,0,454/1000,97.43,0.9718000000000001,0.9303,no
