isolate_id,variant
SHZY01,S5L
SHZY01,V6I
SHZY01,M191I
SHZY01,A283V
SHZY01,H354R
SHZY01,P484Q
SHZY01,S492A
SHZY01,K527R
SHZY01,S539N
SHZY01,I587V
SHZY01,V655I
SHZY01,H668Y
SHZY01,E679D
SHZY01,S708N
SHZY01,L722I
SHZY01,G733E
SHZY01,V741I
SHZY01,G755S
SHZY01,R784K
SHZY01,N797D
SHZY01,M803V
SHZY01,V805A
SHZY01,T819N
SHZY01,S821P
SHZY02,V6I
SHZY02,M191I
SHZY02,V199M
SHZY02,A283V
SHZY02,H354R
SHZY02,R397Q
SHZY02,G468E
SHZY02,P484Q
SHZY02,S492A
SHZY02,K527R
SHZY02,S539N
SHZY02,V655I
SHZY02,H668Y
SHZY02,E679D
SHZY02,S708N
SHZY02,G733E
SHZY02,V741I
SHZY02,G755S
SHZY02,R784K
SHZY02,G787R
SHZY02,N797D
SHZY02,M803V
SHZY02,V805A
SHZY02,T819N
SHZY02,S820P
SHZY02,S821P
SHZY03,S5L
SHZY03,V6I
SHZY03,M96I
SHZY03,M191I
SHZY03,D210N
SHZY03,H354R
SHZY03,G468E
SHZY03,P484Q
SHZY03,S492A
SHZY03,K527R
SHZY03,S539N
SHZY03,I587V
SHZY03,R612C
SHZY03,V655I
SHZY03,H668Y
SHZY03,E679D
SHZY03,G733E
SHZY03,V741I
SHZY03,G755S
SHZY03,R784K
SHZY03,N797D
SHZY03,M803V
SHZY03,V805A
SHZY03,Q823H
SHZY04,S5L
SHZY04,V6I
SHZY04,M191I
SHZY04,A388V
SHZY04,G468E
SHZY04,P484Q
SHZY04,S492A
SHZY04,K527R
SHZY04,S539N
SHZY04,V655I
SHZY04,H668Y
SHZY04,E679D
SHZY04,S708N
SHZY04,D710E
SHZY04,G733E
SHZY04,V741I
SHZY04,G755S
SHZY04,R784K
SHZY04,G787R
SHZY04,N797D
SHZY04,M803V
SHZY04,V805A
SHZY04,S821P
SHZY04,Q823P
SHZY05,S5L
SHZY05,V6I
SHZY05,M191I
SHZY05,I346T
SHZY05,H354R
SHZY05,G468E
SHZY05,P484Q
SHZY05,S492A
SHZY05,K527R
SHZY05,S539N
SHZY05,I587V
SHZY05,E679D
SHZY05,S708N
SHZY05,G711S
SHZY05,G733E
SHZY06,S5L
SHZY06,V6I
SHZY06,N87K
SHZY06,M191I
SHZY06,V199M
SHZY06,G208E
SHZY06,A283V
SHZY06,H354R
SHZY06,G468E
SHZY06,P484Q
SHZY06,S492A
SHZY06,K527R
SHZY06,S539N
SHZY06,V655I
SHZY06,N659D
SHZY06,H668Y
SHZY06,E679D
SHZY06,S708N
SHZY06,G733E
SHZY06,V741I
SHZY06,G755S
SHZY06,R784K
SHZY06,N797D
SHZY06,M803V
SHZY06,V805A
SHZY06,Q823H
SHZY07,S5L
SHZY07,V6I
SHZY07,M191I
SHZY07,H354R
SHZY07,P484Q
SHZY07,S492A
SHZY07,K527R
SHZY07,S539N
SHZY07,V643I
SHZY07,V655I
SHZY07,N659D
SHZY07,H668Y
SHZY07,E679D
SHZY07,I683M
SHZY07,T686N
SHZY07,I691R
SHZY07,S708N
SHZY07,G733E
SHZY07,V741I
SHZY07,G755S
SHZY07,R784K
SHZY07,N797D
SHZY07,M803V
SHZY07,V805A
SHZY07,T819N
SHZY07,S820P
SHZY07,S821P
SHZY08,S5L
SHZY08,V6I
SHZY08,R130K
SHZY08,M191I
SHZY08,H354R
SHZY08,R397Q
SHZY08,T417I
SHZY08,P484Q
SHZY08,K527R
SHZY08,S539N
SHZY08,A594T
SHZY08,D610N
SHZY08,E679D
SHZY08,I683M
SHZY08,T686N
SHZY08,T687A
SHZY08,K694R
SHZY08,V701I
SHZY08,G733E
SHZY08,M775I
SHZY09,M191I
SHZY09,H354R
SHZY09,G468E
SHZY09,P484Q
SHZY09,S492A
SHZY09,K527R
SHZY09,S539N
SHZY09,A594D
SHZY09,V655I
SHZY09,E679D
SHZY09,V706I
SHZY09,S708N
SHZY09,V741I
SHZY09,G755S
SHZY09,R784K
SHZY09,N797D
SHZY09,M803V
SHZY09,V805A
SHZY09,L817S
SHZY09,T819N
SHZY09,S821P
SHZY09,Q823P
SHZY10,K10R
SHZY10,M191I
SHZY10,G208R
SHZY10,H354R
SHZY10,A379V
SHZY10,D455N
SHZY10,G468E
SHZY10,P484Q
SHZY10,S492A
SHZY10,K527R
SHZY10,S539N
SHZY10,P595S
SHZY10,V655I
SHZY10,N659D
SHZY10,H668Y
SHZY10,E679D
SHZY10,G733E
SHZY10,G755S
SHZY10,R784K
SHZY10,N797D
SHZY10,M803I
SHZY10,V805A
SHZY10,T819N
SHZY10,S820P
SHZY11,M191I
SHZY11,A283V
SHZY11,H354R
SHZY11,P484Q
SHZY11,R486C
SHZY11,S492A
SHZY11,K527R
SHZY11,S539N
SHZY11,V655I
SHZY11,H668Y
SHZY11,E679D
SHZY11,G733E
SHZY11,G755S
SHZY11,R784K
SHZY11,G787R
SHZY11,N797D
SHZY11,M803V
SHZY11,V805A
SHZY11,L817S
SHZY11,T819N
SHZY11,S821P
SHZY11,Q823P
SHZY12,S5L
SHZY12,V6I
SHZY12,M191I
SHZY12,H354R
SHZY12,M413I
SHZY12,P484Q
SHZY12,S492A
SHZY12,K527R
SHZY12,S539N
SHZY12,V655I
SHZY12,N659D
SHZY12,H668Y
SHZY12,E679D
SHZY12,G733E
SHZY12,V741I
SHZY12,G755S
SHZY12,R784K
SHZY12,N797D
SHZY12,M803V
SHZY12,V805A
SHZY12,T819N
SHZY12,S821P
SHZY12,Q823H
SHZY13,N87K
SHZY13,M191I
SHZY13,H354R
SHZY13,R397Q
SHZY13,G468E
SHZY13,P484Q
SHZY13,S492A
SHZY13,K527R
SHZY13,S539N
SHZY13,I587V
SHZY13,R612C
SHZY13,S629N
SHZY13,V655I
SHZY13,H668Y
SHZY13,E679D
SHZY13,G733E
SHZY13,V741I
SHZY13,G755S
SHZY13,R784K
SHZY13,G787R
SHZY13,N797D
SHZY13,M803V
SHZY13,V805A
SHZY13,T819N
SHZY13,S820P
SHZY13,S821P
SHZY14,S5L
SHZY14,V6I
SHZY14,M191I
SHZY14,G208R
SHZY14,H354R
SHZY14,R397Q
SHZY14,S492A
SHZY14,K527R
SHZY14,S539N
SHZY14,I587V
SHZY14,A594D
SHZY14,R640K
SHZY14,V655I
SHZY14,E679D
SHZY14,G733E
SHZY14,V741I
SHZY14,G755S
SHZY14,R784K
SHZY14,N797D
SHZY14,M803V
SHZY14,V805A
SHZY14,T819N
SHZY14,S820P
SHZY14,S821P
SHZY15,S5L
SHZY15,V6I
SHZY15,N87I
SHZY15,A88V
SHZY15,M191I
SHZY15,H354R
SHZY15,G468E
SHZY15,P484Q
SHZY15,S492A
SHZY15,K527R
SHZY15,S539N
SHZY15,V655I
SHZY15,H668Y
SHZY15,E679D
SHZY15,S708N
SHZY15,G733E
SHZY15,V741I
SHZY15,G755S
SHZY15,R784K
SHZY15,G787R
SHZY15,N797D
SHZY15,M803V
SHZY15,V805A
SHZY15,S821P
SHZY16,S5L
SHZY16,V6I
SHZY16,M191I
SHZY16,H354R
SHZY16,A375D
SHZY16,R397Q
SHZY16,M413I
SHZY16,P484Q
SHZY16,S492A
SHZY16,K527R
SHZY16,S539N
SHZY16,I587V
SHZY16,V655I
SHZY16,E679D
SHZY16,S708N
SHZY16,V741I
SHZY16,G755S
SHZY16,R784K
SHZY16,N797D
SHZY16,M803V
SHZY16,V805A
SHZY16,L817S
SHZY16,T819N
SHZY16,S820P
SHZY16,S821P
SHZY17,S5L
SHZY17,V6I
SHZY17,N87K
SHZY17,M191I
SHZY17,H354R
SHZY17,L452F
SHZY17,P484Q
SHZY17,R486C
SHZY17,S492A
SHZY17,K527R
SHZY17,S539N
SHZY17,I587V
SHZY17,V655I
SHZY17,E679D
SHZY17,G733E
SHZY17,V741I
SHZY17,G755S
SHZY17,R784K
SHZY17,N797D
SHZY17,M803V
SHZY17,V805A
SHZY17,L817S
SHZY17,T819N
SHZY17,S820P
SHZY17,S821P
SHZY18,S5L
SHZY18,V6I
SHZY18,M191I
SHZY18,H354R
SHZY18,T472I
SHZY18,P484Q
SHZY18,S492A
SHZY18,K527R
SHZY18,S539N
SHZY18,V655I
SHZY18,N659D
SHZY18,H668Y
SHZY18,E679D
SHZY18,I683M
SHZY18,T686N
SHZY18,T687A
SHZY18,I691R
SHZY18,S708N
SHZY18,G733E
SHZY18,V741I
SHZY18,G755S
SHZY18,R784K
SHZY18,G787R
SHZY18,N797D
SHZY18,M803V
SHZY18,V805A
SHZY18,L817S
SHZY18,T819N
SHZY18,S820P
SHZY18,S821P
SHZY19,S5L
SHZY19,V6I
SHZY19,M191I
SHZY19,V199M
SHZY19,G208E
SHZY19,H354R
SHZY19,G468E
SHZY19,P484Q
SHZY19,S492A
SHZY19,K527R
SHZY19,S539N
SHZY19,E611K
SHZY19,E679D
SHZY19,I683M
SHZY19,T686N
SHZY19,T687A
SHZY19,K694R
SHZY19,G733E
SHZY19,V741I
SHZY19,G755S
SHZY19,V805A
SHZY19,E813K
SHZY19,S821P
SHZY19,Q823P
SHZY20,S5L
SHZY20,V6I
SHZY20,N87K
SHZY20,M191I
SHZY20,A377T
SHZY20,I381V
SHZY20,G468E
SHZY20,P484Q
SHZY20,K527R
SHZY20,S539N
SHZY20,V655I
SHZY20,H668Y
SHZY20,E679D
SHZY20,G733E
SHZY20,V741I
SHZY20,G755S
SHZY20,V756I
SHZY20,R784K
SHZY20,G787R
SHZY20,N797D
SHZY20,M803V
SHZY20,V805A
SHZY21,S5L
SHZY21,V6I
SHZY21,M191I
SHZY21,G208R
SHZY21,A231V
SHZY21,H354R
SHZY21,A407V
SHZY21,G468E
SHZY21,P484Q
SHZY21,S492A
SHZY21,K527R
SHZY21,S539N
SHZY21,A653T
SHZY21,V655I
SHZY21,E679D
SHZY21,V741I
SHZY21,G755S
SHZY21,R784K
SHZY21,N797D
SHZY21,M803V
SHZY21,V805A
SHZY21,Q823H
SHZY22,S5L
SHZY22,V6I
SHZY22,H354R
SHZY22,P484Q
SHZY22,S492A
SHZY22,K527R
SHZY22,S539N
SHZY22,V643I
SHZY22,V655I
SHZY22,H668Y
SHZY22,E679D
SHZY22,T686S
SHZY22,T687A
SHZY22,I691R
SHZY22,S708N
SHZY22,L722I
SHZY22,G733E
SHZY22,V741I
SHZY22,G755S
SHZY22,R784K
SHZY22,G787R
SHZY22,N797S
SHZY22,M803V
SHZY22,V805A
SHZY22,T819N
SHZY22,S820P
SHZY22,S821P
SHZY23,S5L
SHZY23,V6I
SHZY23,V172I
SHZY23,M191I
SHZY23,A283V
SHZY23,V318I
SHZY23,H354R
SHZY23,L452F
SHZY23,P484Q
SHZY23,S492A
SHZY23,K527R
SHZY23,S539N
SHZY23,V655I
SHZY23,E679D
SHZY23,S708N
SHZY23,V741I
SHZY23,G755S
SHZY23,R784K
SHZY23,N797D
SHZY23,M803V
SHZY23,V805A
SHZY23,S821P
SHZY23,Q823P
SHZY24,S5L
SHZY24,V6I
SHZY24,T9A
SHZY24,M191I
SHZY24,A283V
SHZY24,H354R
SHZY24,P484Q
SHZY24,S492A
SHZY24,K527R
SHZY24,S539N
SHZY24,V655I
SHZY24,N659D
SHZY24,H668Y
SHZY24,E679D
SHZY24,V741I
SHZY24,G755S
SHZY24,R784K
SHZY24,N797D
SHZY24,A799T
SHZY24,M803V
SHZY24,V805A
SHZY24,Q823H
SHZY26,S5L
SHZY26,V6I
SHZY26,D91G
SHZY26,M191I
SHZY26,T270I
SHZY26,H354R
SHZY26,G468E
SHZY26,P484Q
SHZY26,S492A
SHZY26,K527R
SHZY26,S539N
SHZY26,E611K
SHZY26,N620K
SHZY26,V655I
SHZY26,E679D
SHZY26,V702I
SHZY26,S708N
SHZY26,G733E
SHZY26,V741I
SHZY26,G755S
SHZY26,R784K
SHZY26,G787R
SHZY26,N797D
SHZY26,M803V
SHZY26,V805A
SHZY26,T819N
SHZY26,S820P
SHZY26,S821P
SHZY27,S5L
SHZY27,V6I
SHZY27,D91N
SHZY27,M191I
SHZY27,A407T
SHZY27,G468E
SHZY27,P484Q
SHZY27,K527R
SHZY27,S539N
SHZY27,V655I
SHZY27,H668Y
SHZY27,E679D
SHZY27,S708N
SHZY27,G733E
SHZY27,V741I
SHZY27,G755S
SHZY27,R784K
SHZY27,G787R
SHZY27,N797D
SHZY27,M803V
SHZY27,V805A
SHZY27,S821P
SHZY28,S5L
SHZY28,V6I
SHZY28,N87K
SHZY28,M191I
SHZY28,I234V
SHZY28,H354R
SHZY28,G468E
SHZY28,P484Q
SHZY28,S492A
SHZY28,K527R
SHZY28,S539N
SHZY28,S629N
SHZY28,V655I
SHZY28,H668Y
SHZY28,E679D
SHZY28,S708N
SHZY28,G733E
SHZY28,V741I
SHZY28,G755S
SHZY28,R784K
SHZY28,N797D
SHZY28,M803V
SHZY28,V805A
SHZY28,Q823H
SHZY29,S5L
SHZY29,V6I
SHZY29,D91Y
SHZY29,M191I
SHZY29,M191V
SHZY29,V201A
SHZY29,G208R
SHZY29,A283V
SHZY29,I307V
SHZY29,H354R
SHZY29,A379V
SHZY29,G468E
SHZY29,K478R
SHZY29,P484Q
SHZY29,S492A
SHZY29,K527R
SHZY29,S539N
SHZY29,N620K
SHZY29,V655I
SHZY29,H668Y
SHZY29,E679D
SHZY29,S708N
SHZY29,G733E
SHZY29,V741I
SHZY29,G755S
SHZY29,R784K
SHZY29,N797D
SHZY29,A799D
SHZY29,M803V
SHZY29,V805A
SHZY29,T819N
SHZY29,S820P
SHZY29,S821P
SHZY30,S5L
SHZY30,V6I
SHZY30,M191I
SHZY30,H354R
SHZY30,G468E
SHZY30,K478R
SHZY30,P484Q
SHZY30,S492A
SHZY30,K527R
SHZY30,S539N
SHZY30,V655I
SHZY30,N659D
SHZY30,H668Y
SHZY30,E679D
SHZY30,S708N
SHZY30,G733E
SHZY30,V741I
SHZY30,G755S
SHZY30,R784K
SHZY30,N797D
SHZY30,M803V
SHZY30,V805A
SHZY31,S5L
SHZY31,V6I
SHZY31,D91N
SHZY31,M191I
SHZY31,A283V
SHZY31,H354R
SHZY31,G468E
SHZY31,P484Q
SHZY31,R486C
SHZY31,S492A
SHZY31,S539N
SHZY31,V655I
SHZY31,H668Y
SHZY31,E679D
SHZY31,S708N
SHZY31,G733E
SHZY31,V741I
SHZY31,G755S
SHZY31,R784K
SHZY31,G787R
SHZY31,N797D
SHZY31,M803V
SHZY31,V805A
SHZY31,L817S
SHZY31,T819N
SHZY31,S820P
SHZY31,S821P
SHZY32,S5L
SHZY32,V6I
SHZY32,M191I
SHZY32,H354R
SHZY32,P484Q
SHZY32,R486C
SHZY32,K527R
SHZY32,S539N
SHZY32,V655I
SHZY32,H668Y
SHZY32,E679D
SHZY32,S708N
SHZY32,G733E
SHZY32,V741I
SHZY32,G755S
SHZY32,R784K
SHZY32,N797D
SHZY32,M803V
SHZY32,V805A
SHZY32,Q823H
SHZY33,S5L
SHZY33,V6I
SHZY33,M191I
SHZY33,P267S
SHZY33,H354R
SHZY33,L452F
SHZY33,P484Q
SHZY33,S492A
SHZY33,K527R
SHZY33,S539N
SHZY33,N620K
SHZY33,V655I
SHZY33,H668Y
SHZY33,E679D
SHZY33,S708N
SHZY33,G733E
SHZY33,V741I
SHZY33,G755S
SHZY33,R784K
SHZY33,G787R
SHZY33,N797D
SHZY33,M803V
SHZY33,V805A
SHZY33,T819N
SHZY33,S820P
SHZY33,S821P
SHZY34,S5L
SHZY34,V6I
SHZY34,N87K
SHZY34,M191I
SHZY34,G208E
SHZY34,H354R
SHZY34,G468E
SHZY34,P484Q
SHZY34,S492A
SHZY34,K527R
SHZY34,S539N
SHZY34,V655I
SHZY34,N659D
SHZY34,H668Y
SHZY34,E679D
SHZY34,S708N
SHZY34,G733E
SHZY34,V741I
SHZY34,G755S
SHZY34,R784K
SHZY34,G787R
SHZY34,N797D
SHZY34,M803V
SHZY34,V805A
SHZY34,L817S
SHZY34,T819N
SHZY34,S820P
SHZY34,S821P
SHZY35,N87I
SHZY35,M191I
SHZY35,D196N
SHZY35,L452F
SHZY35,G458S
SHZY35,P484Q
SHZY35,S492A
SHZY35,K527R
SHZY35,S539N
SHZY35,V655I
SHZY35,E679D
SHZY35,V741I
SHZY35,G755S
SHZY35,R784K
SHZY35,N797D
SHZY35,M803V
SHZY35,V805A
SHZY35,L817S
SHZY35,T819N
SHZY35,S820P
SHZY35,S821P
SHZY36,S5L
SHZY36,V6I
SHZY36,N87K
SHZY36,M191I
SHZY36,H354R
SHZY36,P484Q
SHZY36,S492A
SHZY36,K527R
SHZY36,S539N
SHZY36,V655I
SHZY36,E679D
SHZY36,G733E
SHZY36,V741I
SHZY36,G755S
SHZY36,R784K
SHZY36,N797D
SHZY36,M803V
SHZY36,V805A
SHZY36,L825M
SHZY37,S5L
SHZY37,V6I
SHZY37,M191I
SHZY37,G468E
SHZY37,P484Q
SHZY37,S492A
SHZY37,K527R
SHZY37,S539N
SHZY37,V655I
SHZY37,H668Y
SHZY37,E679D
SHZY37,I683M
SHZY37,T686N
SHZY37,T687A
SHZY37,I691R
SHZY37,V741I
SHZY37,G755S
SHZY37,R784K
SHZY37,G787R
SHZY37,N797D
SHZY37,M803V
SHZY37,V805A
SHZY37,T819N
SHZY37,S821P
SHZY37,Q823H
SHZY38,S5L
SHZY38,M191I
SHZY38,V199M
SHZY38,G208E
SHZY38,A407T
SHZY38,T417S
SHZY38,G468E
SHZY38,I587V
SHZY38,K694R
SHZY38,G711S
SHZY38,G733E
SHZY38,V741I
SHZY38,T819N
SHZY38,S820P
SHZY38,S821P
SHZY39,V199A
SHZY39,G208A
SHZY39,H354R
SHZY39,Q403P
SHZY39,D455E
SHZY39,G458S
SHZY39,G468E
SHZY39,N495S
SHZY39,I498T
SHZY39,I587V
SHZY39,I639V
SHZY39,K658N
SHZY39,E679D
SHZY39,R681C
SHZY39,I691R
SHZY39,G733E
SHZY39,M803V
SHZY40,S5L
SHZY40,V6I
SHZY40,M191I
SHZY40,H354R
SHZY40,G468E
SHZY40,P484Q
SHZY40,S492A
SHZY40,K527R
SHZY40,S539N
SHZY40,V655I
SHZY40,H668Y
SHZY40,E679D
SHZY40,G733E
SHZY40,V741I
SHZY40,G755S
SHZY40,R784K
SHZY40,N797D
SHZY40,M803V
SHZY40,V805A
SHZY40,S821P
SHZY40,Q823P
SHZY41,S5L
SHZY41,V6I
SHZY41,D91N
SHZY41,A183T
SHZY41,M191I
SHZY41,H354R
SHZY41,D454N
SHZY41,G468E
SHZY41,P484Q
SHZY41,S492A
SHZY41,K527R
SHZY41,S539N
SHZY41,V655I
SHZY41,E679D
SHZY41,T686S
SHZY41,T687A
SHZY41,I691R
SHZY41,G733E
SHZY41,V741I
SHZY41,G755S
SHZY41,R784K
SHZY41,N797D
SHZY41,M803V
SHZY41,V805A
SHZY41,S821P
SHZY41,Q823P
SHZY42,S5L
SHZY42,V6I
SHZY42,M191I
SHZY42,R311K
SHZY42,H354R
SHZY42,P484Q
SHZY42,S492A
SHZY42,K527R
SHZY42,S539N
SHZY42,V655I
SHZY42,H668Y
SHZY42,E679D
SHZY42,I683M
SHZY42,T686N
SHZY42,T687A
SHZY42,I691R
SHZY42,S708N
SHZY42,G733E
SHZY42,V741I
SHZY42,G755S
SHZY42,A773T
SHZY42,R784K
SHZY42,N797D
SHZY42,M803V
SHZY42,V805A
SHZY42,L817S
SHZY42,T819N
SHZY42,S820P
SHZY42,S821P
SHZY42,Q823P
SHZY43,S5L
SHZY43,V6I
SHZY43,N87Y
SHZY43,D145G
SHZY43,M191I
SHZY43,H354R
SHZY43,S404G
SHZY43,G468E
SHZY43,P484Q
SHZY43,S492A
SHZY43,K527R
SHZY43,V655I
SHZY43,H668Y
SHZY43,E679D
SHZY43,G733E
SHZY43,V741I
SHZY43,G755S
SHZY43,R784K
SHZY43,N797D
SHZY43,M803V
SHZY43,V805A
SHZY43,S821P
SHZY43,Q823P
SHZY44,S5L
SHZY44,V6I
SHZY44,N87I
SHZY44,M191I
SHZY44,A379V
SHZY44,G468E
SHZY44,P484Q
SHZY44,K527R
SHZY44,S539N
SHZY44,V655I
SHZY44,N659D
SHZY44,H668Y
SHZY44,E679D
SHZY44,S708N
SHZY44,G733E
SHZY44,V741I
SHZY44,G755S
SHZY44,R784K
SHZY44,N797D
SHZY44,M803V
SHZY44,V805A
SHZY44,Q823H
SHZY45,S5L
SHZY45,V6I
SHZY45,M191I
SHZY45,A283V
SHZY45,H354R
SHZY45,G468E
SHZY45,P484Q
SHZY45,S492A
SHZY45,K527R
SHZY45,S539N
SHZY45,V655I
SHZY45,H668Y
SHZY45,E679D
SHZY45,S708N
SHZY45,G733E
SHZY45,V741I
SHZY45,G755S
SHZY45,R784K
SHZY45,G787R
SHZY45,N797D
SHZY45,M803V
SHZY45,V805A
SHZY45,S821P
SHZY45,Q823P
SHZY46,S5L
SHZY46,V6I
SHZY46,N87K
SHZY46,M191I
SHZY46,G208R
SHZY46,A283V
SHZY46,H354R
SHZY46,E632G
SHZY46,S652N
SHZY46,E679D
SHZY46,I683M
SHZY46,T686N
SHZY46,T687A
SHZY46,K694R
SHZY46,G733E
SHZY46,L766F
SHZY46,V805A
SHZY46,T819N
SHZY46,S820P
SHZY46,S821P
SHZY47,S5L
SHZY47,V6I
SHZY47,N87K
SHZY47,M191I
SHZY47,I194T
SHZY47,H354R
SHZY47,G468E
SHZY47,P484Q
SHZY47,S492A
SHZY47,K527R
SHZY47,S539N
SHZY47,E577K
SHZY47,V643I
SHZY47,V655I
SHZY47,N659D
SHZY47,H668Y
SHZY47,E679D
SHZY47,S708N
SHZY47,G711S
SHZY47,G733E
SHZY47,V741I
SHZY47,G755S
SHZY47,R784K
SHZY47,G787R
SHZY47,N797D
SHZY47,M803V
SHZY47,V805A
SHZY47,T819N
SHZY47,S820P
SHZY47,S821P
SHZY48,S5L
SHZY48,V6I
SHZY48,N87I
SHZY48,G208E
SHZY48,H354R
SHZY48,D464Y
SHZY48,P484Q
SHZY48,S492A
SHZY48,K527R
SHZY48,S539N
SHZY48,A594D
SHZY48,V655I
SHZY48,H668Y
SHZY48,L669F
SHZY48,E679D
SHZY48,V741I
SHZY48,G755S
SHZY48,R784K
SHZY48,N797D
SHZY48,M803V
SHZY48,V805A
SHZY48,S821P
SHZY48,Q823P
SHZY49,S5L
SHZY49,V6I
SHZY49,M191I
SHZY49,H354R
SHZY49,G468E
SHZY49,P484Q
SHZY49,S492A
SHZY49,K527R
SHZY49,S539N
SHZY49,V655I
SHZY49,H668Y
SHZY49,E679D
SHZY49,G733E
SHZY49,V741I
SHZY49,G755S
SHZY49,R784K
SHZY49,G787R
SHZY49,N797D
SHZY49,M803V
SHZY49,V805A
SHZY49,T819N
SHZY49,S821P
SHZY49,Q823P
SHZY50,S5L
SHZY50,V6I
SHZY50,M191I
SHZY50,I194T
SHZY50,K249R
SHZY50,H354R
SHZY50,R397Q
SHZY50,G468E
SHZY50,P484Q
SHZY50,S492A
SHZY50,K527R
SHZY50,S539N
SHZY50,V655I
SHZY50,N659D
SHZY50,H668Y
SHZY50,E679D
SHZY50,K694R
SHZY50,G733E
SHZY50,V741I
SHZY50,G755S
SHZY50,R784K
SHZY50,N797D
SHZY50,M803V
SHZY50,V805A
SHZY51,S5L
SHZY51,V6I
SHZY51,M191I
SHZY51,H354R
SHZY51,G468E
SHZY51,P484Q
SHZY51,R486H
SHZY51,S492A
SHZY51,K527R
SHZY51,S539N
SHZY51,V655I
SHZY51,E679D
SHZY51,G733E
SHZY51,V741I
SHZY51,G755S
SHZY51,R784K
SHZY51,N797D
SHZY51,M803V
SHZY51,V805A
SHZY51,L817S
SHZY51,T819N
SHZY51,S821P
SHZY51,Q823P
SHZY52,S5L
SHZY52,V6I
SHZY52,M191I
SHZY52,G208E
SHZY52,H354R
SHZY52,P484Q
SHZY52,S492A
SHZY52,K527R
SHZY52,S539N
SHZY52,V655I
SHZY52,H668Y
SHZY52,E679D
SHZY52,S708N
SHZY52,G733E
SHZY52,V741I
SHZY52,G755S
SHZY52,R784K
SHZY52,N797D
SHZY52,M803V
SHZY52,V805A
SHZY52,S821P
SHZY52,Q823P
SHZY53,S5L
SHZY53,V6I
SHZY53,A41T
SHZY53,D91N
SHZY53,M191I
SHZY53,P484Q
SHZY53,S492A
SHZY53,K527R
SHZY53,S539N
SHZY53,V655I
SHZY53,E679D
SHZY53,S708N
SHZY53,G733E
SHZY53,V741I
SHZY53,G755S
SHZY53,R784K
SHZY53,G787R
SHZY53,N797D
SHZY53,M803V
SHZY53,V805A
SHZY53,Q823H
SHZY54,S5L
SHZY54,V6I
SHZY54,M191I
SHZY54,A283V
SHZY54,G468E
SHZY54,P484Q
SHZY54,S492A
SHZY54,K527R
SHZY54,S539N
SHZY54,E646G
SHZY54,A653V
SHZY54,V655I
SHZY54,H668Y
SHZY54,E679D
SHZY54,T686S
SHZY54,T687A
SHZY54,I691R
SHZY54,S708N
SHZY54,G733E
SHZY54,V741I
SHZY54,G755S
SHZY54,R784K
SHZY54,G787R
SHZY54,N797D
SHZY54,M803V
SHZY54,V805A
SHZY54,L817S
SHZY54,T819N
SHZY54,S820P
SHZY54,S821P
SHZY54,Q823P
SHZY55,A97V
SHZY55,M191I
SHZY55,G208E
SHZY55,H354R
SHZY55,Q403P
SHZY55,A407T
SHZY55,N495S
SHZY55,E679D
SHZY55,K694R
SHZY55,G733E
SHZY55,K745R
SHZY55,L766F
SHZY55,T819I
SHZY57,S5L
SHZY57,V6I
SHZY57,M191I
SHZY57,A207V
SHZY57,T239M
SHZY57,H354R
SHZY57,S492A
SHZY57,K527R
SHZY57,S539N
SHZY57,V655I
SHZY57,N659D
SHZY57,H668Y
SHZY57,E679D
SHZY57,G733E
SHZY57,V741I
SHZY57,G755S
SHZY57,R784K
SHZY57,N797D
SHZY57,M803V
SHZY57,V805A
SHZY57,S821P
SHZY57,Q823P
SHZY59,S5L
SHZY59,V6I
SHZY59,M191I
SHZY59,A236S
SHZY59,N341S
SHZY59,H354R
SHZY59,T417I
SHZY59,P484Q
SHZY59,S492A
SHZY59,K527R
SHZY59,S539N
SHZY59,V655I
SHZY59,H668Y
SHZY59,E679D
SHZY59,S708N
SHZY59,G733E
SHZY59,V741I
SHZY59,G755S
SHZY59,V756I
SHZY59,R784K
SHZY59,G787R
SHZY59,N797D
SHZY59,M803V
SHZY59,V805A
SHZY59,L817S
SHZY59,T819N
SHZY59,S820P
SHZY59,S821P
SHZY60,M191I
SHZY60,D210N
SHZY60,V216I
SHZY60,A283V
SHZY60,G468E
SHZY60,P484Q
SHZY60,S492A
SHZY60,K527R
SHZY60,S539N
SHZY60,V655I
SHZY60,A660T
SHZY60,H668Y
SHZY60,E679D
SHZY60,G733E
SHZY60,V741I
SHZY60,G755S
SHZY60,R784K
SHZY60,N797D
SHZY60,M803V
SHZY60,V805A
SHZY60,T819N
SHZY60,S820P
SHZY60,S821P
SHZY60,Q823P
