variant,position,frozen_catalogue_marker,resistant_with,resistant_without,susceptible_with,susceptible_without,false_susceptible_with,true_positive_with,odds_ratio,fisher_p,bh_q
V655I,655,False,21,7,29,0,10,11,0.0,0.004478454738399829,0.313491831687988
R784K,784,False,21,7,29,0,10,11,0.0,0.004478454738399829,0.313491831687988
G755S,755,False,22,6,29,0,11,11,0.0,0.010381872348108695,0.4844873762450724
L817S,817,False,2,26,10,19,1,1,0.14615384615384616,0.02060429487774742,0.5051696944915006
S539N,539,False,23,5,29,0,12,11,0.0,0.023472059221810962,0.5051696944915006
V805A,805,False,23,5,29,0,11,12,0.0,0.023472059221810962,0.5051696944915006
N797D,797,False,21,7,28,1,10,11,0.10714285714285714,0.02525848472457503,0.5051696944915006
M803V,803,False,22,6,28,1,11,11,0.13095238095238096,0.05170579561607075,0.7996736026111791
N87I,87,True,4,24,0,29,0,4,inf,0.05183413078149922,0.7996736026111791
S492A,492,False,21,7,27,2,12,9,0.2222222222222222,0.07869284754616843,0.7996736026111791
K694R,694,False,5,23,1,28,4,1,6.086956521739131,0.10201318046402455,0.7996736026111791
P484Q,484,False,23,5,28,1,12,11,0.16428571428571428,0.10201318046402456,0.7996736026111791
A407T,407,False,3,25,0,29,2,1,inf,0.11196172248803828,0.7996736026111791
G711S,711,False,3,25,0,29,2,1,inf,0.11196172248803828,0.7996736026111791
R486C,486,False,0,28,4,25,0,0,0.0,0.1119617224880383,0.7996736026111791
H668Y,668,False,16,12,22,7,9,7,0.42424242424242425,0.1665057817249952,0.7996736026111791
H354R,354,False,21,7,26,3,13,8,0.34615384615384615,0.178882277836656,0.7996736026111791
K527R,527,False,24,4,28,1,13,11,0.21428571428571427,0.19364448857994046,0.7996736026111791
Q403P,403,False,2,26,0,29,2,0,inf,0.2368421052631579,0.7996736026111791
G458S,458,False,2,26,0,29,1,1,inf,0.2368421052631579,0.7996736026111791
N495S,495,False,2,26,0,29,2,0,inf,0.2368421052631579,0.7996736026111791
E611K,611,False,2,26,0,29,1,1,inf,0.2368421052631579,0.7996736026111791
L766F,766,False,2,26,0,29,1,1,inf,0.2368421052631579,0.7996736026111791
S821P,821,False,22,6,18,11,12,10,2.240740740740741,0.2483038606758416,0.7996736026111791
G208E,208,False,5,23,2,27,4,1,2.9347826086956523,0.25293533500788595,0.7996736026111791
I683M,683,False,5,23,2,27,4,1,2.9347826086956523,0.25293533500788595,0.7996736026111791
T686N,686,False,5,23,2,27,4,1,2.9347826086956523,0.25293533500788595,0.7996736026111791
V741I,741,False,23,5,27,2,12,11,0.34074074074074073,0.25293533500788595,0.7996736026111791
T819N,819,False,12,16,17,12,6,6,0.5294117647058824,0.29352592048718845,0.7996736026111791
Q823H,823,False,3,25,7,22,1,2,0.37714285714285717,0.29728796817995956,0.7996736026111791
S5L,5,False,22,6,26,3,12,10,0.4230769230769231,0.2972879681799596,0.7996736026111791
V6I,6,False,22,6,26,3,12,10,0.4230769230769231,0.2972879681799596,0.7996736026111791
D91N,91,True,3,25,1,28,0,3,3.36,0.35247208931419466,0.7996736026111791
V199M,199,False,3,25,1,28,3,0,3.36,0.35247208931419466,0.7996736026111791
N87K,87,True,3,25,6,23,0,3,0.46,0.4702632375510465,0.7996736026111791
L722I,722,False,0,28,2,27,0,0,0.0,0.4912280701754386,0.7996736026111791
V756I,756,False,0,28,2,27,0,0,0.0,0.4912280701754386,0.7996736026111791
A41T,41,False,1,27,0,29,0,1,inf,0.4912280701754387,0.7996736026111791
N87Y,87,False,1,27,0,29,1,0,inf,0.4912280701754387,0.7996736026111791
A88V,88,True,1,27,0,29,0,1,inf,0.4912280701754387,0.7996736026111791
D91G,91,True,1,27,0,29,0,1,inf,0.4912280701754387,0.7996736026111791
D91Y,91,True,1,27,0,29,0,1,inf,0.4912280701754387,0.7996736026111791
A97V,97,False,1,27,0,29,1,0,inf,0.4912280701754387,0.7996736026111791
R130K,130,False,1,27,0,29,1,0,inf,0.4912280701754387,0.7996736026111791
D145G,145,False,1,27,0,29,1,0,inf,0.4912280701754387,0.7996736026111791
V172I,172,False,1,27,0,29,1,0,inf,0.4912280701754387,0.7996736026111791
A183T,183,False,1,27,0,29,0,1,inf,0.4912280701754387,0.7996736026111791
M191V,191,False,1,27,0,29,0,1,inf,0.4912280701754387,0.7996736026111791
D196N,196,False,1,27,0,29,0,1,inf,0.4912280701754387,0.7996736026111791
V199A,199,False,1,27,0,29,1,0,inf,0.4912280701754387,0.7996736026111791
V201A,201,False,1,27,0,29,0,1,inf,0.4912280701754387,0.7996736026111791
A207V,207,False,1,27,0,29,1,0,inf,0.4912280701754387,0.7996736026111791
G208A,208,False,1,27,0,29,1,0,inf,0.4912280701754387,0.7996736026111791
V216I,216,False,1,27,0,29,1,0,inf,0.4912280701754387,0.7996736026111791
T239M,239,False,1,27,0,29,1,0,inf,0.4912280701754387,0.7996736026111791
T270I,270,False,1,27,0,29,0,1,inf,0.4912280701754387,0.7996736026111791
I307V,307,False,1,27,0,29,0,1,inf,0.4912280701754387,0.7996736026111791
V318I,318,False,1,27,0,29,1,0,inf,0.4912280701754387,0.7996736026111791
I346T,346,False,1,27,0,29,1,0,inf,0.4912280701754387,0.7996736026111791
A388V,388,False,1,27,0,29,1,0,inf,0.4912280701754387,0.7996736026111791
S404G,404,False,1,27,0,29,1,0,inf,0.4912280701754387,0.7996736026111791
T417S,417,False,1,27,0,29,1,0,inf,0.4912280701754387,0.7996736026111791
D454N,454,False,1,27,0,29,0,1,inf,0.4912280701754387,0.7996736026111791
D455E,455,False,1,27,0,29,1,0,inf,0.4912280701754387,0.7996736026111791
D464Y,464,False,1,27,0,29,0,1,inf,0.4912280701754387,0.7996736026111791
T472I,472,False,1,27,0,29,1,0,inf,0.4912280701754387,0.7996736026111791
I498T,498,False,1,27,0,29,1,0,inf,0.4912280701754387,0.7996736026111791
E577K,577,False,1,27,0,29,0,1,inf,0.4912280701754387,0.7996736026111791
A594T,594,False,1,27,0,29,1,0,inf,0.4912280701754387,0.7996736026111791
D610N,610,False,1,27,0,29,1,0,inf,0.4912280701754387,0.7996736026111791
E632G,632,False,1,27,0,29,0,1,inf,0.4912280701754387,0.7996736026111791
I639V,639,False,1,27,0,29,1,0,inf,0.4912280701754387,0.7996736026111791
S652N,652,False,1,27,0,29,0,1,inf,0.4912280701754387,0.7996736026111791
K658N,658,False,1,27,0,29,1,0,inf,0.4912280701754387,0.7996736026111791
A660T,660,False,1,27,0,29,1,0,inf,0.4912280701754387,0.7996736026111791
L669F,669,False,1,27,0,29,0,1,inf,0.4912280701754387,0.7996736026111791
E679D,679,False,27,1,29,0,15,12,0.0,0.4912280701754387,0.7996736026111791
R681C,681,False,1,27,0,29,1,0,inf,0.4912280701754387,0.7996736026111791
V701I,701,False,1,27,0,29,1,0,inf,0.4912280701754387,0.7996736026111791
V702I,702,False,1,27,0,29,0,1,inf,0.4912280701754387,0.7996736026111791
D710E,710,False,1,27,0,29,1,0,inf,0.4912280701754387,0.7996736026111791
K745R,745,False,1,27,0,29,1,0,inf,0.4912280701754387,0.7996736026111791
M775I,775,False,1,27,0,29,1,0,inf,0.4912280701754387,0.7996736026111791
A799D,799,False,1,27,0,29,0,1,inf,0.4912280701754387,0.7996736026111791
E813K,813,False,1,27,0,29,1,0,inf,0.4912280701754387,0.7996736026111791
T819I,819,False,1,27,0,29,1,0,inf,0.4912280701754387,0.7996736026111791
M191I,191,False,26,2,28,1,15,11,0.4642857142857143,0.6114832535885167,0.9511961722488038
A379V,379,False,2,26,1,28,0,2,2.1538461538461537,0.6114832535885167,0.9511961722488038
N620K,620,False,2,26,1,28,0,2,2.1538461538461537,0.6114832535885167,0.9511961722488038
V643I,643,False,2,26,1,28,1,1,2.1538461538461537,0.6114832535885167,0.9511961722488038
G733E,733,False,25,3,24,5,15,10,1.7361111111111112,0.70570179863947,1.0
T687A,687,False,5,23,4,25,3,2,1.358695652173913,0.729726141607677,1.0
A283V,283,False,5,23,7,22,3,2,0.6832298136645962,0.7469776644837824,1.0
Q823P,823,False,9,19,8,21,7,2,1.243421052631579,0.7770965235123484,1.0
G787R,787,False,9,19,11,18,3,6,0.7751196172248804,0.782811997268442,1.0
T9A,9,False,0,28,1,28,0,0,0.0,1.0,1.0
K10R,10,False,0,28,1,28,0,0,0.0,1.0,1.0
M96I,96,False,0,28,1,28,0,0,0.0,1.0,1.0
I194T,194,False,1,27,1,28,0,1,1.037037037037037,1.0,1.0
G208R,208,False,2,26,3,26,0,2,0.6666666666666666,1.0,1.0
D210N,210,False,1,27,1,28,1,0,1.037037037037037,1.0,1.0
A231V,231,False,0,28,1,28,0,0,0.0,1.0,1.0
I234V,234,False,0,28,1,28,0,0,0.0,1.0,1.0
A236S,236,False,0,28,1,28,0,0,0.0,1.0,1.0
K249R,249,False,0,28,1,28,0,0,0.0,1.0,1.0
P267S,267,False,0,28,1,28,0,0,0.0,1.0,1.0
R311K,311,False,0,28,1,28,0,0,0.0,1.0,1.0
N341S,341,False,0,28,1,28,0,0,0.0,1.0,1.0
A375D,375,False,0,28,1,28,0,0,0.0,1.0,1.0
A377T,377,False,0,28,1,28,0,0,0.0,1.0,1.0
I381V,381,False,0,28,1,28,0,0,0.0,1.0,1.0
R397Q,397,False,3,25,3,26,2,1,1.04,1.0,1.0
A407V,407,False,0,28,1,28,0,0,0.0,1.0,1.0
M413I,413,False,1,27,1,28,1,0,1.037037037037037,1.0,1.0
T417I,417,False,1,27,1,28,1,0,1.037037037037037,1.0,1.0
L452F,452,False,2,26,2,27,1,1,1.0384615384615385,1.0,1.0
D455N,455,False,0,28,1,28,0,0,0.0,1.0,1.0
G468E,468,False,16,12,17,12,8,8,0.9411764705882353,1.0,1.0
K478R,478,False,1,27,1,28,0,1,1.037037037037037,1.0,1.0
R486H,486,False,0,28,1,28,0,0,0.0,1.0,1.0
I587V,587,False,4,24,5,24,3,1,0.8,1.0,1.0
A594D,594,False,1,27,2,27,0,1,0.5,1.0,1.0
P595S,595,False,0,28,1,28,0,0,0.0,1.0,1.0
R612C,612,False,1,27,1,28,0,1,1.037037037037037,1.0,1.0
S629N,629,False,1,27,1,28,0,1,1.037037037037037,1.0,1.0
R640K,640,False,0,28,1,28,0,0,0.0,1.0,1.0
E646G,646,False,0,28,1,28,0,0,0.0,1.0,1.0
A653T,653,False,0,28,1,28,0,0,0.0,1.0,1.0
A653V,653,False,0,28,1,28,0,0,0.0,1.0,1.0
N659D,659,False,6,22,6,23,4,2,1.0454545454545454,1.0,1.0
T686S,686,False,1,27,2,27,0,1,0.5,1.0,1.0
I691R,691,False,4,24,4,25,3,1,1.0416666666666667,1.0,1.0
V706I,706,False,0,28,1,28,0,0,0.0,1.0,1.0
S708N,708,False,14,14,15,14,7,7,0.9333333333333333,1.0,1.0
A773T,773,False,0,28,1,28,0,0,0.0,1.0,1.0
N797S,797,False,0,28,1,28,0,0,0.0,1.0,1.0
A799T,799,False,0,28,1,28,0,0,0.0,1.0,1.0
M803I,803,False,0,28,1,28,0,0,0.0,1.0,1.0
S820P,820,False,11,17,11,18,5,6,1.0588235294117647,1.0,1.0
L825M,825,False,0,28,1,28,0,0,0.0,1.0,1.0
