dataset_id,isolate_id,antibiotic,raw_read_prediction,support_assembly_prediction,raw_read_callable,support_assembly_callable,both_callable,concordant_when_both_callable,interpretation
ZENODO_10369064,S01,clarithromycin,R,R,yes,yes,yes,yes,raw-read call is authoritative; assembly is support-only
ZENODO_10369064,S01,levofloxacin,S,S,yes,yes,yes,yes,raw-read call is authoritative; assembly is support-only
ZENODO_10369064,S03,clarithromycin,R,UNCALLABLE,yes,no,no,,raw-read call is authoritative; assembly is support-only
ZENODO_10369064,S03,levofloxacin,S,S,yes,yes,yes,yes,raw-read call is authoritative; assembly is support-only
ZENODO_10369064,S04,clarithromycin,R,R,yes,yes,yes,yes,raw-read call is authoritative; assembly is support-only
ZENODO_10369064,S04,levofloxacin,UNCALLABLE,R,no,yes,no,,raw-read call is authoritative; assembly is support-only
ZENODO_10369064,S05,clarithromycin,R,R,yes,yes,yes,yes,raw-read call is authoritative; assembly is support-only
ZENODO_10369064,S05,levofloxacin,R,R,yes,yes,yes,yes,raw-read call is authoritative; assembly is support-only
ZENODO_10369064,S06,clarithromycin,S,S,yes,yes,yes,yes,raw-read call is authoritative; assembly is support-only
ZENODO_10369064,S06,levofloxacin,S,S,yes,yes,yes,yes,raw-read call is authoritative; assembly is support-only
ZENODO_10369064,S07,clarithromycin,S,S,yes,yes,yes,yes,raw-read call is authoritative; assembly is support-only
ZENODO_10369064,S07,levofloxacin,R,R,yes,yes,yes,yes,raw-read call is authoritative; assembly is support-only
ZENODO_10369064,S08,clarithromycin,S,S,yes,yes,yes,yes,raw-read call is authoritative; assembly is support-only
ZENODO_10369064,S08,levofloxacin,R,R,yes,yes,yes,yes,raw-read call is authoritative; assembly is support-only
ZENODO_10369064,S09,clarithromycin,S,S,yes,yes,yes,yes,raw-read call is authoritative; assembly is support-only
ZENODO_10369064,S09,levofloxacin,UNCALLABLE,S,no,yes,no,,raw-read call is authoritative; assembly is support-only
ZENODO_10369064,S10,clarithromycin,R,R,yes,yes,yes,yes,raw-read call is authoritative; assembly is support-only
ZENODO_10369064,S10,levofloxacin,R,R,yes,yes,yes,yes,raw-read call is authoritative; assembly is support-only
ZENODO_10369064,S11,clarithromycin,S,S,yes,yes,yes,yes,raw-read call is authoritative; assembly is support-only
ZENODO_10369064,S11,levofloxacin,S,S,yes,yes,yes,yes,raw-read call is authoritative; assembly is support-only
ZENODO_10369064,S12,clarithromycin,R,R,yes,yes,yes,yes,raw-read call is authoritative; assembly is support-only
ZENODO_10369064,S12,levofloxacin,S,S,yes,yes,yes,yes,raw-read call is authoritative; assembly is support-only
ZENODO_10369064,S13,clarithromycin,S,S,yes,yes,yes,yes,raw-read call is authoritative; assembly is support-only
ZENODO_10369064,S13,levofloxacin,S,S,yes,yes,yes,yes,raw-read call is authoritative; assembly is support-only
ZENODO_10369064,S14,clarithromycin,S,S,yes,yes,yes,yes,raw-read call is authoritative; assembly is support-only
ZENODO_10369064,S14,levofloxacin,R,R,yes,yes,yes,yes,raw-read call is authoritative; assembly is support-only
ZENODO_10369064,S15,clarithromycin,R,R,yes,yes,yes,yes,raw-read call is authoritative; assembly is support-only
ZENODO_10369064,S15,levofloxacin,S,S,yes,yes,yes,yes,raw-read call is authoritative; assembly is support-only
ZENODO_10369064,S16,clarithromycin,S,S,yes,yes,yes,yes,raw-read call is authoritative; assembly is support-only
ZENODO_10369064,S16,levofloxacin,R,R,yes,yes,yes,yes,raw-read call is authoritative; assembly is support-only
ZENODO_10369064,S17,clarithromycin,S,S,yes,yes,yes,yes,raw-read call is authoritative; assembly is support-only
ZENODO_10369064,S17,levofloxacin,S,S,yes,yes,yes,yes,raw-read call is authoritative; assembly is support-only
ZENODO_10369064,S18,clarithromycin,S,S,yes,yes,yes,yes,raw-read call is authoritative; assembly is support-only
ZENODO_10369064,S18,levofloxacin,S,S,yes,yes,yes,yes,raw-read call is authoritative; assembly is support-only
ZENODO_10369064,S19,clarithromycin,R,R,yes,yes,yes,yes,raw-read call is authoritative; assembly is support-only
ZENODO_10369064,S19,levofloxacin,R,R,yes,yes,yes,yes,raw-read call is authoritative; assembly is support-only
ZENODO_10369064,S20,clarithromycin,R,R,yes,yes,yes,yes,raw-read call is authoritative; assembly is support-only
ZENODO_10369064,S20,levofloxacin,S,S,yes,yes,yes,yes,raw-read call is authoritative; assembly is support-only
ZENODO_10369064,S21,clarithromycin,R,UNCALLABLE,yes,no,no,,raw-read call is authoritative; assembly is support-only
ZENODO_10369064,S21,levofloxacin,S,UNCALLABLE,yes,no,no,,raw-read call is authoritative; assembly is support-only
ZENODO_10369064,S23,clarithromycin,S,S,yes,yes,yes,yes,raw-read call is authoritative; assembly is support-only
ZENODO_10369064,S23,levofloxacin,R,R,yes,yes,yes,yes,raw-read call is authoritative; assembly is support-only
ZENODO_10369064,S24,clarithromycin,S,S,yes,yes,yes,yes,raw-read call is authoritative; assembly is support-only
ZENODO_10369064,S24,levofloxacin,S,S,yes,yes,yes,yes,raw-read call is authoritative; assembly is support-only
ZENODO_10369064,S25,clarithromycin,S,S,yes,yes,yes,yes,raw-read call is authoritative; assembly is support-only
ZENODO_10369064,S25,levofloxacin,S,S,yes,yes,yes,yes,raw-read call is authoritative; assembly is support-only
ZENODO_10369064,S26,clarithromycin,S,S,yes,yes,yes,yes,raw-read call is authoritative; assembly is support-only
ZENODO_10369064,S26,levofloxacin,S,S,yes,yes,yes,yes,raw-read call is authoritative; assembly is support-only
ZENODO_10369064,S27,clarithromycin,R,UNCALLABLE,yes,no,no,,raw-read call is authoritative; assembly is support-only
ZENODO_10369064,S27,levofloxacin,UNCALLABLE,UNCALLABLE,no,no,no,,raw-read call is authoritative; assembly is support-only
ZENODO_10369064,S28,clarithromycin,R,R,yes,yes,yes,yes,raw-read call is authoritative; assembly is support-only
ZENODO_10369064,S28,levofloxacin,S,S,yes,yes,yes,yes,raw-read call is authoritative; assembly is support-only
ZENODO_10369064,S29,clarithromycin,S,S,yes,yes,yes,yes,raw-read call is authoritative; assembly is support-only
ZENODO_10369064,S29,levofloxacin,R,R,yes,yes,yes,yes,raw-read call is authoritative; assembly is support-only
ZENODO_10369064,S30,clarithromycin,S,S,yes,yes,yes,yes,raw-read call is authoritative; assembly is support-only
ZENODO_10369064,S30,levofloxacin,S,S,yes,yes,yes,yes,raw-read call is authoritative; assembly is support-only
ZENODO_10369064,S31,clarithromycin,S,S,yes,yes,yes,yes,raw-read call is authoritative; assembly is support-only
ZENODO_10369064,S31,levofloxacin,S,S,yes,yes,yes,yes,raw-read call is authoritative; assembly is support-only
ZENODO_10369064,S32,clarithromycin,R,R,yes,yes,yes,yes,raw-read call is authoritative; assembly is support-only
ZENODO_10369064,S32,levofloxacin,R,R,yes,yes,yes,yes,raw-read call is authoritative; assembly is support-only
ZENODO_10369064,S33,clarithromycin,S,UNCALLABLE,yes,no,no,,raw-read call is authoritative; assembly is support-only
ZENODO_10369064,S33,levofloxacin,UNCALLABLE,UNCALLABLE,no,no,no,,raw-read call is authoritative; assembly is support-only
ZENODO_10369064,S34,clarithromycin,R,R,yes,yes,yes,yes,raw-read call is authoritative; assembly is support-only
ZENODO_10369064,S34,levofloxacin,S,S,yes,yes,yes,yes,raw-read call is authoritative; assembly is support-only
ZENODO_10369064,S35,clarithromycin,S,S,yes,yes,yes,yes,raw-read call is authoritative; assembly is support-only
ZENODO_10369064,S35,levofloxacin,S,S,yes,yes,yes,yes,raw-read call is authoritative; assembly is support-only
ZENODO_10369064,S36,clarithromycin,S,S,yes,yes,yes,yes,raw-read call is authoritative; assembly is support-only
ZENODO_10369064,S36,levofloxacin,S,S,yes,yes,yes,yes,raw-read call is authoritative; assembly is support-only
ZENODO_10369064,S37,clarithromycin,S,S,yes,yes,yes,yes,raw-read call is authoritative; assembly is support-only
ZENODO_10369064,S37,levofloxacin,S,S,yes,yes,yes,yes,raw-read call is authoritative; assembly is support-only
ZENODO_10369064,S39,clarithromycin,R,R,yes,yes,yes,yes,raw-read call is authoritative; assembly is support-only
ZENODO_10369064,S39,levofloxacin,R,R,yes,yes,yes,yes,raw-read call is authoritative; assembly is support-only
ZENODO_10369064,S41,clarithromycin,S,S,yes,yes,yes,yes,raw-read call is authoritative; assembly is support-only
ZENODO_10369064,S41,levofloxacin,S,S,yes,yes,yes,yes,raw-read call is authoritative; assembly is support-only
ZENODO_10369064,S42,clarithromycin,R,R,yes,yes,yes,yes,raw-read call is authoritative; assembly is support-only
ZENODO_10369064,S42,levofloxacin,R,UNCALLABLE,yes,no,no,,raw-read call is authoritative; assembly is support-only
ZENODO_10369064,S43,clarithromycin,R,R,yes,yes,yes,yes,raw-read call is authoritative; assembly is support-only
ZENODO_10369064,S43,levofloxacin,R,R,yes,yes,yes,yes,raw-read call is authoritative; assembly is support-only
ZENODO_10369064,S45,clarithromycin,R,R,yes,yes,yes,yes,raw-read call is authoritative; assembly is support-only
ZENODO_10369064,S45,levofloxacin,R,R,yes,yes,yes,yes,raw-read call is authoritative; assembly is support-only
ZENODO_10369064,S46,clarithromycin,R,R,yes,yes,yes,yes,raw-read call is authoritative; assembly is support-only
ZENODO_10369064,S46,levofloxacin,UNCALLABLE,S,no,yes,no,,raw-read call is authoritative; assembly is support-only
ZENODO_10369064,S47,clarithromycin,S,UNCALLABLE,yes,no,no,,raw-read call is authoritative; assembly is support-only
ZENODO_10369064,S47,levofloxacin,R,UNCALLABLE,yes,no,no,,raw-read call is authoritative; assembly is support-only
ZENODO_10369064,S48,clarithromycin,R,R,yes,yes,yes,yes,raw-read call is authoritative; assembly is support-only
ZENODO_10369064,S48,levofloxacin,R,R,yes,yes,yes,yes,raw-read call is authoritative; assembly is support-only
ZENODO_10369064,S49,clarithromycin,S,S,yes,yes,yes,yes,raw-read call is authoritative; assembly is support-only
ZENODO_10369064,S49,levofloxacin,S,S,yes,yes,yes,yes,raw-read call is authoritative; assembly is support-only
ZENODO_10369064,S50,clarithromycin,S,S,yes,yes,yes,yes,raw-read call is authoritative; assembly is support-only
ZENODO_10369064,S50,levofloxacin,S,S,yes,yes,yes,yes,raw-read call is authoritative; assembly is support-only
ZENODO_10369064,S52,clarithromycin,R,UNCALLABLE,yes,no,no,,raw-read call is authoritative; assembly is support-only
ZENODO_10369064,S52,levofloxacin,R,R,yes,yes,yes,yes,raw-read call is authoritative; assembly is support-only
ZENODO_10369064,S54,clarithromycin,S,UNCALLABLE,yes,no,no,,raw-read call is authoritative; assembly is support-only
ZENODO_10369064,S54,levofloxacin,UNCALLABLE,UNCALLABLE,no,no,no,,raw-read call is authoritative; assembly is support-only
ZENODO_10369064,S55,clarithromycin,S,S,yes,yes,yes,yes,raw-read call is authoritative; assembly is support-only
ZENODO_10369064,S55,levofloxacin,S,S,yes,yes,yes,yes,raw-read call is authoritative; assembly is support-only
ZENODO_10369064,S56,clarithromycin,R,R,yes,yes,yes,yes,raw-read call is authoritative; assembly is support-only
ZENODO_10369064,S56,levofloxacin,S,S,yes,yes,yes,yes,raw-read call is authoritative; assembly is support-only
ZENODO_10369064,S57,clarithromycin,S,S,yes,yes,yes,yes,raw-read call is authoritative; assembly is support-only
ZENODO_10369064,S57,levofloxacin,S,S,yes,yes,yes,yes,raw-read call is authoritative; assembly is support-only
ZENODO_10369064,S58,clarithromycin,S,UNCALLABLE,yes,no,no,,raw-read call is authoritative; assembly is support-only
ZENODO_10369064,S58,levofloxacin,S,UNCALLABLE,yes,no,no,,raw-read call is authoritative; assembly is support-only
ZENODO_10369064,S64,clarithromycin,S,S,yes,yes,yes,yes,raw-read call is authoritative; assembly is support-only
ZENODO_10369064,S64,levofloxacin,UNCALLABLE,S,no,yes,no,,raw-read call is authoritative; assembly is support-only
