dataset_id,isolate_id,accession,assembly_path,contigs,assembly_size_bp,n50_bp,longest_contig_bp,gc_percent,ambiguous_bases,size_gate,contig_gate,completeness_percent,contamination_percent,species_confirmation,basic_qc_status
CHINA_NINGXIA_2022,SHZY01,GCA_021063165.1,data/assemblies/CHINA_NINGXIA_2022/SHZY01.fna,21,1551021,115353,413133,38.82791,0,PASS,PASS,NOT_COMPUTED,NOT_COMPUTED,NCBI_H_PYLORI_RECORD,PASS
CHINA_NINGXIA_2022,SHZY02,GCA_021063185.1,data/assemblies/CHINA_NINGXIA_2022/SHZY02.fna,26,1566333,70570,274193,38.72382,0,PASS,PASS,NOT_COMPUTED,NOT_COMPUTED,NCBI_H_PYLORI_RECORD,PASS
CHINA_NINGXIA_2022,SHZY03,GCA_021063205.1,data/assemblies/CHINA_NINGXIA_2022/SHZY03.fna,26,1590162,110135,193265,38.69656,0,PASS,PASS,NOT_COMPUTED,NOT_COMPUTED,NCBI_H_PYLORI_RECORD,PASS
CHINA_NINGXIA_2022,SHZY04,GCA_021063145.1,data/assemblies/CHINA_NINGXIA_2022/SHZY04.fna,27,1529607,69535,332543,38.86364,0,PASS,PASS,NOT_COMPUTED,NOT_COMPUTED,NCBI_H_PYLORI_RECORD,PASS
CHINA_NINGXIA_2022,SHZY05,GCA_021063065.1,data/assemblies/CHINA_NINGXIA_2022/SHZY05.fna,22,1569993,138260,330555,38.71616,0,PASS,PASS,NOT_COMPUTED,NOT_COMPUTED,NCBI_H_PYLORI_RECORD,PASS
CHINA_NINGXIA_2022,SHZY06,GCA_021063045.1,data/assemblies/CHINA_NINGXIA_2022/SHZY06.fna,21,1541844,110147,328836,38.85892,0,PASS,PASS,NOT_COMPUTED,NOT_COMPUTED,NCBI_H_PYLORI_RECORD,PASS
CHINA_NINGXIA_2022,SHZY07,GCA_021063075.1,data/assemblies/CHINA_NINGXIA_2022/SHZY07.fna,41,1639833,83159,236745,38.52642,0,PASS,PASS,NOT_COMPUTED,NOT_COMPUTED,NCBI_H_PYLORI_RECORD,PASS
CHINA_NINGXIA_2022,SHZY08,GCA_021063105.1,data/assemblies/CHINA_NINGXIA_2022/SHZY08.fna,63,1782925,48857,199520,38.11389,0,PASS,PASS,NOT_COMPUTED,NOT_COMPUTED,NCBI_H_PYLORI_RECORD,PASS
CHINA_NINGXIA_2022,SHZY09,GCA_021063005.1,data/assemblies/CHINA_NINGXIA_2022/SHZY09.fna,27,1672271,104855,615399,38.436,0,PASS,PASS,NOT_COMPUTED,NOT_COMPUTED,NCBI_H_PYLORI_RECORD,PASS
CHINA_NINGXIA_2022,SHZY10,GCA_021062955.1,data/assemblies/CHINA_NINGXIA_2022/SHZY10.fna,24,1588355,105934,229445,38.73404,0,PASS,PASS,NOT_COMPUTED,NOT_COMPUTED,NCBI_H_PYLORI_RECORD,PASS
CHINA_NINGXIA_2022,SHZY11,GCA_021062825.1,data/assemblies/CHINA_NINGXIA_2022/SHZY11.fna,18,1601976,165371,653009,38.69078,0,PASS,PASS,NOT_COMPUTED,NOT_COMPUTED,NCBI_H_PYLORI_RECORD,PASS
CHINA_NINGXIA_2022,SHZY12,GCA_021062895.1,data/assemblies/CHINA_NINGXIA_2022/SHZY12.fna,30,1585371,158457,277443,38.67385,0,PASS,PASS,NOT_COMPUTED,NOT_COMPUTED,NCBI_H_PYLORI_RECORD,PASS
CHINA_NINGXIA_2022,SHZY13,GCA_021062925.1,data/assemblies/CHINA_NINGXIA_2022/SHZY13.fna,29,1617686,146825,221361,38.58783,0,PASS,PASS,NOT_COMPUTED,NOT_COMPUTED,NCBI_H_PYLORI_RECORD,PASS
CHINA_NINGXIA_2022,SHZY14,GCA_021062885.1,data/assemblies/CHINA_NINGXIA_2022/SHZY14.fna,25,1593710,157496,354807,38.71156,0,PASS,PASS,NOT_COMPUTED,NOT_COMPUTED,NCBI_H_PYLORI_RECORD,PASS
CHINA_NINGXIA_2022,SHZY15,GCA_021062785.1,data/assemblies/CHINA_NINGXIA_2022/SHZY15.fna,40,1616448,57516,641228,38.55936,0,PASS,PASS,NOT_COMPUTED,NOT_COMPUTED,NCBI_H_PYLORI_RECORD,PASS
CHINA_NINGXIA_2022,SHZY16,GCA_021062665.1,data/assemblies/CHINA_NINGXIA_2022/SHZY16.fna,30,1568539,69230,239249,38.81593,0,PASS,PASS,NOT_COMPUTED,NOT_COMPUTED,NCBI_H_PYLORI_RECORD,PASS
CHINA_NINGXIA_2022,SHZY17,GCA_021062695.1,data/assemblies/CHINA_NINGXIA_2022/SHZY17.fna,22,1584839,107342,363182,38.7734,0,PASS,PASS,NOT_COMPUTED,NOT_COMPUTED,NCBI_H_PYLORI_RECORD,PASS
CHINA_NINGXIA_2022,SHZY18,GCA_021062715.1,data/assemblies/CHINA_NINGXIA_2022/SHZY18.fna,56,1593512,45509,168501,38.6838,0,PASS,PASS,NOT_COMPUTED,NOT_COMPUTED,NCBI_H_PYLORI_RECORD,PASS
CHINA_NINGXIA_2022,SHZY19,GCA_021062735.1,data/assemblies/CHINA_NINGXIA_2022/SHZY19.fna,32,1671996,93349,255604,38.92934,0,PASS,PASS,NOT_COMPUTED,NOT_COMPUTED,NCBI_H_PYLORI_RECORD,PASS
CHINA_NINGXIA_2022,SHZY20,GCA_021062685.1,data/assemblies/CHINA_NINGXIA_2022/SHZY20.fna,77,1506130,26024,95793,38.26336,0,PASS,PASS,NOT_COMPUTED,NOT_COMPUTED,NCBI_H_PYLORI_RECORD,PASS
CHINA_NINGXIA_2022,SHZY21,GCA_021062645.1,data/assemblies/CHINA_NINGXIA_2022/SHZY21.fna,35,1554315,81133,193853,38.8236,0,PASS,PASS,NOT_COMPUTED,NOT_COMPUTED,NCBI_H_PYLORI_RECORD,PASS
CHINA_NINGXIA_2022,SHZY22,GCA_021062625.1,data/assemblies/CHINA_NINGXIA_2022/SHZY22.fna,28,1659604,105999,291820,38.47315,0,PASS,PASS,NOT_COMPUTED,NOT_COMPUTED,NCBI_H_PYLORI_RECORD,PASS
CHINA_NINGXIA_2022,SHZY23,GCA_021062605.1,data/assemblies/CHINA_NINGXIA_2022/SHZY23.fna,21,1626267,164524,653100,38.62785,0,PASS,PASS,NOT_COMPUTED,NOT_COMPUTED,NCBI_H_PYLORI_RECORD,PASS
CHINA_NINGXIA_2022,SHZY24,GCA_021062585.1,data/assemblies/CHINA_NINGXIA_2022/SHZY24.fna,37,1670809,72572,333023,38.27631,0,PASS,PASS,NOT_COMPUTED,NOT_COMPUTED,NCBI_H_PYLORI_RECORD,PASS
CHINA_NINGXIA_2022,SHZY25,GCA_021062565.1,data/assemblies/CHINA_NINGXIA_2022/SHZY25.fna,24,1695247,106470,371085,38.69,0,PASS,PASS,NOT_COMPUTED,NOT_COMPUTED,NCBI_H_PYLORI_RECORD,PASS
CHINA_NINGXIA_2022,SHZY26,GCA_021062545.1,data/assemblies/CHINA_NINGXIA_2022/SHZY26.fna,19,1587636,107682,549291,38.66403,0,PASS,PASS,NOT_COMPUTED,NOT_COMPUTED,NCBI_H_PYLORI_RECORD,PASS
CHINA_NINGXIA_2022,SHZY27,GCA_021062525.1,data/assemblies/CHINA_NINGXIA_2022/SHZY27.fna,28,1585070,59689,229195,38.71059,0,PASS,PASS,NOT_COMPUTED,NOT_COMPUTED,NCBI_H_PYLORI_RECORD,PASS
CHINA_NINGXIA_2022,SHZY28,GCA_021062485.1,data/assemblies/CHINA_NINGXIA_2022/SHZY28.fna,21,1623431,107470,533227,38.6593,0,PASS,PASS,NOT_COMPUTED,NOT_COMPUTED,NCBI_H_PYLORI_RECORD,PASS
CHINA_NINGXIA_2022,SHZY29,GCA_021062435.1,data/assemblies/CHINA_NINGXIA_2022/SHZY29.fna,16,1549400,211325,332973,38.83994,0,PASS,PASS,NOT_COMPUTED,NOT_COMPUTED,NCBI_H_PYLORI_RECORD,PASS
CHINA_NINGXIA_2022,SHZY30,GCA_021060485.1,data/assemblies/CHINA_NINGXIA_2022/SHZY30.fna,16,1566046,174274,489905,38.72421,0,PASS,PASS,NOT_COMPUTED,NOT_COMPUTED,NCBI_H_PYLORI_RECORD,PASS
CHINA_NINGXIA_2022,SHZY31,GCA_021062495.1,data/assemblies/CHINA_NINGXIA_2022/SHZY31.fna,20,1589338,168670,419998,38.64269,0,PASS,PASS,NOT_COMPUTED,NOT_COMPUTED,NCBI_H_PYLORI_RECORD,PASS
CHINA_NINGXIA_2022,SHZY32,GCA_021062425.1,data/assemblies/CHINA_NINGXIA_2022/SHZY32.fna,33,1531190,66226,168341,38.88812,0,PASS,PASS,NOT_COMPUTED,NOT_COMPUTED,NCBI_H_PYLORI_RECORD,PASS
CHINA_NINGXIA_2022,SHZY33,GCA_021062305.1,data/assemblies/CHINA_NINGXIA_2022/SHZY33.fna,25,1591142,122206,240470,38.63816,0,PASS,PASS,NOT_COMPUTED,NOT_COMPUTED,NCBI_H_PYLORI_RECORD,PASS
CHINA_NINGXIA_2022,SHZY34,GCA_021062335.1,data/assemblies/CHINA_NINGXIA_2022/SHZY34.fna,15,1592319,158277,378052,38.70449,0,PASS,PASS,NOT_COMPUTED,NOT_COMPUTED,NCBI_H_PYLORI_RECORD,PASS
CHINA_NINGXIA_2022,SHZY35,GCA_021062375.1,data/assemblies/CHINA_NINGXIA_2022/SHZY35.fna,21,1626393,88750,275837,38.53601,0,PASS,PASS,NOT_COMPUTED,NOT_COMPUTED,NCBI_H_PYLORI_RECORD,PASS
CHINA_NINGXIA_2022,SHZY36,GCA_021062265.1,data/assemblies/CHINA_NINGXIA_2022/SHZY36.fna,25,1572034,104201,311817,38.73059,0,PASS,PASS,NOT_COMPUTED,NOT_COMPUTED,NCBI_H_PYLORI_RECORD,PASS
CHINA_NINGXIA_2022,SHZY37,GCA_021062245.1,data/assemblies/CHINA_NINGXIA_2022/SHZY37.fna,20,1528158,165933,466565,38.88027,0,PASS,PASS,NOT_COMPUTED,NOT_COMPUTED,NCBI_H_PYLORI_RECORD,PASS
CHINA_NINGXIA_2022,SHZY38,GCA_021062135.1,data/assemblies/CHINA_NINGXIA_2022/SHZY38.fna,43,1697563,65226,201594,38.59197,0,PASS,PASS,NOT_COMPUTED,NOT_COMPUTED,NCBI_H_PYLORI_RECORD,PASS
CHINA_NINGXIA_2022,SHZY39,GCA_021062165.1,data/assemblies/CHINA_NINGXIA_2022/SHZY39.fna,31,1588684,83920,160145,38.69914,0,PASS,PASS,NOT_COMPUTED,NOT_COMPUTED,NCBI_H_PYLORI_RECORD,PASS
CHINA_NINGXIA_2022,SHZY40,GCA_021062125.1,data/assemblies/CHINA_NINGXIA_2022/SHZY40.fna,23,1580448,98468,308322,38.6665,0,PASS,PASS,NOT_COMPUTED,NOT_COMPUTED,NCBI_H_PYLORI_RECORD,PASS
CHINA_NINGXIA_2022,SHZY41,GCA_021062105.1,data/assemblies/CHINA_NINGXIA_2022/SHZY41.fna,36,1614687,87781,249973,38.67356,0,PASS,PASS,NOT_COMPUTED,NOT_COMPUTED,NCBI_H_PYLORI_RECORD,PASS
CHINA_NINGXIA_2022,SHZY42,GCA_021061965.1,data/assemblies/CHINA_NINGXIA_2022/SHZY42.fna,27,1573102,93797,333220,38.71936,0,PASS,PASS,NOT_COMPUTED,NOT_COMPUTED,NCBI_H_PYLORI_RECORD,PASS
CHINA_NINGXIA_2022,SHZY43,GCA_021062005.1,data/assemblies/CHINA_NINGXIA_2022/SHZY43.fna,19,1579207,109147,318143,38.68182,0,PASS,PASS,NOT_COMPUTED,NOT_COMPUTED,NCBI_H_PYLORI_RECORD,PASS
CHINA_NINGXIA_2022,SHZY44,GCA_021061945.1,data/assemblies/CHINA_NINGXIA_2022/SHZY44.fna,20,1541999,181875,352473,38.83556,0,PASS,PASS,NOT_COMPUTED,NOT_COMPUTED,NCBI_H_PYLORI_RECORD,PASS
CHINA_NINGXIA_2022,SHZY45,GCA_021061975.1,data/assemblies/CHINA_NINGXIA_2022/SHZY45.fna,20,1639179,105784,213348,38.74525,0,PASS,PASS,NOT_COMPUTED,NOT_COMPUTED,NCBI_H_PYLORI_RECORD,PASS
CHINA_NINGXIA_2022,SHZY46,GCA_021061905.1,data/assemblies/CHINA_NINGXIA_2022/SHZY46.fna,17,1613577,161898,360199,38.63918,0,PASS,PASS,NOT_COMPUTED,NOT_COMPUTED,NCBI_H_PYLORI_RECORD,PASS
CHINA_NINGXIA_2022,SHZY47,GCA_021061915.1,data/assemblies/CHINA_NINGXIA_2022/SHZY47.fna,22,1580613,123422,358766,38.70429,0,PASS,PASS,NOT_COMPUTED,NOT_COMPUTED,NCBI_H_PYLORI_RECORD,PASS
CHINA_NINGXIA_2022,SHZY48,GCA_021061845.1,data/assemblies/CHINA_NINGXIA_2022/SHZY48.fna,22,1638097,111929,560012,38.54125,0,PASS,PASS,NOT_COMPUTED,NOT_COMPUTED,NCBI_H_PYLORI_RECORD,PASS
CHINA_NINGXIA_2022,SHZY49,GCA_021061875.1,data/assemblies/CHINA_NINGXIA_2022/SHZY49.fna,31,1550265,79350,213316,38.69816,0,PASS,PASS,NOT_COMPUTED,NOT_COMPUTED,NCBI_H_PYLORI_RECORD,PASS
CHINA_NINGXIA_2022,SHZY50,GCA_021061865.1,data/assemblies/CHINA_NINGXIA_2022/SHZY50.fna,16,1552437,115003,430132,38.83166,0,PASS,PASS,NOT_COMPUTED,NOT_COMPUTED,NCBI_H_PYLORI_RECORD,PASS
CHINA_NINGXIA_2022,SHZY51,GCA_021061825.1,data/assemblies/CHINA_NINGXIA_2022/SHZY51.fna,21,1572998,119798,347155,38.73489,0,PASS,PASS,NOT_COMPUTED,NOT_COMPUTED,NCBI_H_PYLORI_RECORD,PASS
CHINA_NINGXIA_2022,SHZY52,GCA_021061765.1,data/assemblies/CHINA_NINGXIA_2022/SHZY52.fna,26,1543625,75612,240948,38.84091,0,PASS,PASS,NOT_COMPUTED,NOT_COMPUTED,NCBI_H_PYLORI_RECORD,PASS
CHINA_NINGXIA_2022,SHZY53,GCA_021061745.1,data/assemblies/CHINA_NINGXIA_2022/SHZY53.fna,28,1521966,70171,314703,38.82064,0,PASS,PASS,NOT_COMPUTED,NOT_COMPUTED,NCBI_H_PYLORI_RECORD,PASS
CHINA_NINGXIA_2022,SHZY54,GCA_021060345.1,data/assemblies/CHINA_NINGXIA_2022/SHZY54.fna,29,1611499,102687,359622,38.61225,0,PASS,PASS,NOT_COMPUTED,NOT_COMPUTED,NCBI_H_PYLORI_RECORD,PASS
CHINA_NINGXIA_2022,SHZY55,GCA_021060405.1,data/assemblies/CHINA_NINGXIA_2022/SHZY55.fna,28,1565253,94829,302415,38.83954,0,PASS,PASS,NOT_COMPUTED,NOT_COMPUTED,NCBI_H_PYLORI_RECORD,PASS
CHINA_NINGXIA_2022,SHZY56,GCA_021060385.1,data/assemblies/CHINA_NINGXIA_2022/SHZY56.fna,94,1603341,20543,67568,38.56584,0,PASS,PASS,NOT_COMPUTED,NOT_COMPUTED,NCBI_H_PYLORI_RECORD,PASS
CHINA_NINGXIA_2022,SHZY57,GCA_021060365.1,data/assemblies/CHINA_NINGXIA_2022/SHZY57.fna,27,1606565,80104,204316,38.65695,0,PASS,PASS,NOT_COMPUTED,NOT_COMPUTED,NCBI_H_PYLORI_RECORD,PASS
CHINA_NINGXIA_2022,SHZY58,GCA_021061785.1,data/assemblies/CHINA_NINGXIA_2022/SHZY58.fna,110,1587876,18596,56303,38.42044,0,PASS,PASS,NOT_COMPUTED,NOT_COMPUTED,NCBI_H_PYLORI_RECORD,PASS
CHINA_NINGXIA_2022,SHZY59,GCA_021060425.1,data/assemblies/CHINA_NINGXIA_2022/SHZY59.fna,25,1575531,144053,234013,38.7145,0,PASS,PASS,NOT_COMPUTED,NOT_COMPUTED,NCBI_H_PYLORI_RECORD,PASS
CHINA_NINGXIA_2022,SHZY60,GCA_021061795.1,data/assemblies/CHINA_NINGXIA_2022/SHZY60.fna,22,1582057,110467,377491,38.75821,0,PASS,PASS,NOT_COMPUTED,NOT_COMPUTED,NCBI_H_PYLORI_RECORD,PASS
HPGP_GLOBAL,ALG-001,GCA_034693425.1,data/assemblies/HPGP_GLOBAL/ALG-001.fna,1,1631355,1631355,1631355,38.93451,0,PASS,PASS,NOT_COMPUTED,NOT_COMPUTED,NCBI_H_PYLORI_RECORD,PASS
HPGP_GLOBAL,ALG-002,GCA_034692205.1,data/assemblies/HPGP_GLOBAL/ALG-002.fna,1,1636597,1636597,1636597,39.01064,0,PASS,PASS,NOT_COMPUTED,NOT_COMPUTED,NCBI_H_PYLORI_RECORD,PASS
HPGP_GLOBAL,ALG-003,GCA_034691725.1,data/assemblies/HPGP_GLOBAL/ALG-003.fna,1,1653596,1653596,1653596,38.97203,0,PASS,PASS,NOT_COMPUTED,NOT_COMPUTED,NCBI_H_PYLORI_RECORD,PASS
HPGP_GLOBAL,ALG-004,GCA_034692485.1,data/assemblies/HPGP_GLOBAL/ALG-004.fna,1,1636089,1636089,1636089,38.98131,0,PASS,PASS,NOT_COMPUTED,NOT_COMPUTED,NCBI_H_PYLORI_RECORD,PASS
HPGP_GLOBAL,ALG-005,GCA_034691625.1,data/assemblies/HPGP_GLOBAL/ALG-005.fna,1,1563520,1563520,1563520,39.21843,0,PASS,PASS,NOT_COMPUTED,NOT_COMPUTED,NCBI_H_PYLORI_RECORD,PASS
HPGP_GLOBAL,ALG-007,GCA_034690485.1,data/assemblies/HPGP_GLOBAL/ALG-007.fna,1,1612412,1612412,1612412,39.02663,0,PASS,PASS,NOT_COMPUTED,NOT_COMPUTED,NCBI_H_PYLORI_RECORD,PASS
HPGP_GLOBAL,ALG-008,GCA_034689985.1,data/assemblies/HPGP_GLOBAL/ALG-008.fna,1,1641827,1641827,1641827,38.98468,0,PASS,PASS,NOT_COMPUTED,NOT_COMPUTED,NCBI_H_PYLORI_RECORD,PASS
HPGP_GLOBAL,ALG-009,GCA_034689205.1,data/assemblies/HPGP_GLOBAL/ALG-009.fna,1,1584247,1584247,1584247,39.1242,0,PASS,PASS,NOT_COMPUTED,NOT_COMPUTED,NCBI_H_PYLORI_RECORD,PASS
HPGP_GLOBAL,ALG-010,GCA_034688185.1,data/assemblies/HPGP_GLOBAL/ALG-010.fna,1,1629562,1629562,1629562,39.00717,0,PASS,PASS,NOT_COMPUTED,NOT_COMPUTED,NCBI_H_PYLORI_RECORD,PASS
HPGP_GLOBAL,ARG-001,GCA_034687045.1,data/assemblies/HPGP_GLOBAL/ARG-001.fna,1,1624657,1624657,1624657,39.02024,0,PASS,PASS,NOT_COMPUTED,NOT_COMPUTED,NCBI_H_PYLORI_RECORD,PASS
HPGP_GLOBAL,ARG-002,GCA_034697585.1,data/assemblies/HPGP_GLOBAL/ARG-002.fna,1,1639097,1639097,1639097,39.0116,0,PASS,PASS,NOT_COMPUTED,NOT_COMPUTED,NCBI_H_PYLORI_RECORD,PASS
HPGP_GLOBAL,ARG-003,GCA_034686345.1,data/assemblies/HPGP_GLOBAL/ARG-003.fna,1,1614729,1614729,1614729,39.00054,0,PASS,PASS,NOT_COMPUTED,NOT_COMPUTED,NCBI_H_PYLORI_RECORD,PASS
HPGP_GLOBAL,ARG-004,GCA_034685685.1,data/assemblies/HPGP_GLOBAL/ARG-004.fna,1,1564050,1564050,1564050,39.19715,0,PASS,PASS,NOT_COMPUTED,NOT_COMPUTED,NCBI_H_PYLORI_RECORD,PASS
HPGP_GLOBAL,ARG-005,GCA_034685225.1,data/assemblies/HPGP_GLOBAL/ARG-005.fna,1,1621840,1621840,1621840,38.98837,0,PASS,PASS,NOT_COMPUTED,NOT_COMPUTED,NCBI_H_PYLORI_RECORD,PASS
HPGP_GLOBAL,ARG-006,GCA_034684225.1,data/assemblies/HPGP_GLOBAL/ARG-006.fna,1,1616607,1616607,1616607,39.15194,0,PASS,PASS,NOT_COMPUTED,NOT_COMPUTED,NCBI_H_PYLORI_RECORD,PASS
HPGP_GLOBAL,ARG-007,GCA_034683685.1,data/assemblies/HPGP_GLOBAL/ARG-007.fna,1,1696855,1696855,1696855,38.82577,0,PASS,PASS,NOT_COMPUTED,NOT_COMPUTED,NCBI_H_PYLORI_RECORD,PASS
HPGP_GLOBAL,ARG-008,GCA_034682435.1,data/assemblies/HPGP_GLOBAL/ARG-008.fna,1,1610666,1610666,1610666,38.79904,0,PASS,PASS,NOT_COMPUTED,NOT_COMPUTED,NCBI_H_PYLORI_RECORD,PASS
HPGP_GLOBAL,ARG-009,GCA_034783535.1,data/assemblies/HPGP_GLOBAL/ARG-009.fna,1,1600015,1600015,1600015,38.80182,0,PASS,PASS,NOT_COMPUTED,NOT_COMPUTED,NCBI_H_PYLORI_RECORD,PASS
HPGP_GLOBAL,ARG-010,GCA_034781135.1,data/assemblies/HPGP_GLOBAL/ARG-010.fna,1,1612084,1612084,1612084,38.75152,0,PASS,PASS,NOT_COMPUTED,NOT_COMPUTED,NCBI_H_PYLORI_RECORD,PASS
HPGP_GLOBAL,BRA-002,GCA_034760955.1,data/assemblies/HPGP_GLOBAL/BRA-002.fna,1,1649978,1649978,1649978,39.15549,0,PASS,PASS,NOT_COMPUTED,NOT_COMPUTED,NCBI_H_PYLORI_RECORD,PASS
HPGP_GLOBAL,BRA-006,GCA_034757175.1,data/assemblies/HPGP_GLOBAL/BRA-006.fna,1,1674090,1674090,1674090,38.90137,0,PASS,PASS,NOT_COMPUTED,NOT_COMPUTED,NCBI_H_PYLORI_RECORD,PASS
HPGP_GLOBAL,BRA-009,GCA_034753475.1,data/assemblies/HPGP_GLOBAL/BRA-009.fna,1,1570607,1570607,1570607,39.22254,0,PASS,PASS,NOT_COMPUTED,NOT_COMPUTED,NCBI_H_PYLORI_RECORD,PASS
HPGP_GLOBAL,BRA-010,GCA_034753215.1,data/assemblies/HPGP_GLOBAL/BRA-010.fna,1,1676807,1676807,1676807,39.10802,0,PASS,PASS,NOT_COMPUTED,NOT_COMPUTED,NCBI_H_PYLORI_RECORD,PASS
HPGP_GLOBAL,BRA-013,GCA_034749875.1,data/assemblies/HPGP_GLOBAL/BRA-013.fna,1,1686871,1686871,1686871,38.94435,0,PASS,PASS,NOT_COMPUTED,NOT_COMPUTED,NCBI_H_PYLORI_RECORD,PASS
HPGP_GLOBAL,BRA-014,GCA_034752235.1,data/assemblies/HPGP_GLOBAL/BRA-014.fna,1,1691857,1691857,1691857,39.01057,0,PASS,PASS,NOT_COMPUTED,NOT_COMPUTED,NCBI_H_PYLORI_RECORD,PASS
HPGP_GLOBAL,BRA-017,GCA_034748115.1,data/assemblies/HPGP_GLOBAL/BRA-017.fna,1,1611056,1611056,1611056,39.02093,0,PASS,PASS,NOT_COMPUTED,NOT_COMPUTED,NCBI_H_PYLORI_RECORD,PASS
HPGP_GLOBAL,BRA-018,GCA_034747315.1,data/assemblies/HPGP_GLOBAL/BRA-018.fna,1,1660087,1660087,1660087,39.12662,0,PASS,PASS,NOT_COMPUTED,NOT_COMPUTED,NCBI_H_PYLORI_RECORD,PASS
HPGP_GLOBAL,BRA-020,GCA_034745675.1,data/assemblies/HPGP_GLOBAL/BRA-020.fna,1,1622043,1622043,1622043,39.24582,0,PASS,PASS,NOT_COMPUTED,NOT_COMPUTED,NCBI_H_PYLORI_RECORD,PASS
HPGP_GLOBAL,BRA-022,GCA_034745655.1,data/assemblies/HPGP_GLOBAL/BRA-022.fna,1,1633843,1633843,1633843,39.21423,0,PASS,PASS,NOT_COMPUTED,NOT_COMPUTED,NCBI_H_PYLORI_RECORD,PASS
HPGP_GLOBAL,BRA-023,GCA_034745635.1,data/assemblies/HPGP_GLOBAL/BRA-023.fna,1,1636227,1636227,1636227,39.14836,0,PASS,PASS,NOT_COMPUTED,NOT_COMPUTED,NCBI_H_PYLORI_RECORD,PASS
HPGP_GLOBAL,BRA-025,GCA_034745615.1,data/assemblies/HPGP_GLOBAL/BRA-025.fna,1,1658306,1658306,1658306,38.95288,0,PASS,PASS,NOT_COMPUTED,NOT_COMPUTED,NCBI_H_PYLORI_RECORD,PASS
HPGP_GLOBAL,CHI-001,GCA_034809505.1,data/assemblies/HPGP_GLOBAL/CHI-001.fna,1,1641691,1641691,1641691,38.87016,0,PASS,PASS,NOT_COMPUTED,NOT_COMPUTED,NCBI_H_PYLORI_RECORD,PASS
HPGP_GLOBAL,CHI-002,GCA_034809485.1,data/assemblies/HPGP_GLOBAL/CHI-002.fna,1,1619936,1619936,1619936,38.99339,0,PASS,PASS,NOT_COMPUTED,NOT_COMPUTED,NCBI_H_PYLORI_RECORD,PASS
HPGP_GLOBAL,CHI-004,GCA_034809465.1,data/assemblies/HPGP_GLOBAL/CHI-004.fna,1,1648441,1648441,1648441,38.97543,0,PASS,PASS,NOT_COMPUTED,NOT_COMPUTED,NCBI_H_PYLORI_RECORD,PASS
HPGP_GLOBAL,CHI-005,GCA_034809445.1,data/assemblies/HPGP_GLOBAL/CHI-005.fna,1,1663842,1663842,1663842,38.96374,0,PASS,PASS,NOT_COMPUTED,NOT_COMPUTED,NCBI_H_PYLORI_RECORD,PASS
HPGP_GLOBAL,CHI-007,GCA_034809405.1,data/assemblies/HPGP_GLOBAL/CHI-007.fna,1,1605929,1605929,1605929,38.96455,0,PASS,PASS,NOT_COMPUTED,NOT_COMPUTED,NCBI_H_PYLORI_RECORD,PASS
HPGP_GLOBAL,CHI-008,GCA_034809385.1,data/assemblies/HPGP_GLOBAL/CHI-008.fna,1,1609626,1609626,1609626,39.03863,0,PASS,PASS,NOT_COMPUTED,NOT_COMPUTED,NCBI_H_PYLORI_RECORD,PASS
HPGP_GLOBAL,CHI-010,GCA_034701225.1,data/assemblies/HPGP_GLOBAL/CHI-010.fna,1,1639546,1639546,1639546,38.95804,100,PASS,PASS,NOT_COMPUTED,NOT_COMPUTED,NCBI_H_PYLORI_RECORD,PASS
HPGP_GLOBAL,CHI-011,GCA_034809365.1,data/assemblies/HPGP_GLOBAL/CHI-011.fna,1,1710266,1710266,1710266,38.79531,0,PASS,PASS,NOT_COMPUTED,NOT_COMPUTED,NCBI_H_PYLORI_RECORD,PASS
HPGP_GLOBAL,CHI-014,GCA_034809045.1,data/assemblies/HPGP_GLOBAL/CHI-014.fna,1,1663539,1663539,1663539,38.80336,0,PASS,PASS,NOT_COMPUTED,NOT_COMPUTED,NCBI_H_PYLORI_RECORD,PASS
HPGP_GLOBAL,CHI-017,GCA_034806865.1,data/assemblies/HPGP_GLOBAL/CHI-017.fna,1,1646264,1646264,1646264,38.9217,0,PASS,PASS,NOT_COMPUTED,NOT_COMPUTED,NCBI_H_PYLORI_RECORD,PASS
HPGP_GLOBAL,CHI-018,GCA_034806065.1,data/assemblies/HPGP_GLOBAL/CHI-018.fna,1,1672193,1672193,1672193,38.80144,0,PASS,PASS,NOT_COMPUTED,NOT_COMPUTED,NCBI_H_PYLORI_RECORD,PASS
HPGP_GLOBAL,CHI-021,GCA_034805205.1,data/assemblies/HPGP_GLOBAL/CHI-021.fna,1,1703098,1703098,1703098,38.81544,0,PASS,PASS,NOT_COMPUTED,NOT_COMPUTED,NCBI_H_PYLORI_RECORD,PASS
HPGP_GLOBAL,CHI-022,GCA_034672865.1,data/assemblies/HPGP_GLOBAL/CHI-022.fna,1,1666738,1666738,1666738,38.92915,0,PASS,PASS,NOT_COMPUTED,NOT_COMPUTED,NCBI_H_PYLORI_RECORD,PASS
HPGP_GLOBAL,CHI-023,GCA_034804365.1,data/assemblies/HPGP_GLOBAL/CHI-023.fna,1,1694593,1694593,1694593,38.79775,0,PASS,PASS,NOT_COMPUTED,NOT_COMPUTED,NCBI_H_PYLORI_RECORD,PASS
HPGP_GLOBAL,CHI-024,GCA_034803245.1,data/assemblies/HPGP_GLOBAL/CHI-024.fna,1,1642516,1642516,1642516,38.93971,0,PASS,PASS,NOT_COMPUTED,NOT_COMPUTED,NCBI_H_PYLORI_RECORD,PASS
HPGP_GLOBAL,CHI-101,GCA_034672285.1,data/assemblies/HPGP_GLOBAL/CHI-101.fna,1,1663635,1663635,1663635,38.81729,0,PASS,PASS,NOT_COMPUTED,NOT_COMPUTED,NCBI_H_PYLORI_RECORD,PASS
HPGP_GLOBAL,CHI-102,GCA_034799185.1,data/assemblies/HPGP_GLOBAL/CHI-102.fna,1,1626475,1626475,1626475,38.96057,0,PASS,PASS,NOT_COMPUTED,NOT_COMPUTED,NCBI_H_PYLORI_RECORD,PASS
HPGP_GLOBAL,CHI-103,GCA_034671845.1,data/assemblies/HPGP_GLOBAL/CHI-103.fna,1,1675387,1675387,1675387,38.79784,0,PASS,PASS,NOT_COMPUTED,NOT_COMPUTED,NCBI_H_PYLORI_RECORD,PASS
HPGP_GLOBAL,CHI-104,GCA_034798345.1,data/assemblies/HPGP_GLOBAL/CHI-104.fna,1,1627884,1627884,1627884,38.86948,0,PASS,PASS,NOT_COMPUTED,NOT_COMPUTED,NCBI_H_PYLORI_RECORD,PASS
HPGP_GLOBAL,CHI-106,GCA_034796585.1,data/assemblies/HPGP_GLOBAL/CHI-106.fna,1,1609314,1609314,1609314,38.9922,0,PASS,PASS,NOT_COMPUTED,NOT_COMPUTED,NCBI_H_PYLORI_RECORD,PASS
HPGP_GLOBAL,CHI-107,GCA_034795745.1,data/assemblies/HPGP_GLOBAL/CHI-107.fna,1,1679381,1679381,1679381,38.77881,0,PASS,PASS,NOT_COMPUTED,NOT_COMPUTED,NCBI_H_PYLORI_RECORD,PASS
HPGP_GLOBAL,CHI-113,GCA_034795005.1,data/assemblies/HPGP_GLOBAL/CHI-113.fna,1,1612588,1612588,1612588,38.97009,0,PASS,PASS,NOT_COMPUTED,NOT_COMPUTED,NCBI_H_PYLORI_RECORD,PASS
HPGP_GLOBAL,CHI-114,GCA_034793895.1,data/assemblies/HPGP_GLOBAL/CHI-114.fna,1,1680447,1680447,1680447,38.83145,0,PASS,PASS,NOT_COMPUTED,NOT_COMPUTED,NCBI_H_PYLORI_RECORD,PASS
HPGP_GLOBAL,CHI-119,GCA_034790615.1,data/assemblies/HPGP_GLOBAL/CHI-119.fna,1,1687539,1687539,1687539,38.76017,0,PASS,PASS,NOT_COMPUTED,NOT_COMPUTED,NCBI_H_PYLORI_RECORD,PASS
HPGP_GLOBAL,CHI-122,GCA_034788905.1,data/assemblies/HPGP_GLOBAL/CHI-122.fna,1,1723149,1723149,1723149,38.77767,0,PASS,PASS,NOT_COMPUTED,NOT_COMPUTED,NCBI_H_PYLORI_RECORD,PASS
HPGP_GLOBAL,CHI-123,GCA_034788045.1,data/assemblies/HPGP_GLOBAL/CHI-123.fna,1,1658612,1658612,1658612,38.92459,0,PASS,PASS,NOT_COMPUTED,NOT_COMPUTED,NCBI_H_PYLORI_RECORD,PASS
HPGP_GLOBAL,CHI-124,GCA_034787205.1,data/assemblies/HPGP_GLOBAL/CHI-124.fna,1,1678636,1678636,1678636,38.85696,0,PASS,PASS,NOT_COMPUTED,NOT_COMPUTED,NCBI_H_PYLORI_RECORD,PASS
HPGP_GLOBAL,CHI-125,GCA_034786385.1,data/assemblies/HPGP_GLOBAL/CHI-125.fna,1,1701069,1701069,1701069,38.74346,0,PASS,PASS,NOT_COMPUTED,NOT_COMPUTED,NCBI_H_PYLORI_RECORD,PASS
HPGP_GLOBAL,CHI-126,GCA_034785555.1,data/assemblies/HPGP_GLOBAL/CHI-126.fna,1,1665175,1665175,1665175,38.80541,0,PASS,PASS,NOT_COMPUTED,NOT_COMPUTED,NCBI_H_PYLORI_RECORD,PASS
HPGP_GLOBAL,CHI-127,GCA_034784515.1,data/assemblies/HPGP_GLOBAL/CHI-127.fna,1,1709795,1709795,1709795,38.74078,0,PASS,PASS,NOT_COMPUTED,NOT_COMPUTED,NCBI_H_PYLORI_RECORD,PASS
HPGP_GLOBAL,CHN-001,GCA_034717015.1,data/assemblies/HPGP_GLOBAL/CHN-001.fna,1,1597930,1597930,1597930,38.78042,0,PASS,PASS,NOT_COMPUTED,NOT_COMPUTED,NCBI_H_PYLORI_RECORD,PASS
HPGP_GLOBAL,CHN-002,GCA_034715615.1,data/assemblies/HPGP_GLOBAL/CHN-002.fna,1,1583850,1583850,1583850,38.86927,0,PASS,PASS,NOT_COMPUTED,NOT_COMPUTED,NCBI_H_PYLORI_RECORD,PASS
HPGP_GLOBAL,CHN-004,GCA_034713495.1,data/assemblies/HPGP_GLOBAL/CHN-004.fna,1,1584715,1584715,1584715,38.83809,0,PASS,PASS,NOT_COMPUTED,NOT_COMPUTED,NCBI_H_PYLORI_RECORD,PASS
HPGP_GLOBAL,CHN-005,GCA_034712515.1,data/assemblies/HPGP_GLOBAL/CHN-005.fna,1,1637091,1637091,1637091,38.70689,0,PASS,PASS,NOT_COMPUTED,NOT_COMPUTED,NCBI_H_PYLORI_RECORD,PASS
HPGP_GLOBAL,CHN-009,GCA_034709195.1,data/assemblies/HPGP_GLOBAL/CHN-009.fna,1,1577879,1577879,1577879,38.82522,0,PASS,PASS,NOT_COMPUTED,NOT_COMPUTED,NCBI_H_PYLORI_RECORD,PASS
HPGP_GLOBAL,CHN-010,GCA_034707895.1,data/assemblies/HPGP_GLOBAL/CHN-010.fna,1,1650269,1650269,1650269,38.71708,0,PASS,PASS,NOT_COMPUTED,NOT_COMPUTED,NCBI_H_PYLORI_RECORD,PASS
HPGP_GLOBAL,COL-003,GCA_034858015.1,data/assemblies/HPGP_GLOBAL/COL-003.fna,1,1695443,1695443,1695443,38.97329,0,PASS,PASS,NOT_COMPUTED,NOT_COMPUTED,NCBI_H_PYLORI_RECORD,PASS
HPGP_GLOBAL,COL-005,GCA_034857625.1,data/assemblies/HPGP_GLOBAL/COL-005.fna,1,1662179,1662179,1662179,38.90062,0,PASS,PASS,NOT_COMPUTED,NOT_COMPUTED,NCBI_H_PYLORI_RECORD,PASS
HPGP_GLOBAL,COL-006,GCA_034857605.1,data/assemblies/HPGP_GLOBAL/COL-006.fna,1,1664661,1664661,1664661,38.94877,0,PASS,PASS,NOT_COMPUTED,NOT_COMPUTED,NCBI_H_PYLORI_RECORD,PASS
HPGP_GLOBAL,COL-008,GCA_034857585.1,data/assemblies/HPGP_GLOBAL/COL-008.fna,1,1665362,1665362,1665362,38.97789,0,PASS,PASS,NOT_COMPUTED,NOT_COMPUTED,NCBI_H_PYLORI_RECORD,PASS
HPGP_GLOBAL,CRI-001,GCA_034809765.1,data/assemblies/HPGP_GLOBAL/CRI-001.fna,1,1659188,1659188,1659188,38.92754,0,PASS,PASS,NOT_COMPUTED,NOT_COMPUTED,NCBI_H_PYLORI_RECORD,PASS
HPGP_GLOBAL,CRI-002,GCA_034809745.1,data/assemblies/HPGP_GLOBAL/CRI-002.fna,1,1701407,1701407,1701407,38.73053,0,PASS,PASS,NOT_COMPUTED,NOT_COMPUTED,NCBI_H_PYLORI_RECORD,PASS
HPGP_GLOBAL,CRI-004,GCA_034809705.1,data/assemblies/HPGP_GLOBAL/CRI-004.fna,1,1648254,1648254,1648254,39.10186,0,PASS,PASS,NOT_COMPUTED,NOT_COMPUTED,NCBI_H_PYLORI_RECORD,PASS
HPGP_GLOBAL,CRI-005,GCA_034809685.1,data/assemblies/HPGP_GLOBAL/CRI-005.fna,1,1736392,1736392,1736392,38.8118,0,PASS,PASS,NOT_COMPUTED,NOT_COMPUTED,NCBI_H_PYLORI_RECORD,PASS
HPGP_GLOBAL,CRI-006,GCA_034809665.1,data/assemblies/HPGP_GLOBAL/CRI-006.fna,1,1676547,1676547,1676547,38.84967,0,PASS,PASS,NOT_COMPUTED,NOT_COMPUTED,NCBI_H_PYLORI_RECORD,PASS
HPGP_GLOBAL,FRA-001,GCA_035186245.1,data/assemblies/HPGP_GLOBAL/FRA-001.fna,1,1744811,1744811,1744811,38.72265,0,PASS,PASS,NOT_COMPUTED,NOT_COMPUTED,NCBI_H_PYLORI_RECORD,PASS
HPGP_GLOBAL,FRA-002,GCA_035185585.1,data/assemblies/HPGP_GLOBAL/FRA-002.fna,1,1650725,1650725,1650725,38.80222,0,PASS,PASS,NOT_COMPUTED,NOT_COMPUTED,NCBI_H_PYLORI_RECORD,PASS
HPGP_GLOBAL,FRA-003,GCA_035182685.1,data/assemblies/HPGP_GLOBAL/FRA-003.fna,1,1601763,1601763,1601763,38.96787,0,PASS,PASS,NOT_COMPUTED,NOT_COMPUTED,NCBI_H_PYLORI_RECORD,PASS
HPGP_GLOBAL,FRA-004,GCA_035183845.1,data/assemblies/HPGP_GLOBAL/FRA-004.fna,1,1605735,1605735,1605735,39.14071,100,PASS,PASS,NOT_COMPUTED,NOT_COMPUTED,NCBI_H_PYLORI_RECORD,PASS
HPGP_GLOBAL,FRA-005,GCA_035185565.1,data/assemblies/HPGP_GLOBAL/FRA-005.fna,1,1613824,1613824,1613824,38.97755,0,PASS,PASS,NOT_COMPUTED,NOT_COMPUTED,NCBI_H_PYLORI_RECORD,PASS
HPGP_GLOBAL,FRA-006,GCA_035185545.1,data/assemblies/HPGP_GLOBAL/FRA-006.fna,1,1575650,1575650,1575650,39.07257,0,PASS,PASS,NOT_COMPUTED,NOT_COMPUTED,NCBI_H_PYLORI_RECORD,PASS
HPGP_GLOBAL,FRA-007,GCA_035185525.1,data/assemblies/HPGP_GLOBAL/FRA-007.fna,1,1722160,1722160,1722160,38.64072,0,PASS,PASS,NOT_COMPUTED,NOT_COMPUTED,NCBI_H_PYLORI_RECORD,PASS
HPGP_GLOBAL,FRA-008,GCA_035185505.1,data/assemblies/HPGP_GLOBAL/FRA-008.fna,1,1576068,1576068,1576068,39.06703,0,PASS,PASS,NOT_COMPUTED,NOT_COMPUTED,NCBI_H_PYLORI_RECORD,PASS
HPGP_GLOBAL,FRA-009,GCA_035185485.1,data/assemblies/HPGP_GLOBAL/FRA-009.fna,1,1624113,1624113,1624113,39.08669,0,PASS,PASS,NOT_COMPUTED,NOT_COMPUTED,NCBI_H_PYLORI_RECORD,PASS
HPGP_GLOBAL,FRA-010,GCA_035185465.1,data/assemblies/HPGP_GLOBAL/FRA-010.fna,1,1574338,1574338,1574338,39.20842,0,PASS,PASS,NOT_COMPUTED,NOT_COMPUTED,NCBI_H_PYLORI_RECORD,PASS
HPGP_GLOBAL,FRA-011,GCA_035185445.1,data/assemblies/HPGP_GLOBAL/FRA-011.fna,1,1633195,1633195,1633195,39.00973,0,PASS,PASS,NOT_COMPUTED,NOT_COMPUTED,NCBI_H_PYLORI_RECORD,PASS
HPGP_GLOBAL,FRA-012,GCA_035185425.1,data/assemblies/HPGP_GLOBAL/FRA-012.fna,1,1642672,1642672,1642672,38.95306,0,PASS,PASS,NOT_COMPUTED,NOT_COMPUTED,NCBI_H_PYLORI_RECORD,PASS
HPGP_GLOBAL,FRA-013,GCA_035185405.1,data/assemblies/HPGP_GLOBAL/FRA-013.fna,1,1610323,1610323,1610323,38.94641,0,PASS,PASS,NOT_COMPUTED,NOT_COMPUTED,NCBI_H_PYLORI_RECORD,PASS
HPGP_GLOBAL,FRA-014,GCA_035185385.1,data/assemblies/HPGP_GLOBAL/FRA-014.fna,1,1655118,1655118,1655118,38.9026,0,PASS,PASS,NOT_COMPUTED,NOT_COMPUTED,NCBI_H_PYLORI_RECORD,PASS
HPGP_GLOBAL,FRA-015,GCA_035183905.1,data/assemblies/HPGP_GLOBAL/FRA-015.fna,1,1673169,1673169,1673169,38.83355,0,PASS,PASS,NOT_COMPUTED,NOT_COMPUTED,NCBI_H_PYLORI_RECORD,PASS
HPGP_GLOBAL,FRA-016,GCA_035185365.1,data/assemblies/HPGP_GLOBAL/FRA-016.fna,1,1635235,1635235,1635235,38.95471,0,PASS,PASS,NOT_COMPUTED,NOT_COMPUTED,NCBI_H_PYLORI_RECORD,PASS
HPGP_GLOBAL,FRA-017,GCA_035185345.1,data/assemblies/HPGP_GLOBAL/FRA-017.fna,1,1650093,1650093,1650093,38.8955,0,PASS,PASS,NOT_COMPUTED,NOT_COMPUTED,NCBI_H_PYLORI_RECORD,PASS
HPGP_GLOBAL,FRA-018,GCA_035182665.1,data/assemblies/HPGP_GLOBAL/FRA-018.fna,1,1658715,1658715,1658715,38.83856,0,PASS,PASS,NOT_COMPUTED,NOT_COMPUTED,NCBI_H_PYLORI_RECORD,PASS
HPGP_GLOBAL,FRA-019,GCA_035184985.1,data/assemblies/HPGP_GLOBAL/FRA-019.fna,1,1644820,1644820,1644820,38.91933,0,PASS,PASS,NOT_COMPUTED,NOT_COMPUTED,NCBI_H_PYLORI_RECORD,PASS
HPGP_GLOBAL,FRA-020,GCA_035184965.1,data/assemblies/HPGP_GLOBAL/FRA-020.fna,1,1624748,1624748,1624748,39.04119,0,PASS,PASS,NOT_COMPUTED,NOT_COMPUTED,NCBI_H_PYLORI_RECORD,PASS
HPGP_GLOBAL,FRA-021,GCA_035182645.1,data/assemblies/HPGP_GLOBAL/FRA-021.fna,1,1611565,1611565,1611565,39.03702,0,PASS,PASS,NOT_COMPUTED,NOT_COMPUTED,NCBI_H_PYLORI_RECORD,PASS
HPGP_GLOBAL,GER-004,GCA_035182565.1,data/assemblies/HPGP_GLOBAL/GER-004.fna,1,1634559,1634559,1634559,38.88798,0,PASS,PASS,NOT_COMPUTED,NOT_COMPUTED,NCBI_H_PYLORI_RECORD,PASS
HPGP_GLOBAL,GER-005,GCA_035182545.1,data/assemblies/HPGP_GLOBAL/GER-005.fna,1,1615104,1615104,1615104,39.01947,0,PASS,PASS,NOT_COMPUTED,NOT_COMPUTED,NCBI_H_PYLORI_RECORD,PASS
HPGP_GLOBAL,GER-006,GCA_035182525.1,data/assemblies/HPGP_GLOBAL/GER-006.fna,1,1543005,1543005,1543005,39.0757,0,PASS,PASS,NOT_COMPUTED,NOT_COMPUTED,NCBI_H_PYLORI_RECORD,PASS
HPGP_GLOBAL,GER-010,GCA_035182465.1,data/assemblies/HPGP_GLOBAL/GER-010.fna,1,1621357,1621357,1621357,38.94553,0,PASS,PASS,NOT_COMPUTED,NOT_COMPUTED,NCBI_H_PYLORI_RECORD,PASS
HPGP_GLOBAL,GER-012,GCA_035182445.1,data/assemblies/HPGP_GLOBAL/GER-012.fna,1,1689774,1689774,1689774,38.75394,0,PASS,PASS,NOT_COMPUTED,NOT_COMPUTED,NCBI_H_PYLORI_RECORD,PASS
HPGP_GLOBAL,GER-013,GCA_035182425.1,data/assemblies/HPGP_GLOBAL/GER-013.fna,1,1613794,1613794,1613794,38.97226,0,PASS,PASS,NOT_COMPUTED,NOT_COMPUTED,NCBI_H_PYLORI_RECORD,PASS
HPGP_GLOBAL,GER-015,GCA_035182405.1,data/assemblies/HPGP_GLOBAL/GER-015.fna,1,1699243,1699243,1699243,38.85924,0,PASS,PASS,NOT_COMPUTED,NOT_COMPUTED,NCBI_H_PYLORI_RECORD,PASS
HPGP_GLOBAL,GER-018,GCA_035182365.1,data/assemblies/HPGP_GLOBAL/GER-018.fna,1,1611610,1611610,1611610,38.97388,0,PASS,PASS,NOT_COMPUTED,NOT_COMPUTED,NCBI_H_PYLORI_RECORD,PASS
HPGP_GLOBAL,GER-019,GCA_035182345.1,data/assemblies/HPGP_GLOBAL/GER-019.fna,1,1600009,1600009,1600009,39.08959,0,PASS,PASS,NOT_COMPUTED,NOT_COMPUTED,NCBI_H_PYLORI_RECORD,PASS
HPGP_GLOBAL,GER-021,GCA_035182305.1,data/assemblies/HPGP_GLOBAL/GER-021.fna,1,1641301,1641301,1641301,38.89463,0,PASS,PASS,NOT_COMPUTED,NOT_COMPUTED,NCBI_H_PYLORI_RECORD,PASS
HPGP_GLOBAL,GMB-004,GCA_035182225.1,data/assemblies/HPGP_GLOBAL/GMB-004.fna,1,1637745,1637745,1637745,39.31986,0,PASS,PASS,NOT_COMPUTED,NOT_COMPUTED,NCBI_H_PYLORI_RECORD,PASS
HPGP_GLOBAL,GMB-007,GCA_035182205.1,data/assemblies/HPGP_GLOBAL/GMB-007.fna,1,1681498,1681498,1681498,39.19339,0,PASS,PASS,NOT_COMPUTED,NOT_COMPUTED,NCBI_H_PYLORI_RECORD,PASS
HPGP_GLOBAL,GMB-008,GCA_035182185.1,data/assemblies/HPGP_GLOBAL/GMB-008.fna,1,1686815,1686815,1686815,39.13921,0,PASS,PASS,NOT_COMPUTED,NOT_COMPUTED,NCBI_H_PYLORI_RECORD,PASS
HPGP_GLOBAL,GMB-009,GCA_035182165.1,data/assemblies/HPGP_GLOBAL/GMB-009.fna,1,1606286,1606286,1606286,39.36229,0,PASS,PASS,NOT_COMPUTED,NOT_COMPUTED,NCBI_H_PYLORI_RECORD,PASS
HPGP_GLOBAL,GRE-001,GCA_035184945.1,data/assemblies/HPGP_GLOBAL/GRE-001.fna,1,1655996,1655996,1655996,38.90396,0,PASS,PASS,NOT_COMPUTED,NOT_COMPUTED,NCBI_H_PYLORI_RECORD,PASS
HPGP_GLOBAL,GRE-003,GCA_035184905.1,data/assemblies/HPGP_GLOBAL/GRE-003.fna,1,1628560,1628560,1628560,38.89952,0,PASS,PASS,NOT_COMPUTED,NOT_COMPUTED,NCBI_H_PYLORI_RECORD,PASS
HPGP_GLOBAL,GRE-004,GCA_035184885.1,data/assemblies/HPGP_GLOBAL/GRE-004.fna,1,1589805,1589805,1589805,39.10838,0,PASS,PASS,NOT_COMPUTED,NOT_COMPUTED,NCBI_H_PYLORI_RECORD,PASS
HPGP_GLOBAL,GRE-008,GCA_035183865.1,data/assemblies/HPGP_GLOBAL/GRE-008.fna,1,1672291,1672291,1672291,38.7491,100,PASS,PASS,NOT_COMPUTED,NOT_COMPUTED,NCBI_H_PYLORI_RECORD,PASS
HPGP_GLOBAL,GRE-012,GCA_035184805.1,data/assemblies/HPGP_GLOBAL/GRE-012.fna,1,1588490,1588490,1588490,39.06282,0,PASS,PASS,NOT_COMPUTED,NOT_COMPUTED,NCBI_H_PYLORI_RECORD,PASS
HPGP_GLOBAL,GRE-019,GCA_035184785.1,data/assemblies/HPGP_GLOBAL/GRE-019.fna,1,1673893,1673893,1673893,38.81688,0,PASS,PASS,NOT_COMPUTED,NOT_COMPUTED,NCBI_H_PYLORI_RECORD,PASS
HPGP_GLOBAL,GRE-020,GCA_035184725.1,data/assemblies/HPGP_GLOBAL/GRE-020.fna,1,1592179,1592179,1592179,39.02382,0,PASS,PASS,NOT_COMPUTED,NOT_COMPUTED,NCBI_H_PYLORI_RECORD,PASS
HPGP_GLOBAL,GRE-041,GCA_035182065.1,data/assemblies/HPGP_GLOBAL/GRE-041.fna,1,1626901,1626901,1626901,38.90077,0,PASS,PASS,NOT_COMPUTED,NOT_COMPUTED,NCBI_H_PYLORI_RECORD,PASS
HPGP_GLOBAL,GRE-044,GCA_035182005.1,data/assemblies/HPGP_GLOBAL/GRE-044.fna,1,1688552,1688552,1688552,38.82332,0,PASS,PASS,NOT_COMPUTED,NOT_COMPUTED,NCBI_H_PYLORI_RECORD,PASS
HPGP_GLOBAL,GRE-046,GCA_035181985.1,data/assemblies/HPGP_GLOBAL/GRE-046.fna,1,1626936,1626936,1626936,38.90049,0,PASS,PASS,NOT_COMPUTED,NOT_COMPUTED,NCBI_H_PYLORI_RECORD,PASS
HPGP_GLOBAL,GTM-004,GCA_035183885.1,data/assemblies/HPGP_GLOBAL/GTM-004.fna,1,1717839,1717839,1717839,38.79961,100,PASS,PASS,NOT_COMPUTED,NOT_COMPUTED,NCBI_H_PYLORI_RECORD,PASS
HPGP_GLOBAL,GTM-010,GCA_035181945.1,data/assemblies/HPGP_GLOBAL/GTM-010.fna,1,1657923,1657923,1657923,39.04795,0,PASS,PASS,NOT_COMPUTED,NOT_COMPUTED,NCBI_H_PYLORI_RECORD,PASS
HPGP_GLOBAL,HON-003,GCA_035184645.1,data/assemblies/HPGP_GLOBAL/HON-003.fna,1,1685063,1685063,1685063,38.93314,0,PASS,PASS,NOT_COMPUTED,NOT_COMPUTED,NCBI_H_PYLORI_RECORD,PASS
HPGP_GLOBAL,HON-004,GCA_035184625.1,data/assemblies/HPGP_GLOBAL/HON-004.fna,1,1630226,1630226,1630226,39.08575,0,PASS,PASS,NOT_COMPUTED,NOT_COMPUTED,NCBI_H_PYLORI_RECORD,PASS
HPGP_GLOBAL,HON-005,GCA_035184605.1,data/assemblies/HPGP_GLOBAL/HON-005.fna,1,1668680,1668680,1668680,38.91585,0,PASS,PASS,NOT_COMPUTED,NOT_COMPUTED,NCBI_H_PYLORI_RECORD,PASS
HPGP_GLOBAL,HON-006,GCA_035184585.1,data/assemblies/HPGP_GLOBAL/HON-006.fna,1,1661292,1661292,1661292,38.96281,0,PASS,PASS,NOT_COMPUTED,NOT_COMPUTED,NCBI_H_PYLORI_RECORD,PASS
HPGP_GLOBAL,HON-007,GCA_035184565.1,data/assemblies/HPGP_GLOBAL/HON-007.fna,1,1685659,1685659,1685659,38.93973,0,PASS,PASS,NOT_COMPUTED,NOT_COMPUTED,NCBI_H_PYLORI_RECORD,PASS
HPGP_GLOBAL,HON-009,GCA_035184545.1,data/assemblies/HPGP_GLOBAL/HON-009.fna,1,1626855,1626855,1626855,38.94926,0,PASS,PASS,NOT_COMPUTED,NOT_COMPUTED,NCBI_H_PYLORI_RECORD,PASS
HPGP_GLOBAL,HON-015,GCA_035184425.1,data/assemblies/HPGP_GLOBAL/HON-015.fna,1,1612896,1612896,1612896,39.16446,0,PASS,PASS,NOT_COMPUTED,NOT_COMPUTED,NCBI_H_PYLORI_RECORD,PASS
HPGP_GLOBAL,HON-017,GCA_035184385.1,data/assemblies/HPGP_GLOBAL/HON-017.fna,1,1640975,1640975,1640975,39.06799,0,PASS,PASS,NOT_COMPUTED,NOT_COMPUTED,NCBI_H_PYLORI_RECORD,PASS
HPGP_GLOBAL,HON-018,GCA_035184365.1,data/assemblies/HPGP_GLOBAL/HON-018.fna,1,1644126,1644126,1644126,39.08332,0,PASS,PASS,NOT_COMPUTED,NOT_COMPUTED,NCBI_H_PYLORI_RECORD,PASS
HPGP_GLOBAL,HON-019,GCA_035184345.1,data/assemblies/HPGP_GLOBAL/HON-019.fna,1,1652372,1652372,1652372,39.10639,0,PASS,PASS,NOT_COMPUTED,NOT_COMPUTED,NCBI_H_PYLORI_RECORD,PASS
HPGP_GLOBAL,HON-020,GCA_035184325.1,data/assemblies/HPGP_GLOBAL/HON-020.fna,1,1632447,1632447,1632447,39.04378,0,PASS,PASS,NOT_COMPUTED,NOT_COMPUTED,NCBI_H_PYLORI_RECORD,PASS
HPGP_GLOBAL,HON-021,GCA_035184305.1,data/assemblies/HPGP_GLOBAL/HON-021.fna,1,1687777,1687777,1687777,38.98424,0,PASS,PASS,NOT_COMPUTED,NOT_COMPUTED,NCBI_H_PYLORI_RECORD,PASS
HPGP_GLOBAL,HON-024,GCA_035184265.1,data/assemblies/HPGP_GLOBAL/HON-024.fna,1,1586336,1586336,1586336,39.12336,0,PASS,PASS,NOT_COMPUTED,NOT_COMPUTED,NCBI_H_PYLORI_RECORD,PASS
HPGP_GLOBAL,HON-025,GCA_035184245.1,data/assemblies/HPGP_GLOBAL/HON-025.fna,1,1678645,1678645,1678645,38.90209,0,PASS,PASS,NOT_COMPUTED,NOT_COMPUTED,NCBI_H_PYLORI_RECORD,PASS
HPGP_GLOBAL,HON-027,GCA_035184185.1,data/assemblies/HPGP_GLOBAL/HON-027.fna,1,1595943,1595943,1595943,39.12044,0,PASS,PASS,NOT_COMPUTED,NOT_COMPUTED,NCBI_H_PYLORI_RECORD,PASS
HPGP_GLOBAL,IND-005,GCA_035181625.1,data/assemblies/HPGP_GLOBAL/IND-005.fna,1,1594733,1594733,1594733,39.08736,0,PASS,PASS,NOT_COMPUTED,NOT_COMPUTED,NCBI_H_PYLORI_RECORD,PASS
HPGP_GLOBAL,IND-006,GCA_035181605.1,data/assemblies/HPGP_GLOBAL/IND-006.fna,1,1670468,1670468,1670468,38.8721,0,PASS,PASS,NOT_COMPUTED,NOT_COMPUTED,NCBI_H_PYLORI_RECORD,PASS
HPGP_GLOBAL,IND-007,GCA_035181585.1,data/assemblies/HPGP_GLOBAL/IND-007.fna,1,1634213,1634213,1634213,38.97656,0,PASS,PASS,NOT_COMPUTED,NOT_COMPUTED,NCBI_H_PYLORI_RECORD,PASS
HPGP_GLOBAL,IND-008,GCA_035181565.1,data/assemblies/HPGP_GLOBAL/IND-008.fna,1,1629937,1629937,1629937,39.02985,0,PASS,PASS,NOT_COMPUTED,NOT_COMPUTED,NCBI_H_PYLORI_RECORD,PASS
HPGP_GLOBAL,IND-009,GCA_035181545.1,data/assemblies/HPGP_GLOBAL/IND-009.fna,1,1626935,1626935,1626935,39.04114,0,PASS,PASS,NOT_COMPUTED,NOT_COMPUTED,NCBI_H_PYLORI_RECORD,PASS
HPGP_GLOBAL,ISL-002,GCA_035177945.1,data/assemblies/HPGP_GLOBAL/ISL-002.fna,1,1603320,1603320,1603320,39.01766,0,PASS,PASS,NOT_COMPUTED,NOT_COMPUTED,NCBI_H_PYLORI_RECORD,PASS
HPGP_GLOBAL,ISL-004,GCA_035174605.1,data/assemblies/HPGP_GLOBAL/ISL-004.fna,1,1589350,1589350,1589350,39.02797,0,PASS,PASS,NOT_COMPUTED,NOT_COMPUTED,NCBI_H_PYLORI_RECORD,PASS
HPGP_GLOBAL,ISL-005,GCA_035172865.1,data/assemblies/HPGP_GLOBAL/ISL-005.fna,1,1622439,1622439,1622439,38.97564,0,PASS,PASS,NOT_COMPUTED,NOT_COMPUTED,NCBI_H_PYLORI_RECORD,PASS
HPGP_GLOBAL,ISL-007,GCA_035169165.1,data/assemblies/HPGP_GLOBAL/ISL-007.fna,1,1582374,1582374,1582374,39.1204,0,PASS,PASS,NOT_COMPUTED,NOT_COMPUTED,NCBI_H_PYLORI_RECORD,PASS
HPGP_GLOBAL,ISL-009,GCA_035165265.1,data/assemblies/HPGP_GLOBAL/ISL-009.fna,1,1568124,1568124,1568124,39.14467,0,PASS,PASS,NOT_COMPUTED,NOT_COMPUTED,NCBI_H_PYLORI_RECORD,PASS
HPGP_GLOBAL,ISR-002,GCA_035157605.1,data/assemblies/HPGP_GLOBAL/ISR-002.fna,1,1639305,1639305,1639305,38.83774,0,PASS,PASS,NOT_COMPUTED,NOT_COMPUTED,NCBI_H_PYLORI_RECORD,PASS
HPGP_GLOBAL,ISR-004,GCA_035156865.1,data/assemblies/HPGP_GLOBAL/ISR-004.fna,1,1642907,1642907,1642907,38.90591,0,PASS,PASS,NOT_COMPUTED,NOT_COMPUTED,NCBI_H_PYLORI_RECORD,PASS
HPGP_GLOBAL,ISR-006,GCA_035156625.1,data/assemblies/HPGP_GLOBAL/ISR-006.fna,1,1625394,1625394,1625394,38.92416,0,PASS,PASS,NOT_COMPUTED,NOT_COMPUTED,NCBI_H_PYLORI_RECORD,PASS
HPGP_GLOBAL,ITA-002,GCA_035184125.1,data/assemblies/HPGP_GLOBAL/ITA-002.fna,1,1622199,1622199,1622199,38.88826,0,PASS,PASS,NOT_COMPUTED,NOT_COMPUTED,NCBI_H_PYLORI_RECORD,PASS
HPGP_GLOBAL,ITA-003,GCA_035184105.1,data/assemblies/HPGP_GLOBAL/ITA-003.fna,1,1614725,1614725,1614725,38.99444,0,PASS,PASS,NOT_COMPUTED,NOT_COMPUTED,NCBI_H_PYLORI_RECORD,PASS
HPGP_GLOBAL,ITA-004,GCA_035184085.1,data/assemblies/HPGP_GLOBAL/ITA-004.fna,1,1633683,1633683,1633683,38.92432,0,PASS,PASS,NOT_COMPUTED,NOT_COMPUTED,NCBI_H_PYLORI_RECORD,PASS
HPGP_GLOBAL,ITA-006,GCA_035184045.1,data/assemblies/HPGP_GLOBAL/ITA-006.fna,1,1592030,1592030,1592030,38.96139,0,PASS,PASS,NOT_COMPUTED,NOT_COMPUTED,NCBI_H_PYLORI_RECORD,PASS
HPGP_GLOBAL,ITA-007,GCA_035184025.1,data/assemblies/HPGP_GLOBAL/ITA-007.fna,1,1612055,1612055,1612055,39.0099,0,PASS,PASS,NOT_COMPUTED,NOT_COMPUTED,NCBI_H_PYLORI_RECORD,PASS
HPGP_GLOBAL,ITA-008,GCA_035184005.1,data/assemblies/HPGP_GLOBAL/ITA-008.fna,1,1607997,1607997,1607997,39.03844,0,PASS,PASS,NOT_COMPUTED,NOT_COMPUTED,NCBI_H_PYLORI_RECORD,PASS
HPGP_GLOBAL,ITA-009,GCA_035183985.1,data/assemblies/HPGP_GLOBAL/ITA-009.fna,1,1689382,1689382,1689382,38.75956,0,PASS,PASS,NOT_COMPUTED,NOT_COMPUTED,NCBI_H_PYLORI_RECORD,PASS
HPGP_GLOBAL,ITA-011,GCA_035183945.1,data/assemblies/HPGP_GLOBAL/ITA-011.fna,1,1569490,1569490,1569490,39.17642,0,PASS,PASS,NOT_COMPUTED,NOT_COMPUTED,NCBI_H_PYLORI_RECORD,PASS
HPGP_GLOBAL,ITA-012,GCA_035183925.1,data/assemblies/HPGP_GLOBAL/ITA-012.fna,1,1629571,1629571,1629571,38.99394,0,PASS,PASS,NOT_COMPUTED,NOT_COMPUTED,NCBI_H_PYLORI_RECORD,PASS
HPGP_GLOBAL,ITA-013,GCA_035183825.1,data/assemblies/HPGP_GLOBAL/ITA-013.fna,1,1617418,1617418,1617418,38.92358,0,PASS,PASS,NOT_COMPUTED,NOT_COMPUTED,NCBI_H_PYLORI_RECORD,PASS
HPGP_GLOBAL,ITA-015,GCA_035183785.1,data/assemblies/HPGP_GLOBAL/ITA-015.fna,1,1673871,1673871,1673871,38.80586,0,PASS,PASS,NOT_COMPUTED,NOT_COMPUTED,NCBI_H_PYLORI_RECORD,PASS
HPGP_GLOBAL,ITA-016,GCA_035183765.1,data/assemblies/HPGP_GLOBAL/ITA-016.fna,1,1643630,1643630,1643630,38.82863,0,PASS,PASS,NOT_COMPUTED,NOT_COMPUTED,NCBI_H_PYLORI_RECORD,PASS
HPGP_GLOBAL,ITA-022,GCA_035183665.1,data/assemblies/HPGP_GLOBAL/ITA-022.fna,1,1644985,1644985,1644985,38.95859,0,PASS,PASS,NOT_COMPUTED,NOT_COMPUTED,NCBI_H_PYLORI_RECORD,PASS
HPGP_GLOBAL,ITA-026,GCA_035183605.1,data/assemblies/HPGP_GLOBAL/ITA-026.fna,1,1664760,1664760,1664760,38.90044,0,PASS,PASS,NOT_COMPUTED,NOT_COMPUTED,NCBI_H_PYLORI_RECORD,PASS
HPGP_GLOBAL,ITA-027,GCA_035183565.1,data/assemblies/HPGP_GLOBAL/ITA-027.fna,1,1657711,1657711,1657711,38.84374,0,PASS,PASS,NOT_COMPUTED,NOT_COMPUTED,NCBI_H_PYLORI_RECORD,PASS
HPGP_GLOBAL,ITA-028,GCA_035183545.1,data/assemblies/HPGP_GLOBAL/ITA-028.fna,1,1620196,1620196,1620196,39.05929,0,PASS,PASS,NOT_COMPUTED,NOT_COMPUTED,NCBI_H_PYLORI_RECORD,PASS
HPGP_GLOBAL,ITA-030,GCA_035183505.1,data/assemblies/HPGP_GLOBAL/ITA-030.fna,1,1624989,1624989,1624989,39.01423,0,PASS,PASS,NOT_COMPUTED,NOT_COMPUTED,NCBI_H_PYLORI_RECORD,PASS
HPGP_GLOBAL,JAP-002,GCA_035183485.1,data/assemblies/HPGP_GLOBAL/JAP-002.fna,1,1562309,1562309,1562309,38.83892,0,PASS,PASS,NOT_COMPUTED,NOT_COMPUTED,NCBI_H_PYLORI_RECORD,PASS
HPGP_GLOBAL,JAP-009,GCA_035183465.1,data/assemblies/HPGP_GLOBAL/JAP-009.fna,1,1621311,1621311,1621311,38.72588,0,PASS,PASS,NOT_COMPUTED,NOT_COMPUTED,NCBI_H_PYLORI_RECORD,PASS
HPGP_GLOBAL,JAP-010,GCA_035183445.1,data/assemblies/HPGP_GLOBAL/JAP-010.fna,1,1574397,1574397,1574397,38.84097,0,PASS,PASS,NOT_COMPUTED,NOT_COMPUTED,NCBI_H_PYLORI_RECORD,PASS
HPGP_GLOBAL,JAP-012,GCA_035183425.1,data/assemblies/HPGP_GLOBAL/JAP-012.fna,1,1578055,1578055,1578055,38.89205,0,PASS,PASS,NOT_COMPUTED,NOT_COMPUTED,NCBI_H_PYLORI_RECORD,PASS
HPGP_GLOBAL,JAP-013,GCA_035183405.1,data/assemblies/HPGP_GLOBAL/JAP-013.fna,1,1602993,1602993,1602993,38.80747,0,PASS,PASS,NOT_COMPUTED,NOT_COMPUTED,NCBI_H_PYLORI_RECORD,PASS
HPGP_GLOBAL,JAP-015,GCA_035183385.1,data/assemblies/HPGP_GLOBAL/JAP-015.fna,1,1584499,1584499,1584499,38.83644,0,PASS,PASS,NOT_COMPUTED,NOT_COMPUTED,NCBI_H_PYLORI_RECORD,PASS
HPGP_GLOBAL,JAP-019,GCA_035183325.1,data/assemblies/HPGP_GLOBAL/JAP-019.fna,1,1576864,1576864,1576864,38.82072,0,PASS,PASS,NOT_COMPUTED,NOT_COMPUTED,NCBI_H_PYLORI_RECORD,PASS
HPGP_GLOBAL,JAP-022,GCA_035183285.1,data/assemblies/HPGP_GLOBAL/JAP-022.fna,1,1572869,1572869,1572869,38.92409,0,PASS,PASS,NOT_COMPUTED,NOT_COMPUTED,NCBI_H_PYLORI_RECORD,PASS
HPGP_GLOBAL,JAP-028,GCA_035183245.1,data/assemblies/HPGP_GLOBAL/JAP-028.fna,1,1606474,1606474,1606474,38.78581,0,PASS,PASS,NOT_COMPUTED,NOT_COMPUTED,NCBI_H_PYLORI_RECORD,PASS
HPGP_GLOBAL,JOR-004,GCA_035086145.1,data/assemblies/HPGP_GLOBAL/JOR-004.fna,1,1681362,1681362,1681362,38.76851,0,PASS,PASS,NOT_COMPUTED,NOT_COMPUTED,NCBI_H_PYLORI_RECORD,PASS
HPGP_GLOBAL,JOR-005,GCA_035084655.1,data/assemblies/HPGP_GLOBAL/JOR-005.fna,1,1724222,1724222,1724222,38.65941,0,PASS,PASS,NOT_COMPUTED,NOT_COMPUTED,NCBI_H_PYLORI_RECORD,PASS
HPGP_GLOBAL,JOR-006,GCA_035083625.1,data/assemblies/HPGP_GLOBAL/JOR-006.fna,1,1725642,1725642,1725642,38.72773,0,PASS,PASS,NOT_COMPUTED,NOT_COMPUTED,NCBI_H_PYLORI_RECORD,PASS
HPGP_GLOBAL,JOR-007,GCA_035081865.1,data/assemblies/HPGP_GLOBAL/JOR-007.fna,1,1670567,1670567,1670567,38.77007,0,PASS,PASS,NOT_COMPUTED,NOT_COMPUTED,NCBI_H_PYLORI_RECORD,PASS
HPGP_GLOBAL,JOR-009,GCA_035080205.1,data/assemblies/HPGP_GLOBAL/JOR-009.fna,1,1632805,1632805,1632805,38.85822,0,PASS,PASS,NOT_COMPUTED,NOT_COMPUTED,NCBI_H_PYLORI_RECORD,PASS
HPGP_GLOBAL,KAZ-001,GCA_035079215.1,data/assemblies/HPGP_GLOBAL/KAZ-001.fna,1,1660958,1660958,1660958,38.84204,0,PASS,PASS,NOT_COMPUTED,NOT_COMPUTED,NCBI_H_PYLORI_RECORD,PASS
HPGP_GLOBAL,KGZ-001,GCA_035077345.1,data/assemblies/HPGP_GLOBAL/KGZ-001.fna,1,1668232,1668232,1668232,38.7807,0,PASS,PASS,NOT_COMPUTED,NOT_COMPUTED,NCBI_H_PYLORI_RECORD,PASS
HPGP_GLOBAL,KGZ-004,GCA_035074525.1,data/assemblies/HPGP_GLOBAL/KGZ-004.fna,1,1676629,1676629,1676629,38.72562,0,PASS,PASS,NOT_COMPUTED,NOT_COMPUTED,NCBI_H_PYLORI_RECORD,PASS
HPGP_GLOBAL,KGZ-009,GCA_035070845.1,data/assemblies/HPGP_GLOBAL/KGZ-009.fna,1,1638002,1638002,1638002,38.88182,0,PASS,PASS,NOT_COMPUTED,NOT_COMPUTED,NCBI_H_PYLORI_RECORD,PASS
HPGP_GLOBAL,KGZ-010,GCA_035069945.1,data/assemblies/HPGP_GLOBAL/KGZ-010.fna,1,1697762,1697762,1697762,38.70472,0,PASS,PASS,NOT_COMPUTED,NOT_COMPUTED,NCBI_H_PYLORI_RECORD,PASS
HPGP_GLOBAL,KOR-002,GCA_035183185.1,data/assemblies/HPGP_GLOBAL/KOR-002.fna,1,1597612,1597612,1597612,38.85606,0,PASS,PASS,NOT_COMPUTED,NOT_COMPUTED,NCBI_H_PYLORI_RECORD,PASS
HPGP_GLOBAL,KOR-007,GCA_035183105.1,data/assemblies/HPGP_GLOBAL/KOR-007.fna,1,1573924,1573924,1573924,38.94133,0,PASS,PASS,NOT_COMPUTED,NOT_COMPUTED,NCBI_H_PYLORI_RECORD,PASS
HPGP_GLOBAL,KOR-008,GCA_035183085.1,data/assemblies/HPGP_GLOBAL/KOR-008.fna,1,1573168,1573168,1573168,38.86699,0,PASS,PASS,NOT_COMPUTED,NOT_COMPUTED,NCBI_H_PYLORI_RECORD,PASS
HPGP_GLOBAL,KOR-010,GCA_035183045.1,data/assemblies/HPGP_GLOBAL/KOR-010.fna,1,1582866,1582866,1582866,38.83411,0,PASS,PASS,NOT_COMPUTED,NOT_COMPUTED,NCBI_H_PYLORI_RECORD,PASS
HPGP_GLOBAL,KOR-013,GCA_035069125.1,data/assemblies/HPGP_GLOBAL/KOR-013.fna,1,1620816,1620816,1620816,38.76591,0,PASS,PASS,NOT_COMPUTED,NOT_COMPUTED,NCBI_H_PYLORI_RECORD,PASS
HPGP_GLOBAL,KOR-014,GCA_035068325.1,data/assemblies/HPGP_GLOBAL/KOR-014.fna,1,1558002,1558002,1558002,38.98416,0,PASS,PASS,NOT_COMPUTED,NOT_COMPUTED,NCBI_H_PYLORI_RECORD,PASS
HPGP_GLOBAL,KOR-019,GCA_035067645.1,data/assemblies/HPGP_GLOBAL/KOR-019.fna,1,1622433,1622433,1622433,38.74767,0,PASS,PASS,NOT_COMPUTED,NOT_COMPUTED,NCBI_H_PYLORI_RECORD,PASS
HPGP_GLOBAL,KOR-022,GCA_035067585.1,data/assemblies/HPGP_GLOBAL/KOR-022.fna,1,1566880,1566880,1566880,38.9174,0,PASS,PASS,NOT_COMPUTED,NOT_COMPUTED,NCBI_H_PYLORI_RECORD,PASS
HPGP_GLOBAL,KOR-027,GCA_035067505.1,data/assemblies/HPGP_GLOBAL/KOR-027.fna,1,1623106,1623106,1623106,38.77701,0,PASS,PASS,NOT_COMPUTED,NOT_COMPUTED,NCBI_H_PYLORI_RECORD,PASS
HPGP_GLOBAL,KOR-028,GCA_035067485.1,data/assemblies/HPGP_GLOBAL/KOR-028.fna,1,1571838,1571838,1571838,38.9126,0,PASS,PASS,NOT_COMPUTED,NOT_COMPUTED,NCBI_H_PYLORI_RECORD,PASS
HPGP_GLOBAL,KOR-036,GCA_035182925.1,data/assemblies/HPGP_GLOBAL/KOR-036.fna,1,1620264,1620264,1620264,38.78127,0,PASS,PASS,NOT_COMPUTED,NOT_COMPUTED,NCBI_H_PYLORI_RECORD,PASS
HPGP_GLOBAL,KOR-041,GCA_035182885.1,data/assemblies/HPGP_GLOBAL/KOR-041.fna,1,1605825,1605825,1605825,38.77228,0,PASS,PASS,NOT_COMPUTED,NOT_COMPUTED,NCBI_H_PYLORI_RECORD,PASS
HPGP_GLOBAL,KOR-042,GCA_035182865.1,data/assemblies/HPGP_GLOBAL/KOR-042.fna,1,1593735,1593735,1593735,38.80193,0,PASS,PASS,NOT_COMPUTED,NOT_COMPUTED,NCBI_H_PYLORI_RECORD,PASS
HPGP_GLOBAL,KOR-044,GCA_035154245.1,data/assemblies/HPGP_GLOBAL/KOR-044.fna,1,1608074,1608074,1608074,38.77266,0,PASS,PASS,NOT_COMPUTED,NOT_COMPUTED,NCBI_H_PYLORI_RECORD,PASS
HPGP_GLOBAL,KOR-046,GCA_035152275.1,data/assemblies/HPGP_GLOBAL/KOR-046.fna,1,1611772,1611772,1611772,38.7373,0,PASS,PASS,NOT_COMPUTED,NOT_COMPUTED,NCBI_H_PYLORI_RECORD,PASS
HPGP_GLOBAL,KOR-047,GCA_035151455.1,data/assemblies/HPGP_GLOBAL/KOR-047.fna,1,1567034,1567034,1567034,38.92832,0,PASS,PASS,NOT_COMPUTED,NOT_COMPUTED,NCBI_H_PYLORI_RECORD,PASS
HPGP_GLOBAL,KOR-049,GCA_035149765.1,data/assemblies/HPGP_GLOBAL/KOR-049.fna,1,1615428,1615428,1615428,38.79808,0,PASS,PASS,NOT_COMPUTED,NOT_COMPUTED,NCBI_H_PYLORI_RECORD,PASS
HPGP_GLOBAL,KOR-050,GCA_035148425.1,data/assemblies/HPGP_GLOBAL/KOR-050.fna,1,1611527,1611527,1611527,38.84639,0,PASS,PASS,NOT_COMPUTED,NOT_COMPUTED,NCBI_H_PYLORI_RECORD,PASS
HPGP_GLOBAL,KOR-101,GCA_035147585.1,data/assemblies/HPGP_GLOBAL/KOR-101.fna,1,1628820,1628820,1628820,38.67272,0,PASS,PASS,NOT_COMPUTED,NOT_COMPUTED,NCBI_H_PYLORI_RECORD,PASS
HPGP_GLOBAL,KOR-105,GCA_035146795.1,data/assemblies/HPGP_GLOBAL/KOR-105.fna,1,1593957,1593957,1593957,38.76824,0,PASS,PASS,NOT_COMPUTED,NOT_COMPUTED,NCBI_H_PYLORI_RECORD,PASS
HPGP_GLOBAL,KOR-109,GCA_035145775.1,data/assemblies/HPGP_GLOBAL/KOR-109.fna,1,1610271,1610271,1610271,38.74621,0,PASS,PASS,NOT_COMPUTED,NOT_COMPUTED,NCBI_H_PYLORI_RECORD,PASS
HPGP_GLOBAL,KOR-110,GCA_035144775.1,data/assemblies/HPGP_GLOBAL/KOR-110.fna,1,1623221,1623221,1623221,38.68709,0,PASS,PASS,NOT_COMPUTED,NOT_COMPUTED,NCBI_H_PYLORI_RECORD,PASS
HPGP_GLOBAL,KOR-116,GCA_035061705.1,data/assemblies/HPGP_GLOBAL/KOR-116.fna,1,1659610,1659610,1659610,38.62986,0,PASS,PASS,NOT_COMPUTED,NOT_COMPUTED,NCBI_H_PYLORI_RECORD,PASS
HPGP_GLOBAL,LAT-002,GCA_035143715.1,data/assemblies/HPGP_GLOBAL/LAT-002.fna,1,1609167,1609167,1609167,38.92474,0,PASS,PASS,NOT_COMPUTED,NOT_COMPUTED,NCBI_H_PYLORI_RECORD,PASS
HPGP_GLOBAL,LAT-003,GCA_035064585.1,data/assemblies/HPGP_GLOBAL/LAT-003.fna,1,1685446,1685446,1685446,38.76742,0,PASS,PASS,NOT_COMPUTED,NOT_COMPUTED,NCBI_H_PYLORI_RECORD,PASS
HPGP_GLOBAL,LAT-009,GCA_035139465.1,data/assemblies/HPGP_GLOBAL/LAT-009.fna,1,1650243,1650243,1650243,38.94075,0,PASS,PASS,NOT_COMPUTED,NOT_COMPUTED,NCBI_H_PYLORI_RECORD,PASS
HPGP_GLOBAL,LAT-014,GCA_035136325.1,data/assemblies/HPGP_GLOBAL/LAT-014.fna,1,1648207,1648207,1648207,38.87479,0,PASS,PASS,NOT_COMPUTED,NOT_COMPUTED,NCBI_H_PYLORI_RECORD,PASS
HPGP_GLOBAL,LAT-015,GCA_035135185.1,data/assemblies/HPGP_GLOBAL/LAT-015.fna,1,1639778,1639778,1639778,38.88892,0,PASS,PASS,NOT_COMPUTED,NOT_COMPUTED,NCBI_H_PYLORI_RECORD,PASS
HPGP_GLOBAL,LAT-017,GCA_035133835.1,data/assemblies/HPGP_GLOBAL/LAT-017.fna,1,1682262,1682262,1682262,38.83551,0,PASS,PASS,NOT_COMPUTED,NOT_COMPUTED,NCBI_H_PYLORI_RECORD,PASS
HPGP_GLOBAL,LAT-018,GCA_035064145.1,data/assemblies/HPGP_GLOBAL/LAT-018.fna,1,1642365,1642365,1642365,38.93854,0,PASS,PASS,NOT_COMPUTED,NOT_COMPUTED,NCBI_H_PYLORI_RECORD,PASS
HPGP_GLOBAL,LAT-019,GCA_035133235.1,data/assemblies/HPGP_GLOBAL/LAT-019.fna,1,1647783,1647783,1647783,38.85888,0,PASS,PASS,NOT_COMPUTED,NOT_COMPUTED,NCBI_H_PYLORI_RECORD,PASS
HPGP_GLOBAL,LAT-021,GCA_035131815.1,data/assemblies/HPGP_GLOBAL/LAT-021.fna,1,1668928,1668928,1668928,38.76914,0,PASS,PASS,NOT_COMPUTED,NOT_COMPUTED,NCBI_H_PYLORI_RECORD,PASS
HPGP_GLOBAL,LAT-023,GCA_035130095.1,data/assemblies/HPGP_GLOBAL/LAT-023.fna,1,1645794,1645794,1645794,38.85347,0,PASS,PASS,NOT_COMPUTED,NOT_COMPUTED,NCBI_H_PYLORI_RECORD,PASS
HPGP_GLOBAL,LAT-024,GCA_035128965.1,data/assemblies/HPGP_GLOBAL/LAT-024.fna,1,1638412,1638412,1638412,38.92843,0,PASS,PASS,NOT_COMPUTED,NOT_COMPUTED,NCBI_H_PYLORI_RECORD,PASS
HPGP_GLOBAL,LAT-026,GCA_035126575.1,data/assemblies/HPGP_GLOBAL/LAT-026.fna,1,1661550,1661550,1661550,38.84909,0,PASS,PASS,NOT_COMPUTED,NOT_COMPUTED,NCBI_H_PYLORI_RECORD,PASS
HPGP_GLOBAL,LAT-027,GCA_035125245.1,data/assemblies/HPGP_GLOBAL/LAT-027.fna,1,1604477,1604477,1604477,39.00156,0,PASS,PASS,NOT_COMPUTED,NOT_COMPUTED,NCBI_H_PYLORI_RECORD,PASS
HPGP_GLOBAL,LAT-029,GCA_035123255.1,data/assemblies/HPGP_GLOBAL/LAT-029.fna,1,1660539,1660539,1660539,38.81523,0,PASS,PASS,NOT_COMPUTED,NOT_COMPUTED,NCBI_H_PYLORI_RECORD,PASS
HPGP_GLOBAL,LIT-001,GCA_035121615.1,data/assemblies/HPGP_GLOBAL/LIT-001.fna,1,1677648,1677648,1677648,38.81166,0,PASS,PASS,NOT_COMPUTED,NOT_COMPUTED,NCBI_H_PYLORI_RECORD,PASS
HPGP_GLOBAL,LIT-003,GCA_035119535.1,data/assemblies/HPGP_GLOBAL/LIT-003.fna,1,1650816,1650816,1650816,38.82425,0,PASS,PASS,NOT_COMPUTED,NOT_COMPUTED,NCBI_H_PYLORI_RECORD,PASS
HPGP_GLOBAL,LIT-006,GCA_035117915.1,data/assemblies/HPGP_GLOBAL/LIT-006.fna,1,1631670,1631670,1631670,38.89107,0,PASS,PASS,NOT_COMPUTED,NOT_COMPUTED,NCBI_H_PYLORI_RECORD,PASS
HPGP_GLOBAL,LIT-008,GCA_035117875.1,data/assemblies/HPGP_GLOBAL/LIT-008.fna,1,1552010,1552010,1552010,39.19988,0,PASS,PASS,NOT_COMPUTED,NOT_COMPUTED,NCBI_H_PYLORI_RECORD,PASS
HPGP_GLOBAL,LIT-010,GCA_035117855.1,data/assemblies/HPGP_GLOBAL/LIT-010.fna,1,1674537,1674537,1674537,38.79263,0,PASS,PASS,NOT_COMPUTED,NOT_COMPUTED,NCBI_H_PYLORI_RECORD,PASS
HPGP_GLOBAL,LIT-013,GCA_035117815.1,data/assemblies/HPGP_GLOBAL/LIT-013.fna,1,1654125,1654125,1654125,38.89791,0,PASS,PASS,NOT_COMPUTED,NOT_COMPUTED,NCBI_H_PYLORI_RECORD,PASS
HPGP_GLOBAL,LIT-020,GCA_035117795.1,data/assemblies/HPGP_GLOBAL/LIT-020.fna,1,1607678,1607678,1607678,39.04949,0,PASS,PASS,NOT_COMPUTED,NOT_COMPUTED,NCBI_H_PYLORI_RECORD,PASS
HPGP_GLOBAL,LIT-021,GCA_035054865.1,data/assemblies/HPGP_GLOBAL/LIT-021.fna,1,1684671,1684671,1684671,38.80402,0,PASS,PASS,NOT_COMPUTED,NOT_COMPUTED,NCBI_H_PYLORI_RECORD,PASS
HPGP_GLOBAL,LIT-025,GCA_035117615.1,data/assemblies/HPGP_GLOBAL/LIT-025.fna,1,1667509,1667509,1667509,38.81526,0,PASS,PASS,NOT_COMPUTED,NOT_COMPUTED,NCBI_H_PYLORI_RECORD,PASS
HPGP_GLOBAL,LIT-028,GCA_035053025.1,data/assemblies/HPGP_GLOBAL/LIT-028.fna,1,1672940,1672940,1672940,38.76074,0,PASS,PASS,NOT_COMPUTED,NOT_COMPUTED,NCBI_H_PYLORI_RECORD,PASS
HPGP_GLOBAL,LIT-032,GCA_035051445.1,data/assemblies/HPGP_GLOBAL/LIT-032.fna,1,1616573,1616573,1616573,38.98154,0,PASS,PASS,NOT_COMPUTED,NOT_COMPUTED,NCBI_H_PYLORI_RECORD,PASS
HPGP_GLOBAL,LIT-041,GCA_035050625.1,data/assemblies/HPGP_GLOBAL/LIT-041.fna,1,1657925,1657925,1657925,38.77365,0,PASS,PASS,NOT_COMPUTED,NOT_COMPUTED,NCBI_H_PYLORI_RECORD,PASS
HPGP_GLOBAL,MAL-003,GCA_035117155.1,data/assemblies/HPGP_GLOBAL/MAL-003.fna,1,1605592,1605592,1605592,38.7672,0,PASS,PASS,NOT_COMPUTED,NOT_COMPUTED,NCBI_H_PYLORI_RECORD,PASS
HPGP_GLOBAL,MAL-005,GCA_035117085.1,data/assemblies/HPGP_GLOBAL/MAL-005.fna,1,1586094,1586094,1586094,38.84921,0,PASS,PASS,NOT_COMPUTED,NOT_COMPUTED,NCBI_H_PYLORI_RECORD,PASS
HPGP_GLOBAL,MAL-006,GCA_035117065.1,data/assemblies/HPGP_GLOBAL/MAL-006.fna,1,1664417,1664417,1664417,38.49871,0,PASS,PASS,NOT_COMPUTED,NOT_COMPUTED,NCBI_H_PYLORI_RECORD,PASS
HPGP_GLOBAL,MAL-007,GCA_035117045.1,data/assemblies/HPGP_GLOBAL/MAL-007.fna,1,1699103,1699103,1699103,38.68323,0,PASS,PASS,NOT_COMPUTED,NOT_COMPUTED,NCBI_H_PYLORI_RECORD,PASS
HPGP_GLOBAL,MAL-012,GCA_035115545.1,data/assemblies/HPGP_GLOBAL/MAL-012.fna,1,1591039,1591039,1591039,38.6905,0,PASS,PASS,NOT_COMPUTED,NOT_COMPUTED,NCBI_H_PYLORI_RECORD,PASS
HPGP_GLOBAL,MAL-018,GCA_035112185.1,data/assemblies/HPGP_GLOBAL/MAL-018.fna,1,1622971,1622971,1622971,38.72472,0,PASS,PASS,NOT_COMPUTED,NOT_COMPUTED,NCBI_H_PYLORI_RECORD,PASS
HPGP_GLOBAL,MAL-019,GCA_035111225.1,data/assemblies/HPGP_GLOBAL/MAL-019.fna,1,1615796,1615796,1615796,39.12833,0,PASS,PASS,NOT_COMPUTED,NOT_COMPUTED,NCBI_H_PYLORI_RECORD,PASS
HPGP_GLOBAL,MAL-021,GCA_035109285.1,data/assemblies/HPGP_GLOBAL/MAL-021.fna,1,1658488,1658488,1658488,38.51116,0,PASS,PASS,NOT_COMPUTED,NOT_COMPUTED,NCBI_H_PYLORI_RECORD,PASS
HPGP_GLOBAL,MAL-023,GCA_035108005.1,data/assemblies/HPGP_GLOBAL/MAL-023.fna,1,1582641,1582641,1582641,38.75882,0,PASS,PASS,NOT_COMPUTED,NOT_COMPUTED,NCBI_H_PYLORI_RECORD,PASS
HPGP_GLOBAL,MEX-001,GCA_035106305.1,data/assemblies/HPGP_GLOBAL/MEX-001.fna,1,1706154,1706154,1706154,38.6995,0,PASS,PASS,NOT_COMPUTED,NOT_COMPUTED,NCBI_H_PYLORI_RECORD,PASS
HPGP_GLOBAL,MEX-002,GCA_035105485.1,data/assemblies/HPGP_GLOBAL/MEX-002.fna,1,1676517,1676517,1676517,38.87035,0,PASS,PASS,NOT_COMPUTED,NOT_COMPUTED,NCBI_H_PYLORI_RECORD,PASS
HPGP_GLOBAL,MEX-003,GCA_035104665.1,data/assemblies/HPGP_GLOBAL/MEX-003.fna,1,1667742,1667742,1667742,38.93492,0,PASS,PASS,NOT_COMPUTED,NOT_COMPUTED,NCBI_H_PYLORI_RECORD,PASS
HPGP_GLOBAL,MEX-004,GCA_035104495.1,data/assemblies/HPGP_GLOBAL/MEX-004.fna,1,1621730,1621730,1621730,39.02592,0,PASS,PASS,NOT_COMPUTED,NOT_COMPUTED,NCBI_H_PYLORI_RECORD,PASS
HPGP_GLOBAL,MEX-007,GCA_035103015.1,data/assemblies/HPGP_GLOBAL/MEX-007.fna,1,1575038,1575038,1575038,39.18737,0,PASS,PASS,NOT_COMPUTED,NOT_COMPUTED,NCBI_H_PYLORI_RECORD,PASS
HPGP_GLOBAL,MEX-008,GCA_035102095.1,data/assemblies/HPGP_GLOBAL/MEX-008.fna,1,1642782,1642782,1642782,38.90869,0,PASS,PASS,NOT_COMPUTED,NOT_COMPUTED,NCBI_H_PYLORI_RECORD,PASS
HPGP_GLOBAL,MEX-009,GCA_035101275.1,data/assemblies/HPGP_GLOBAL/MEX-009.fna,1,1569832,1569832,1569832,39.21496,0,PASS,PASS,NOT_COMPUTED,NOT_COMPUTED,NCBI_H_PYLORI_RECORD,PASS
HPGP_GLOBAL,MEX-012,GCA_035099675.1,data/assemblies/HPGP_GLOBAL/MEX-012.fna,1,1653021,1653021,1653021,38.93296,0,PASS,PASS,NOT_COMPUTED,NOT_COMPUTED,NCBI_H_PYLORI_RECORD,PASS
HPGP_GLOBAL,MEX-023,GCA_035099075.1,data/assemblies/HPGP_GLOBAL/MEX-023.fna,1,1595213,1595213,1595213,39.01466,0,PASS,PASS,NOT_COMPUTED,NOT_COMPUTED,NCBI_H_PYLORI_RECORD,PASS
HPGP_GLOBAL,MEX-024,GCA_035098295.1,data/assemblies/HPGP_GLOBAL/MEX-024.fna,1,1657324,1657324,1657324,38.98544,0,PASS,PASS,NOT_COMPUTED,NOT_COMPUTED,NCBI_H_PYLORI_RECORD,PASS
HPGP_GLOBAL,MEX-027,GCA_035097795.1,data/assemblies/HPGP_GLOBAL/MEX-027.fna,1,1664528,1664528,1664528,38.87637,0,PASS,PASS,NOT_COMPUTED,NOT_COMPUTED,NCBI_H_PYLORI_RECORD,PASS
HPGP_GLOBAL,MEX-028,GCA_035097095.1,data/assemblies/HPGP_GLOBAL/MEX-028.fna,1,1562280,1562280,1562280,39.00594,0,PASS,PASS,NOT_COMPUTED,NOT_COMPUTED,NCBI_H_PYLORI_RECORD,PASS
HPGP_GLOBAL,MEX-032,GCA_035096475.1,data/assemblies/HPGP_GLOBAL/MEX-032.fna,1,1631020,1631020,1631020,39.01068,0,PASS,PASS,NOT_COMPUTED,NOT_COMPUTED,NCBI_H_PYLORI_RECORD,PASS
HPGP_GLOBAL,MEX-035,GCA_035095755.1,data/assemblies/HPGP_GLOBAL/MEX-035.fna,1,1632040,1632040,1632040,38.99647,0,PASS,PASS,NOT_COMPUTED,NOT_COMPUTED,NCBI_H_PYLORI_RECORD,PASS
HPGP_GLOBAL,MEX-040,GCA_035094615.1,data/assemblies/HPGP_GLOBAL/MEX-040.fna,1,1661496,1661496,1661496,38.86654,0,PASS,PASS,NOT_COMPUTED,NOT_COMPUTED,NCBI_H_PYLORI_RECORD,PASS
HPGP_GLOBAL,MEX-041,GCA_035093675.1,data/assemblies/HPGP_GLOBAL/MEX-041.fna,1,1653195,1653195,1653195,38.94719,0,PASS,PASS,NOT_COMPUTED,NOT_COMPUTED,NCBI_H_PYLORI_RECORD,PASS
HPGP_GLOBAL,MEX-043,GCA_035093545.1,data/assemblies/HPGP_GLOBAL/MEX-043.fna,1,1656016,1656016,1656016,38.91581,0,PASS,PASS,NOT_COMPUTED,NOT_COMPUTED,NCBI_H_PYLORI_RECORD,PASS
HPGP_GLOBAL,MEX-046,GCA_035048555.1,data/assemblies/HPGP_GLOBAL/MEX-046.fna,1,1694691,1694691,1694691,38.82625,0,PASS,PASS,NOT_COMPUTED,NOT_COMPUTED,NCBI_H_PYLORI_RECORD,PASS
HPGP_GLOBAL,NGA-010,GCA_035033625.1,data/assemblies/HPGP_GLOBAL/NGA-010.fna,1,1638223,1638223,1638223,39.03235,0,PASS,PASS,NOT_COMPUTED,NOT_COMPUTED,NCBI_H_PYLORI_RECORD,PASS
HPGP_GLOBAL,NGA-019,GCA_035031985.1,data/assemblies/HPGP_GLOBAL/NGA-019.fna,1,1650902,1650902,1650902,39.12158,0,PASS,PASS,NOT_COMPUTED,NOT_COMPUTED,NCBI_H_PYLORI_RECORD,PASS
HPGP_GLOBAL,PER-013,GCA_035063425.1,data/assemblies/HPGP_GLOBAL/PER-013.fna,1,1690356,1690356,1690356,38.97877,0,PASS,PASS,NOT_COMPUTED,NOT_COMPUTED,NCBI_H_PYLORI_RECORD,PASS
HPGP_GLOBAL,PER-017,GCA_035063365.1,data/assemblies/HPGP_GLOBAL/PER-017.fna,1,1757475,1757475,1757475,38.7857,0,PASS,PASS,NOT_COMPUTED,NOT_COMPUTED,NCBI_H_PYLORI_RECORD,PASS
HPGP_GLOBAL,PER-018,GCA_035063345.1,data/assemblies/HPGP_GLOBAL/PER-018.fna,1,1662753,1662753,1662753,38.93374,0,PASS,PASS,NOT_COMPUTED,NOT_COMPUTED,NCBI_H_PYLORI_RECORD,PASS
HPGP_GLOBAL,PER-020,GCA_035063305.1,data/assemblies/HPGP_GLOBAL/PER-020.fna,1,1687602,1687602,1687602,39.01684,0,PASS,PASS,NOT_COMPUTED,NOT_COMPUTED,NCBI_H_PYLORI_RECORD,PASS
HPGP_GLOBAL,PER-101,GCA_035017585.1,data/assemblies/HPGP_GLOBAL/PER-101.fna,1,1647544,1647544,1647544,38.91678,0,PASS,PASS,NOT_COMPUTED,NOT_COMPUTED,NCBI_H_PYLORI_RECORD,PASS
HPGP_GLOBAL,PER-103,GCA_035014105.1,data/assemblies/HPGP_GLOBAL/PER-103.fna,1,1661938,1661938,1661938,38.90296,0,PASS,PASS,NOT_COMPUTED,NOT_COMPUTED,NCBI_H_PYLORI_RECORD,PASS
HPGP_GLOBAL,PER-104,GCA_035012125.1,data/assemblies/HPGP_GLOBAL/PER-104.fna,1,1686285,1686285,1686285,38.87279,0,PASS,PASS,NOT_COMPUTED,NOT_COMPUTED,NCBI_H_PYLORI_RECORD,PASS
HPGP_GLOBAL,PER-107,GCA_035006465.1,data/assemblies/HPGP_GLOBAL/PER-107.fna,1,1688447,1688447,1688447,38.80566,0,PASS,PASS,NOT_COMPUTED,NOT_COMPUTED,NCBI_H_PYLORI_RECORD,PASS
HPGP_GLOBAL,PER-112,GCA_034993505.1,data/assemblies/HPGP_GLOBAL/PER-112.fna,1,1651932,1651932,1651932,39.09477,0,PASS,PASS,NOT_COMPUTED,NOT_COMPUTED,NCBI_H_PYLORI_RECORD,PASS
HPGP_GLOBAL,PER-116,GCA_034986765.1,data/assemblies/HPGP_GLOBAL/PER-116.fna,1,1692634,1692634,1692634,38.85932,0,PASS,PASS,NOT_COMPUTED,NOT_COMPUTED,NCBI_H_PYLORI_RECORD,PASS
HPGP_GLOBAL,PER-117,GCA_034985765.1,data/assemblies/HPGP_GLOBAL/PER-117.fna,1,1689598,1689598,1689598,38.82509,0,PASS,PASS,NOT_COMPUTED,NOT_COMPUTED,NCBI_H_PYLORI_RECORD,PASS
HPGP_GLOBAL,PER-124,GCA_034982865.1,data/assemblies/HPGP_GLOBAL/PER-124.fna,1,1650052,1650052,1650052,38.91902,0,PASS,PASS,NOT_COMPUTED,NOT_COMPUTED,NCBI_H_PYLORI_RECORD,PASS
HPGP_GLOBAL,PER-138,GCA_034980485.1,data/assemblies/HPGP_GLOBAL/PER-138.fna,1,1683001,1683001,1683001,38.65844,0,PASS,PASS,NOT_COMPUTED,NOT_COMPUTED,NCBI_H_PYLORI_RECORD,PASS
HPGP_GLOBAL,PER-140,GCA_034979705.1,data/assemblies/HPGP_GLOBAL/PER-140.fna,1,1655604,1655604,1655604,39.09715,0,PASS,PASS,NOT_COMPUTED,NOT_COMPUTED,NCBI_H_PYLORI_RECORD,PASS
HPGP_GLOBAL,POL-004,GCA_034976125.1,data/assemblies/HPGP_GLOBAL/POL-004.fna,1,1591337,1591337,1591337,38.89585,0,PASS,PASS,NOT_COMPUTED,NOT_COMPUTED,NCBI_H_PYLORI_RECORD,PASS
HPGP_GLOBAL,POL-005,GCA_034975265.1,data/assemblies/HPGP_GLOBAL/POL-005.fna,1,1645618,1645618,1645618,38.8832,0,PASS,PASS,NOT_COMPUTED,NOT_COMPUTED,NCBI_H_PYLORI_RECORD,PASS
HPGP_GLOBAL,POL-006,GCA_034974505.1,data/assemblies/HPGP_GLOBAL/POL-006.fna,1,1556705,1556705,1556705,39.18116,0,PASS,PASS,NOT_COMPUTED,NOT_COMPUTED,NCBI_H_PYLORI_RECORD,PASS
HPGP_GLOBAL,POL-007,GCA_034973925.1,data/assemblies/HPGP_GLOBAL/POL-007.fna,1,1685207,1685207,1685207,38.84662,0,PASS,PASS,NOT_COMPUTED,NOT_COMPUTED,NCBI_H_PYLORI_RECORD,PASS
HPGP_GLOBAL,POL-008,GCA_034972885.1,data/assemblies/HPGP_GLOBAL/POL-008.fna,1,1579734,1579734,1579734,39.08221,0,PASS,PASS,NOT_COMPUTED,NOT_COMPUTED,NCBI_H_PYLORI_RECORD,PASS
HPGP_GLOBAL,POL-009,GCA_034972065.1,data/assemblies/HPGP_GLOBAL/POL-009.fna,1,1672002,1672002,1672002,38.8844,0,PASS,PASS,NOT_COMPUTED,NOT_COMPUTED,NCBI_H_PYLORI_RECORD,PASS
HPGP_GLOBAL,POL-010,GCA_034971265.1,data/assemblies/HPGP_GLOBAL/POL-010.fna,1,1629212,1629212,1629212,38.90568,0,PASS,PASS,NOT_COMPUTED,NOT_COMPUTED,NCBI_H_PYLORI_RECORD,PASS
HPGP_GLOBAL,POL-104,GCA_034967625.1,data/assemblies/HPGP_GLOBAL/POL-104.fna,1,1669729,1669729,1669729,38.88104,0,PASS,PASS,NOT_COMPUTED,NOT_COMPUTED,NCBI_H_PYLORI_RECORD,PASS
HPGP_GLOBAL,POL-105,GCA_034966285.1,data/assemblies/HPGP_GLOBAL/POL-105.fna,1,1552166,1552166,1552166,39.15986,0,PASS,PASS,NOT_COMPUTED,NOT_COMPUTED,NCBI_H_PYLORI_RECORD,PASS
HPGP_GLOBAL,POL-106,GCA_034965425.1,data/assemblies/HPGP_GLOBAL/POL-106.fna,1,1560843,1560843,1560843,39.10701,0,PASS,PASS,NOT_COMPUTED,NOT_COMPUTED,NCBI_H_PYLORI_RECORD,PASS
HPGP_GLOBAL,POL-108,GCA_034963805.1,data/assemblies/HPGP_GLOBAL/POL-108.fna,1,1560828,1560828,1560828,39.10796,0,PASS,PASS,NOT_COMPUTED,NOT_COMPUTED,NCBI_H_PYLORI_RECORD,PASS
HPGP_GLOBAL,POL-110,GCA_034962325.1,data/assemblies/HPGP_GLOBAL/POL-110.fna,1,1590582,1590582,1590582,39.03364,0,PASS,PASS,NOT_COMPUTED,NOT_COMPUTED,NCBI_H_PYLORI_RECORD,PASS
HPGP_GLOBAL,POR-002,GCA_035063245.1,data/assemblies/HPGP_GLOBAL/POR-002.fna,1,1625342,1625342,1625342,38.96085,0,PASS,PASS,NOT_COMPUTED,NOT_COMPUTED,NCBI_H_PYLORI_RECORD,PASS
HPGP_GLOBAL,POR-003,GCA_035063225.1,data/assemblies/HPGP_GLOBAL/POR-003.fna,1,1607602,1607602,1607602,39.015,0,PASS,PASS,NOT_COMPUTED,NOT_COMPUTED,NCBI_H_PYLORI_RECORD,PASS
HPGP_GLOBAL,POR-004,GCA_035063205.1,data/assemblies/HPGP_GLOBAL/POR-004.fna,1,1650708,1650708,1650708,39.25782,0,PASS,PASS,NOT_COMPUTED,NOT_COMPUTED,NCBI_H_PYLORI_RECORD,PASS
HPGP_GLOBAL,POR-005,GCA_035063185.1,data/assemblies/HPGP_GLOBAL/POR-005.fna,1,1688313,1688313,1688313,38.77907,0,PASS,PASS,NOT_COMPUTED,NOT_COMPUTED,NCBI_H_PYLORI_RECORD,PASS
HPGP_GLOBAL,POR-010,GCA_035062845.1,data/assemblies/HPGP_GLOBAL/POR-010.fna,1,1607134,1607134,1607134,38.94541,0,PASS,PASS,NOT_COMPUTED,NOT_COMPUTED,NCBI_H_PYLORI_RECORD,PASS
HPGP_GLOBAL,POR-018,GCA_035062105.1,data/assemblies/HPGP_GLOBAL/POR-018.fna,1,1607128,1607128,1607128,39.02328,0,PASS,PASS,NOT_COMPUTED,NOT_COMPUTED,NCBI_H_PYLORI_RECORD,PASS
HPGP_GLOBAL,POR-104,GCA_034961025.1,data/assemblies/HPGP_GLOBAL/POR-104.fna,1,1646702,1646702,1646702,39.04428,0,PASS,PASS,NOT_COMPUTED,NOT_COMPUTED,NCBI_H_PYLORI_RECORD,PASS
HPGP_GLOBAL,POR-105,GCA_034960305.1,data/assemblies/HPGP_GLOBAL/POR-105.fna,1,1623888,1623888,1623888,38.90835,0,PASS,PASS,NOT_COMPUTED,NOT_COMPUTED,NCBI_H_PYLORI_RECORD,PASS
HPGP_GLOBAL,POR-106,GCA_034959325.1,data/assemblies/HPGP_GLOBAL/POR-106.fna,1,1667966,1667966,1667966,38.81764,0,PASS,PASS,NOT_COMPUTED,NOT_COMPUTED,NCBI_H_PYLORI_RECORD,PASS
HPGP_GLOBAL,POR-107,GCA_034958265.1,data/assemblies/HPGP_GLOBAL/POR-107.fna,1,1593322,1593322,1593322,39.11174,0,PASS,PASS,NOT_COMPUTED,NOT_COMPUTED,NCBI_H_PYLORI_RECORD,PASS
HPGP_GLOBAL,POR-109,GCA_034956305.1,data/assemblies/HPGP_GLOBAL/POR-109.fna,1,1604158,1604158,1604158,39.0676,0,PASS,PASS,NOT_COMPUTED,NOT_COMPUTED,NCBI_H_PYLORI_RECORD,PASS
HPGP_GLOBAL,POR-112,GCA_034953905.1,data/assemblies/HPGP_GLOBAL/POR-112.fna,1,1660836,1660836,1660836,38.8411,0,PASS,PASS,NOT_COMPUTED,NOT_COMPUTED,NCBI_H_PYLORI_RECORD,PASS
HPGP_GLOBAL,POR-113,GCA_034953145.1,data/assemblies/HPGP_GLOBAL/POR-113.fna,1,1667121,1667121,1667121,38.91157,0,PASS,PASS,NOT_COMPUTED,NOT_COMPUTED,NCBI_H_PYLORI_RECORD,PASS
HPGP_GLOBAL,POR-114,GCA_034952185.1,data/assemblies/HPGP_GLOBAL/POR-114.fna,1,1634980,1634980,1634980,38.97277,0,PASS,PASS,NOT_COMPUTED,NOT_COMPUTED,NCBI_H_PYLORI_RECORD,PASS
HPGP_GLOBAL,PRI-001,GCA_034950785.1,data/assemblies/HPGP_GLOBAL/PRI-001.fna,1,1577958,1577958,1577958,39.11448,0,PASS,PASS,NOT_COMPUTED,NOT_COMPUTED,NCBI_H_PYLORI_RECORD,PASS
HPGP_GLOBAL,PRI-002,GCA_034950175.1,data/assemblies/HPGP_GLOBAL/PRI-002.fna,1,1626441,1626441,1626441,38.98125,0,PASS,PASS,NOT_COMPUTED,NOT_COMPUTED,NCBI_H_PYLORI_RECORD,PASS
HPGP_GLOBAL,PRI-004,GCA_034949605.1,data/assemblies/HPGP_GLOBAL/PRI-004.fna,1,1589140,1589140,1589140,39.08951,0,PASS,PASS,NOT_COMPUTED,NOT_COMPUTED,NCBI_H_PYLORI_RECORD,PASS
HPGP_GLOBAL,PRI-005,GCA_034939645.1,data/assemblies/HPGP_GLOBAL/PRI-005.fna,1,1629748,1629748,1629748,39.20741,0,PASS,PASS,NOT_COMPUTED,NOT_COMPUTED,NCBI_H_PYLORI_RECORD,PASS
HPGP_GLOBAL,PRI-006,GCA_034939625.1,data/assemblies/HPGP_GLOBAL/PRI-006.fna,1,1625718,1625718,1625718,38.93855,0,PASS,PASS,NOT_COMPUTED,NOT_COMPUTED,NCBI_H_PYLORI_RECORD,PASS
HPGP_GLOBAL,RUS-001,GCA_034908465.1,data/assemblies/HPGP_GLOBAL/RUS-001.fna,1,1639931,1639931,1639931,38.92554,0,PASS,PASS,NOT_COMPUTED,NOT_COMPUTED,NCBI_H_PYLORI_RECORD,PASS
HPGP_GLOBAL,RUS-003,GCA_034906745.1,data/assemblies/HPGP_GLOBAL/RUS-003.fna,1,1649624,1649624,1649624,38.89165,0,PASS,PASS,NOT_COMPUTED,NOT_COMPUTED,NCBI_H_PYLORI_RECORD,PASS
HPGP_GLOBAL,RUS-004,GCA_034905905.1,data/assemblies/HPGP_GLOBAL/RUS-004.fna,1,1687731,1687731,1687731,38.76767,0,PASS,PASS,NOT_COMPUTED,NOT_COMPUTED,NCBI_H_PYLORI_RECORD,PASS
HPGP_GLOBAL,RUS-007,GCA_034903945.1,data/assemblies/HPGP_GLOBAL/RUS-007.fna,1,1647615,1647615,1647615,38.9236,0,PASS,PASS,NOT_COMPUTED,NOT_COMPUTED,NCBI_H_PYLORI_RECORD,PASS
HPGP_GLOBAL,RUS-011,GCA_034866365.1,data/assemblies/HPGP_GLOBAL/RUS-011.fna,1,1657348,1657348,1657348,38.8645,0,PASS,PASS,NOT_COMPUTED,NOT_COMPUTED,NCBI_H_PYLORI_RECORD,PASS
HPGP_GLOBAL,SPA-003,GCA_034926895.1,data/assemblies/HPGP_GLOBAL/SPA-003.fna,1,1585832,1585832,1585832,39.17256,0,PASS,PASS,NOT_COMPUTED,NOT_COMPUTED,NCBI_H_PYLORI_RECORD,PASS
HPGP_GLOBAL,SPA-005,GCA_034924605.1,data/assemblies/HPGP_GLOBAL/SPA-005.fna,1,1589083,1589083,1589083,39.13603,0,PASS,PASS,NOT_COMPUTED,NOT_COMPUTED,NCBI_H_PYLORI_RECORD,PASS
HPGP_GLOBAL,SPA-006,GCA_034923545.1,data/assemblies/HPGP_GLOBAL/SPA-006.fna,1,1618074,1618074,1618074,39.00835,0,PASS,PASS,NOT_COMPUTED,NOT_COMPUTED,NCBI_H_PYLORI_RECORD,PASS
HPGP_GLOBAL,SPA-009,GCA_034920565.1,data/assemblies/HPGP_GLOBAL/SPA-009.fna,1,1617114,1617114,1617114,39.03021,0,PASS,PASS,NOT_COMPUTED,NOT_COMPUTED,NCBI_H_PYLORI_RECORD,PASS
HPGP_GLOBAL,SPA-012,GCA_034917985.1,data/assemblies/HPGP_GLOBAL/SPA-012.fna,1,1594396,1594396,1594396,39.06878,0,PASS,PASS,NOT_COMPUTED,NOT_COMPUTED,NCBI_H_PYLORI_RECORD,PASS
HPGP_GLOBAL,SPA-015,GCA_034915365.1,data/assemblies/HPGP_GLOBAL/SPA-015.fna,1,1646794,1646794,1646794,38.92867,0,PASS,PASS,NOT_COMPUTED,NOT_COMPUTED,NCBI_H_PYLORI_RECORD,PASS
HPGP_GLOBAL,SPA-017,GCA_034913285.1,data/assemblies/HPGP_GLOBAL/SPA-017.fna,1,1677543,1677543,1677543,38.87978,0,PASS,PASS,NOT_COMPUTED,NOT_COMPUTED,NCBI_H_PYLORI_RECORD,PASS
HPGP_GLOBAL,SPA-101,GCA_034860465.1,data/assemblies/HPGP_GLOBAL/SPA-101.fna,1,1680860,1680860,1680860,38.76379,0,PASS,PASS,NOT_COMPUTED,NOT_COMPUTED,NCBI_H_PYLORI_RECORD,PASS
HPGP_GLOBAL,SPA-105,GCA_034860385.1,data/assemblies/HPGP_GLOBAL/SPA-105.fna,1,1578300,1578300,1578300,39.17576,0,PASS,PASS,NOT_COMPUTED,NOT_COMPUTED,NCBI_H_PYLORI_RECORD,PASS
HPGP_GLOBAL,SPA-108,GCA_034860345.1,data/assemblies/HPGP_GLOBAL/SPA-108.fna,1,1615293,1615293,1615293,39.03348,0,PASS,PASS,NOT_COMPUTED,NOT_COMPUTED,NCBI_H_PYLORI_RECORD,PASS
HPGP_GLOBAL,SPA-111,GCA_034860305.1,data/assemblies/HPGP_GLOBAL/SPA-111.fna,1,1570816,1570816,1570816,39.21414,0,PASS,PASS,NOT_COMPUTED,NOT_COMPUTED,NCBI_H_PYLORI_RECORD,PASS
HPGP_GLOBAL,SPA-201,GCA_034860285.1,data/assemblies/HPGP_GLOBAL/SPA-201.fna,1,1676894,1676894,1676894,38.82559,0,PASS,PASS,NOT_COMPUTED,NOT_COMPUTED,NCBI_H_PYLORI_RECORD,PASS
HPGP_GLOBAL,SPA-202,GCA_034860265.1,data/assemblies/HPGP_GLOBAL/SPA-202.fna,1,1688307,1688307,1688307,39.07246,0,PASS,PASS,NOT_COMPUTED,NOT_COMPUTED,NCBI_H_PYLORI_RECORD,PASS
HPGP_GLOBAL,SPA-203,GCA_034860245.1,data/assemblies/HPGP_GLOBAL/SPA-203.fna,1,1617854,1617854,1617854,39.06712,0,PASS,PASS,NOT_COMPUTED,NOT_COMPUTED,NCBI_H_PYLORI_RECORD,PASS
HPGP_GLOBAL,SPA-205,GCA_034860205.1,data/assemblies/HPGP_GLOBAL/SPA-205.fna,1,1576095,1576095,1576095,39.11008,0,PASS,PASS,NOT_COMPUTED,NOT_COMPUTED,NCBI_H_PYLORI_RECORD,PASS
HPGP_GLOBAL,SPA-210,GCA_034860125.1,data/assemblies/HPGP_GLOBAL/SPA-210.fna,1,1587919,1587919,1587919,39.07208,0,PASS,PASS,NOT_COMPUTED,NOT_COMPUTED,NCBI_H_PYLORI_RECORD,PASS
HPGP_GLOBAL,SPA-301,GCA_034860105.1,data/assemblies/HPGP_GLOBAL/SPA-301.fna,1,1659411,1659411,1659411,38.95611,0,PASS,PASS,NOT_COMPUTED,NOT_COMPUTED,NCBI_H_PYLORI_RECORD,PASS
HPGP_GLOBAL,SPA-303,GCA_034860065.1,data/assemblies/HPGP_GLOBAL/SPA-303.fna,1,1620854,1620854,1620854,39.00888,0,PASS,PASS,NOT_COMPUTED,NOT_COMPUTED,NCBI_H_PYLORI_RECORD,PASS
HPGP_GLOBAL,SPA-311,GCA_034859905.1,data/assemblies/HPGP_GLOBAL/SPA-311.fna,1,1619032,1619032,1619032,39.02295,0,PASS,PASS,NOT_COMPUTED,NOT_COMPUTED,NCBI_H_PYLORI_RECORD,PASS
HPGP_GLOBAL,SPA-312,GCA_034859885.1,data/assemblies/HPGP_GLOBAL/SPA-312.fna,1,1660119,1660119,1660119,38.87571,0,PASS,PASS,NOT_COMPUTED,NOT_COMPUTED,NCBI_H_PYLORI_RECORD,PASS
HPGP_GLOBAL,SPA-315,GCA_034859825.1,data/assemblies/HPGP_GLOBAL/SPA-315.fna,1,1639320,1639320,1639320,38.92876,0,PASS,PASS,NOT_COMPUTED,NOT_COMPUTED,NCBI_H_PYLORI_RECORD,PASS
HPGP_GLOBAL,SPA-318,GCA_034859765.1,data/assemblies/HPGP_GLOBAL/SPA-318.fna,1,1678202,1678202,1678202,38.86618,0,PASS,PASS,NOT_COMPUTED,NOT_COMPUTED,NCBI_H_PYLORI_RECORD,PASS
HPGP_GLOBAL,SPA-321,GCA_034859705.1,data/assemblies/HPGP_GLOBAL/SPA-321.fna,1,1679943,1679943,1679943,38.91418,0,PASS,PASS,NOT_COMPUTED,NOT_COMPUTED,NCBI_H_PYLORI_RECORD,PASS
HPGP_GLOBAL,SPA-401,GCA_034859015.1,data/assemblies/HPGP_GLOBAL/SPA-401.fna,1,1606438,1606438,1606438,39.02093,0,PASS,PASS,NOT_COMPUTED,NOT_COMPUTED,NCBI_H_PYLORI_RECORD,PASS
HPGP_GLOBAL,SPA-405,GCA_034858875.1,data/assemblies/HPGP_GLOBAL/SPA-405.fna,1,1699624,1699624,1699624,38.83712,0,PASS,PASS,NOT_COMPUTED,NOT_COMPUTED,NCBI_H_PYLORI_RECORD,PASS
HPGP_GLOBAL,SPA-413,GCA_034858795.1,data/assemblies/HPGP_GLOBAL/SPA-413.fna,1,1674489,1674489,1674489,38.84033,0,PASS,PASS,NOT_COMPUTED,NOT_COMPUTED,NCBI_H_PYLORI_RECORD,PASS
HPGP_GLOBAL,SPA-502,GCA_034858735.1,data/assemblies/HPGP_GLOBAL/SPA-502.fna,1,1576526,1576526,1576526,39.15419,0,PASS,PASS,NOT_COMPUTED,NOT_COMPUTED,NCBI_H_PYLORI_RECORD,PASS
HPGP_GLOBAL,SPA-504,GCA_034858695.1,data/assemblies/HPGP_GLOBAL/SPA-504.fna,1,1640813,1640813,1640813,38.91254,0,PASS,PASS,NOT_COMPUTED,NOT_COMPUTED,NCBI_H_PYLORI_RECORD,PASS
HPGP_GLOBAL,SPA-508,GCA_034858615.1,data/assemblies/HPGP_GLOBAL/SPA-508.fna,1,1628029,1628029,1628029,38.96251,0,PASS,PASS,NOT_COMPUTED,NOT_COMPUTED,NCBI_H_PYLORI_RECORD,PASS
HPGP_GLOBAL,SPA-509,GCA_034858595.1,data/assemblies/HPGP_GLOBAL/SPA-509.fna,1,1663455,1663455,1663455,38.92333,0,PASS,PASS,NOT_COMPUTED,NOT_COMPUTED,NCBI_H_PYLORI_RECORD,PASS
HPGP_GLOBAL,SPA-607,GCA_034858495.1,data/assemblies/HPGP_GLOBAL/SPA-607.fna,1,1678132,1678132,1678132,38.80875,0,PASS,PASS,NOT_COMPUTED,NOT_COMPUTED,NCBI_H_PYLORI_RECORD,PASS
HPGP_GLOBAL,SPA-609,GCA_034858475.1,data/assemblies/HPGP_GLOBAL/SPA-609.fna,1,1643170,1643170,1643170,39.0469,0,PASS,PASS,NOT_COMPUTED,NOT_COMPUTED,NCBI_H_PYLORI_RECORD,PASS
HPGP_GLOBAL,SPA-703,GCA_034858375.1,data/assemblies/HPGP_GLOBAL/SPA-703.fna,1,1581418,1581418,1581418,39.14095,0,PASS,PASS,NOT_COMPUTED,NOT_COMPUTED,NCBI_H_PYLORI_RECORD,PASS
HPGP_GLOBAL,SPA-705,GCA_034858335.1,data/assemblies/HPGP_GLOBAL/SPA-705.fna,1,1587290,1587290,1587290,39.04302,0,PASS,PASS,NOT_COMPUTED,NOT_COMPUTED,NCBI_H_PYLORI_RECORD,PASS
HPGP_GLOBAL,SPA-707,GCA_034858295.1,data/assemblies/HPGP_GLOBAL/SPA-707.fna,1,1706700,1706700,1706700,38.76586,0,PASS,PASS,NOT_COMPUTED,NOT_COMPUTED,NCBI_H_PYLORI_RECORD,PASS
HPGP_GLOBAL,SPA-801,GCA_034856515.1,data/assemblies/HPGP_GLOBAL/SPA-801.fna,1,1677924,1677924,1677924,38.83179,0,PASS,PASS,NOT_COMPUTED,NOT_COMPUTED,NCBI_H_PYLORI_RECORD,PASS
HPGP_GLOBAL,SPA-803,GCA_034856475.1,data/assemblies/HPGP_GLOBAL/SPA-803.fna,1,1625750,1625750,1625750,38.99579,0,PASS,PASS,NOT_COMPUTED,NOT_COMPUTED,NCBI_H_PYLORI_RECORD,PASS
HPGP_GLOBAL,SPA-805,GCA_034856435.1,data/assemblies/HPGP_GLOBAL/SPA-805.fna,1,1586055,1586055,1586055,39.15135,0,PASS,PASS,NOT_COMPUTED,NOT_COMPUTED,NCBI_H_PYLORI_RECORD,PASS
HPGP_GLOBAL,SPA-806,GCA_034856415.1,data/assemblies/HPGP_GLOBAL/SPA-806.fna,1,1642348,1642348,1642348,38.89949,0,PASS,PASS,NOT_COMPUTED,NOT_COMPUTED,NCBI_H_PYLORI_RECORD,PASS
HPGP_GLOBAL,SWE-006,GCA_034897205.1,data/assemblies/HPGP_GLOBAL/SWE-006.fna,1,1642130,1642130,1642130,38.856,0,PASS,PASS,NOT_COMPUTED,NOT_COMPUTED,NCBI_H_PYLORI_RECORD,PASS
HPGP_GLOBAL,SWE-008,GCA_034895665.1,data/assemblies/HPGP_GLOBAL/SWE-008.fna,1,1678454,1678454,1678454,38.82549,0,PASS,PASS,NOT_COMPUTED,NOT_COMPUTED,NCBI_H_PYLORI_RECORD,PASS
HPGP_GLOBAL,SWE-010,GCA_034895065.1,data/assemblies/HPGP_GLOBAL/SWE-010.fna,1,1681953,1681953,1681953,38.84996,0,PASS,PASS,NOT_COMPUTED,NOT_COMPUTED,NCBI_H_PYLORI_RECORD,PASS
HPGP_GLOBAL,SWE-015,GCA_034892165.1,data/assemblies/HPGP_GLOBAL/SWE-015.fna,1,1634654,1634654,1634654,38.99174,0,PASS,PASS,NOT_COMPUTED,NOT_COMPUTED,NCBI_H_PYLORI_RECORD,PASS
HPGP_GLOBAL,SWE-016,GCA_034891065.1,data/assemblies/HPGP_GLOBAL/SWE-016.fna,1,1617426,1617426,1617426,38.96933,0,PASS,PASS,NOT_COMPUTED,NOT_COMPUTED,NCBI_H_PYLORI_RECORD,PASS
HPGP_GLOBAL,SWE-026,GCA_034884265.1,data/assemblies/HPGP_GLOBAL/SWE-026.fna,1,1654901,1654901,1654901,38.87997,0,PASS,PASS,NOT_COMPUTED,NOT_COMPUTED,NCBI_H_PYLORI_RECORD,PASS
HPGP_GLOBAL,SWE-028,GCA_034882165.1,data/assemblies/HPGP_GLOBAL/SWE-028.fna,1,1649875,1649875,1649875,38.84834,0,PASS,PASS,NOT_COMPUTED,NOT_COMPUTED,NCBI_H_PYLORI_RECORD,PASS
HPGP_GLOBAL,SWE-031,GCA_034880085.1,data/assemblies/HPGP_GLOBAL/SWE-031.fna,1,1643191,1643191,1643191,38.92086,0,PASS,PASS,NOT_COMPUTED,NOT_COMPUTED,NCBI_H_PYLORI_RECORD,PASS
HPGP_GLOBAL,SWT-001,GCA_034875585.1,data/assemblies/HPGP_GLOBAL/SWT-001.fna,1,1667389,1667389,1667389,38.86514,0,PASS,PASS,NOT_COMPUTED,NOT_COMPUTED,NCBI_H_PYLORI_RECORD,PASS
HPGP_GLOBAL,SWT-002,GCA_034874685.1,data/assemblies/HPGP_GLOBAL/SWT-002.fna,1,1593038,1593038,1593038,39.00698,0,PASS,PASS,NOT_COMPUTED,NOT_COMPUTED,NCBI_H_PYLORI_RECORD,PASS
HPGP_GLOBAL,SWT-004,GCA_034873765.1,data/assemblies/HPGP_GLOBAL/SWT-004.fna,1,1679177,1679177,1679177,38.74809,0,PASS,PASS,NOT_COMPUTED,NOT_COMPUTED,NCBI_H_PYLORI_RECORD,PASS
HPGP_GLOBAL,SWT-005,GCA_034872705.1,data/assemblies/HPGP_GLOBAL/SWT-005.fna,1,1678855,1678855,1678855,38.77625,0,PASS,PASS,NOT_COMPUTED,NOT_COMPUTED,NCBI_H_PYLORI_RECORD,PASS
HPGP_GLOBAL,SWT-006,GCA_034871625.1,data/assemblies/HPGP_GLOBAL/SWT-006.fna,1,1611621,1611621,1611621,38.9622,0,PASS,PASS,NOT_COMPUTED,NOT_COMPUTED,NCBI_H_PYLORI_RECORD,PASS
HPGP_GLOBAL,SWT-008,GCA_034869635.1,data/assemblies/HPGP_GLOBAL/SWT-008.fna,1,1638450,1638450,1638450,38.88559,0,PASS,PASS,NOT_COMPUTED,NOT_COMPUTED,NCBI_H_PYLORI_RECORD,PASS
HPGP_GLOBAL,SWT-010,GCA_034868825.1,data/assemblies/HPGP_GLOBAL/SWT-010.fna,1,1650513,1650513,1650513,38.80945,0,PASS,PASS,NOT_COMPUTED,NOT_COMPUTED,NCBI_H_PYLORI_RECORD,PASS
HPGP_GLOBAL,SWT-011,GCA_034868145.1,data/assemblies/HPGP_GLOBAL/SWT-011.fna,1,1648229,1648229,1648229,38.91413,0,PASS,PASS,NOT_COMPUTED,NOT_COMPUTED,NCBI_H_PYLORI_RECORD,PASS
HPGP_GLOBAL,SWT-012,GCA_034867325.1,data/assemblies/HPGP_GLOBAL/SWT-012.fna,1,1605427,1605427,1605427,39.07048,0,PASS,PASS,NOT_COMPUTED,NOT_COMPUTED,NCBI_H_PYLORI_RECORD,PASS
HPGP_GLOBAL,SWT-013,GCA_034866505.1,data/assemblies/HPGP_GLOBAL/SWT-013.fna,1,1567886,1567886,1567886,39.10603,0,PASS,PASS,NOT_COMPUTED,NOT_COMPUTED,NCBI_H_PYLORI_RECORD,PASS
HPGP_GLOBAL,SWT-014,GCA_034866485.1,data/assemblies/HPGP_GLOBAL/SWT-014.fna,1,1636257,1636257,1636257,38.9308,0,PASS,PASS,NOT_COMPUTED,NOT_COMPUTED,NCBI_H_PYLORI_RECORD,PASS
HPGP_GLOBAL,SWT-015,GCA_034866465.1,data/assemblies/HPGP_GLOBAL/SWT-015.fna,1,1612015,1612015,1612015,39.04467,0,PASS,PASS,NOT_COMPUTED,NOT_COMPUTED,NCBI_H_PYLORI_RECORD,PASS
HPGP_GLOBAL,SWT-017,GCA_034866445.1,data/assemblies/HPGP_GLOBAL/SWT-017.fna,1,1600599,1600599,1600599,39.03139,0,PASS,PASS,NOT_COMPUTED,NOT_COMPUTED,NCBI_H_PYLORI_RECORD,PASS
HPGP_GLOBAL,TUR-001,GCA_034856355.1,data/assemblies/HPGP_GLOBAL/TUR-001.fna,1,1657499,1657499,1657499,38.91628,0,PASS,PASS,NOT_COMPUTED,NOT_COMPUTED,NCBI_H_PYLORI_RECORD,PASS
HPGP_GLOBAL,TUR-002,GCA_034939585.1,data/assemblies/HPGP_GLOBAL/TUR-002.fna,1,1583197,1583197,1583197,39.05414,0,PASS,PASS,NOT_COMPUTED,NOT_COMPUTED,NCBI_H_PYLORI_RECORD,PASS
HPGP_GLOBAL,TUR-003,GCA_034939565.1,data/assemblies/HPGP_GLOBAL/TUR-003.fna,1,1565271,1565271,1565271,39.12307,0,PASS,PASS,NOT_COMPUTED,NOT_COMPUTED,NCBI_H_PYLORI_RECORD,PASS
HPGP_GLOBAL,TUR-005,GCA_034939525.1,data/assemblies/HPGP_GLOBAL/TUR-005.fna,1,1584135,1584135,1584135,39.05456,0,PASS,PASS,NOT_COMPUTED,NOT_COMPUTED,NCBI_H_PYLORI_RECORD,PASS
HPGP_GLOBAL,TUR-008,GCA_034939465.1,data/assemblies/HPGP_GLOBAL/TUR-008.fna,1,1671771,1671771,1671771,38.83708,0,PASS,PASS,NOT_COMPUTED,NOT_COMPUTED,NCBI_H_PYLORI_RECORD,PASS
HPGP_GLOBAL,TUR-010,GCA_034939425.1,data/assemblies/HPGP_GLOBAL/TUR-010.fna,1,1617936,1617936,1617936,38.93473,0,PASS,PASS,NOT_COMPUTED,NOT_COMPUTED,NCBI_H_PYLORI_RECORD,PASS
HPGP_GLOBAL,TUR-011,GCA_034939405.1,data/assemblies/HPGP_GLOBAL/TUR-011.fna,1,1646871,1646871,1646871,38.76509,0,PASS,PASS,NOT_COMPUTED,NOT_COMPUTED,NCBI_H_PYLORI_RECORD,PASS
HPGP_GLOBAL,TUR-014,GCA_034938665.1,data/assemblies/HPGP_GLOBAL/TUR-014.fna,1,1634228,1634228,1634228,38.86802,0,PASS,PASS,NOT_COMPUTED,NOT_COMPUTED,NCBI_H_PYLORI_RECORD,PASS
HPGP_GLOBAL,TUR-017,GCA_034936625.1,data/assemblies/HPGP_GLOBAL/TUR-017.fna,1,1665676,1665676,1665676,38.871,0,PASS,PASS,NOT_COMPUTED,NOT_COMPUTED,NCBI_H_PYLORI_RECORD,PASS
HPGP_GLOBAL,TUR-023,GCA_034933665.1,data/assemblies/HPGP_GLOBAL/TUR-023.fna,1,1664066,1664066,1664066,38.83716,0,PASS,PASS,NOT_COMPUTED,NOT_COMPUTED,NCBI_H_PYLORI_RECORD,PASS
HPGP_GLOBAL,TWN-001,GCA_034948945.1,data/assemblies/HPGP_GLOBAL/TWN-001.fna,1,1615426,1615426,1615426,38.7569,0,PASS,PASS,NOT_COMPUTED,NOT_COMPUTED,NCBI_H_PYLORI_RECORD,PASS
HPGP_GLOBAL,TWN-004,GCA_034947145.1,data/assemblies/HPGP_GLOBAL/TWN-004.fna,1,1579874,1579874,1579874,38.84848,0,PASS,PASS,NOT_COMPUTED,NOT_COMPUTED,NCBI_H_PYLORI_RECORD,PASS
HPGP_GLOBAL,TWN-005,GCA_034946665.1,data/assemblies/HPGP_GLOBAL/TWN-005.fna,1,1596199,1596199,1596199,38.76096,0,PASS,PASS,NOT_COMPUTED,NOT_COMPUTED,NCBI_H_PYLORI_RECORD,PASS
HPGP_GLOBAL,TWN-006,GCA_034946145.1,data/assemblies/HPGP_GLOBAL/TWN-006.fna,1,1601009,1601009,1601009,38.78592,0,PASS,PASS,NOT_COMPUTED,NOT_COMPUTED,NCBI_H_PYLORI_RECORD,PASS
HPGP_GLOBAL,TWN-007,GCA_034945485.1,data/assemblies/HPGP_GLOBAL/TWN-007.fna,1,1628677,1628677,1628677,38.68907,0,PASS,PASS,NOT_COMPUTED,NOT_COMPUTED,NCBI_H_PYLORI_RECORD,PASS
HPGP_GLOBAL,TWN-008,GCA_034945065.1,data/assemblies/HPGP_GLOBAL/TWN-008.fna,1,1585459,1585459,1585459,38.80763,0,PASS,PASS,NOT_COMPUTED,NOT_COMPUTED,NCBI_H_PYLORI_RECORD,PASS
HPGP_GLOBAL,TWN-009,GCA_034944505.1,data/assemblies/HPGP_GLOBAL/TWN-009.fna,1,1577218,1577218,1577218,38.87097,0,PASS,PASS,NOT_COMPUTED,NOT_COMPUTED,NCBI_H_PYLORI_RECORD,PASS
HPGP_GLOBAL,TWN-020,GCA_034941525.1,data/assemblies/HPGP_GLOBAL/TWN-020.fna,1,1634172,1634172,1634172,38.69164,0,PASS,PASS,NOT_COMPUTED,NOT_COMPUTED,NCBI_H_PYLORI_RECORD,PASS
HPGP_GLOBAL,TWN-022,GCA_034940425.1,data/assemblies/HPGP_GLOBAL/TWN-022.fna,1,1558101,1558101,1558101,38.90601,0,PASS,PASS,NOT_COMPUTED,NOT_COMPUTED,NCBI_H_PYLORI_RECORD,PASS
HPGP_GLOBAL,TWN-023,GCA_034939685.1,data/assemblies/HPGP_GLOBAL/TWN-023.fna,1,1560258,1560258,1560258,38.86915,0,PASS,PASS,NOT_COMPUTED,NOT_COMPUTED,NCBI_H_PYLORI_RECORD,PASS
HPGP_GLOBAL,USA-002,GCA_034856215.1,data/assemblies/HPGP_GLOBAL/USA-002.fna,1,1678929,1678929,1678929,38.8721,0,PASS,PASS,NOT_COMPUTED,NOT_COMPUTED,NCBI_H_PYLORI_RECORD,PASS
HPGP_GLOBAL,USA-003,GCA_034856195.1,data/assemblies/HPGP_GLOBAL/USA-003.fna,1,1658442,1658442,1658442,39.06745,0,PASS,PASS,NOT_COMPUTED,NOT_COMPUTED,NCBI_H_PYLORI_RECORD,PASS
HPGP_GLOBAL,USA-102,GCA_034856055.1,data/assemblies/HPGP_GLOBAL/USA-102.fna,1,1706986,1706986,1706986,38.93359,0,PASS,PASS,NOT_COMPUTED,NOT_COMPUTED,NCBI_H_PYLORI_RECORD,PASS
HPGP_GLOBAL,USA-104,GCA_034856035.1,data/assemblies/HPGP_GLOBAL/USA-104.fna,1,1633887,1633887,1633887,39.27071,0,PASS,PASS,NOT_COMPUTED,NOT_COMPUTED,NCBI_H_PYLORI_RECORD,PASS
HPGP_GLOBAL,USA-105,GCA_034856015.1,data/assemblies/HPGP_GLOBAL/USA-105.fna,1,1668895,1668895,1668895,39.08712,0,PASS,PASS,NOT_COMPUTED,NOT_COMPUTED,NCBI_H_PYLORI_RECORD,PASS
HPGP_GLOBAL,USA-106,GCA_034855995.1,data/assemblies/HPGP_GLOBAL/USA-106.fna,1,1653583,1653583,1653583,38.84776,0,PASS,PASS,NOT_COMPUTED,NOT_COMPUTED,NCBI_H_PYLORI_RECORD,PASS
HPGP_GLOBAL,USA-202,GCA_034855855.1,data/assemblies/HPGP_GLOBAL/USA-202.fna,1,1640108,1640108,1640108,39.17449,0,PASS,PASS,NOT_COMPUTED,NOT_COMPUTED,NCBI_H_PYLORI_RECORD,PASS
HPGP_GLOBAL,USA-204,GCA_034855815.1,data/assemblies/HPGP_GLOBAL/USA-204.fna,1,1742736,1742736,1742736,38.6525,0,PASS,PASS,NOT_COMPUTED,NOT_COMPUTED,NCBI_H_PYLORI_RECORD,PASS
HPGP_GLOBAL,USA-206,GCA_034855775.1,data/assemblies/HPGP_GLOBAL/USA-206.fna,1,1712228,1712228,1712228,38.91024,0,PASS,PASS,NOT_COMPUTED,NOT_COMPUTED,NCBI_H_PYLORI_RECORD,PASS
HPGP_GLOBAL,USA-207,GCA_034855755.1,data/assemblies/HPGP_GLOBAL/USA-207.fna,1,1565497,1565497,1565497,39.21055,0,PASS,PASS,NOT_COMPUTED,NOT_COMPUTED,NCBI_H_PYLORI_RECORD,PASS
HPGP_GLOBAL,USA-302,GCA_034855695.1,data/assemblies/HPGP_GLOBAL/USA-302.fna,1,1660399,1660399,1660399,39.00761,0,PASS,PASS,NOT_COMPUTED,NOT_COMPUTED,NCBI_H_PYLORI_RECORD,PASS
HPGP_GLOBAL,USA-304,GCA_034855655.1,data/assemblies/HPGP_GLOBAL/USA-304.fna,1,1631362,1631362,1631362,39.29189,0,PASS,PASS,NOT_COMPUTED,NOT_COMPUTED,NCBI_H_PYLORI_RECORD,PASS
HPGP_GLOBAL,USA-311,GCA_034855595.1,data/assemblies/HPGP_GLOBAL/USA-311.fna,1,1680096,1680096,1680096,39.01277,0,PASS,PASS,NOT_COMPUTED,NOT_COMPUTED,NCBI_H_PYLORI_RECORD,PASS
HPGP_GLOBAL,USA-406,GCA_034850955.1,data/assemblies/HPGP_GLOBAL/USA-406.fna,1,1637717,1637717,1637717,39.17789,0,PASS,PASS,NOT_COMPUTED,NOT_COMPUTED,NCBI_H_PYLORI_RECORD,PASS
HPGP_GLOBAL,USA-414,GCA_034846875.1,data/assemblies/HPGP_GLOBAL/USA-414.fna,1,1605620,1605620,1605620,39.09686,0,PASS,PASS,NOT_COMPUTED,NOT_COMPUTED,NCBI_H_PYLORI_RECORD,PASS
HPGP_GLOBAL,ZAF-001,GCA_034827045.1,data/assemblies/HPGP_GLOBAL/ZAF-001.fna,1,1714499,1714499,1714499,38.34665,0,PASS,PASS,NOT_COMPUTED,NOT_COMPUTED,NCBI_H_PYLORI_RECORD,PASS
HPGP_GLOBAL,ZAF-002,GCA_034825975.1,data/assemblies/HPGP_GLOBAL/ZAF-002.fna,1,1725063,1725063,1725063,38.85464,0,PASS,PASS,NOT_COMPUTED,NOT_COMPUTED,NCBI_H_PYLORI_RECORD,PASS
HPGP_GLOBAL,ZAF-004,GCA_034825105.1,data/assemblies/HPGP_GLOBAL/ZAF-004.fna,1,1666673,1666673,1666673,39.04569,0,PASS,PASS,NOT_COMPUTED,NOT_COMPUTED,NCBI_H_PYLORI_RECORD,PASS
HPGP_GLOBAL,ZAF-006,GCA_034824265.1,data/assemblies/HPGP_GLOBAL/ZAF-006.fna,1,1641225,1641225,1641225,38.56107,0,PASS,PASS,NOT_COMPUTED,NOT_COMPUTED,NCBI_H_PYLORI_RECORD,PASS
ZENODO_10369064,S01,10.5281/zenodo.10369064,data/assemblies/ZENODO_10369064/S01.fna,65,1587473,55016,170632,38.7017,0,PASS,PASS,NOT_COMPUTED,NOT_COMPUTED,PENDING_GENOME_QC,PASS
ZENODO_10369064,S03,10.5281/zenodo.10369064,data/assemblies/ZENODO_10369064/S03.fna,152,1578522,19523,60027,38.6924,0,PASS,PASS,NOT_COMPUTED,NOT_COMPUTED,PENDING_GENOME_QC,PASS
ZENODO_10369064,S04,10.5281/zenodo.10369064,data/assemblies/ZENODO_10369064/S04.fna,88,1566831,36633,120422,38.81178,0,PASS,PASS,NOT_COMPUTED,NOT_COMPUTED,PENDING_GENOME_QC,PASS
ZENODO_10369064,S05,10.5281/zenodo.10369064,data/assemblies/ZENODO_10369064/S05.fna,84,1570440,38817,185127,38.78703,0,PASS,PASS,NOT_COMPUTED,NOT_COMPUTED,PENDING_GENOME_QC,PASS
ZENODO_10369064,S06,10.5281/zenodo.10369064,data/assemblies/ZENODO_10369064/S06.fna,62,1571825,48060,110336,38.88531,0,PASS,PASS,NOT_COMPUTED,NOT_COMPUTED,PENDING_GENOME_QC,PASS
ZENODO_10369064,S07,10.5281/zenodo.10369064,data/assemblies/ZENODO_10369064/S07.fna,150,1549440,19036,81986,38.92355,0,PASS,PASS,NOT_COMPUTED,NOT_COMPUTED,PENDING_GENOME_QC,PASS
ZENODO_10369064,S08,10.5281/zenodo.10369064,data/assemblies/ZENODO_10369064/S08.fna,54,1551244,63727,201663,38.85146,0,PASS,PASS,NOT_COMPUTED,NOT_COMPUTED,PENDING_GENOME_QC,PASS
ZENODO_10369064,S09,10.5281/zenodo.10369064,data/assemblies/ZENODO_10369064/S09.fna,78,1553908,52127,112667,38.92161,0,PASS,PASS,NOT_COMPUTED,NOT_COMPUTED,PENDING_GENOME_QC,PASS
ZENODO_10369064,S10,10.5281/zenodo.10369064,data/assemblies/ZENODO_10369064/S10.fna,162,1568033,18874,55897,38.82858,0,PASS,PASS,NOT_COMPUTED,NOT_COMPUTED,PENDING_GENOME_QC,PASS
ZENODO_10369064,S11,10.5281/zenodo.10369064,data/assemblies/ZENODO_10369064/S11.fna,83,1542163,37676,134421,38.87002,0,PASS,PASS,NOT_COMPUTED,NOT_COMPUTED,PENDING_GENOME_QC,PASS
ZENODO_10369064,S12,10.5281/zenodo.10369064,data/assemblies/ZENODO_10369064/S12.fna,58,1616845,59736,213153,38.69381,0,PASS,PASS,NOT_COMPUTED,NOT_COMPUTED,PENDING_GENOME_QC,PASS
ZENODO_10369064,S13,10.5281/zenodo.10369064,data/assemblies/ZENODO_10369064/S13.fna,93,1576699,31325,117175,38.74386,0,PASS,PASS,NOT_COMPUTED,NOT_COMPUTED,PENDING_GENOME_QC,PASS
ZENODO_10369064,S14,10.5281/zenodo.10369064,data/assemblies/ZENODO_10369064/S14.fna,73,1609784,42532,162726,38.68184,0,PASS,PASS,NOT_COMPUTED,NOT_COMPUTED,PENDING_GENOME_QC,PASS
ZENODO_10369064,S15,10.5281/zenodo.10369064,data/assemblies/ZENODO_10369064/S15.fna,103,1539002,27028,92811,38.92581,0,PASS,PASS,NOT_COMPUTED,NOT_COMPUTED,PENDING_GENOME_QC,PASS
ZENODO_10369064,S16,10.5281/zenodo.10369064,data/assemblies/ZENODO_10369064/S16.fna,57,1611335,74624,288696,38.65025,0,PASS,PASS,NOT_COMPUTED,NOT_COMPUTED,PENDING_GENOME_QC,PASS
ZENODO_10369064,S17,10.5281/zenodo.10369064,data/assemblies/ZENODO_10369064/S17.fna,88,1547945,35980,79818,38.87412,0,PASS,PASS,NOT_COMPUTED,NOT_COMPUTED,PENDING_GENOME_QC,PASS
ZENODO_10369064,S18,10.5281/zenodo.10369064,data/assemblies/ZENODO_10369064/S18.fna,101,1561586,45995,137841,38.83385,0,PASS,PASS,NOT_COMPUTED,NOT_COMPUTED,PENDING_GENOME_QC,PASS
ZENODO_10369064,S19,10.5281/zenodo.10369064,data/assemblies/ZENODO_10369064/S19.fna,198,1591410,18091,59989,38.66144,0,PASS,PASS,NOT_COMPUTED,NOT_COMPUTED,PENDING_GENOME_QC,PASS
ZENODO_10369064,S20,10.5281/zenodo.10369064,data/assemblies/ZENODO_10369064/S20.fna,49,1542703,66709,259950,38.91274,0,PASS,PASS,NOT_COMPUTED,NOT_COMPUTED,PENDING_GENOME_QC,PASS
ZENODO_10369064,S21,10.5281/zenodo.10369064,data/assemblies/ZENODO_10369064/S21.fna,411,1656806,16813,65244,38.57621,0,PASS,FAIL,NOT_COMPUTED,NOT_COMPUTED,PENDING_GENOME_QC,FAIL
ZENODO_10369064,S23,10.5281/zenodo.10369064,data/assemblies/ZENODO_10369064/S23.fna,69,1603351,48383,115708,38.62167,0,PASS,PASS,NOT_COMPUTED,NOT_COMPUTED,PENDING_GENOME_QC,PASS
ZENODO_10369064,S24,10.5281/zenodo.10369064,data/assemblies/ZENODO_10369064/S24.fna,71,1548572,36730,111778,38.81673,0,PASS,PASS,NOT_COMPUTED,NOT_COMPUTED,PENDING_GENOME_QC,PASS
ZENODO_10369064,S25,10.5281/zenodo.10369064,data/assemblies/ZENODO_10369064/S25.fna,63,1576749,54774,122666,38.83009,0,PASS,PASS,NOT_COMPUTED,NOT_COMPUTED,PENDING_GENOME_QC,PASS
ZENODO_10369064,S26,10.5281/zenodo.10369064,data/assemblies/ZENODO_10369064/S26.fna,113,1600590,30342,80086,38.7176,0,PASS,PASS,NOT_COMPUTED,NOT_COMPUTED,PENDING_GENOME_QC,PASS
ZENODO_10369064,S27,10.5281/zenodo.10369064,data/assemblies/ZENODO_10369064/S27.fna,1026,1382268,1955,9634,39.08482,0,FAIL,FAIL,NOT_COMPUTED,NOT_COMPUTED,PENDING_GENOME_QC,FAIL
ZENODO_10369064,S28,10.5281/zenodo.10369064,data/assemblies/ZENODO_10369064/S28.fna,46,1563224,104114,361586,38.83909,0,PASS,PASS,NOT_COMPUTED,NOT_COMPUTED,PENDING_GENOME_QC,PASS
ZENODO_10369064,S29,10.5281/zenodo.10369064,data/assemblies/ZENODO_10369064/S29.fna,42,1531182,68279,240673,38.9407,0,PASS,PASS,NOT_COMPUTED,NOT_COMPUTED,PENDING_GENOME_QC,PASS
ZENODO_10369064,S30,10.5281/zenodo.10369064,data/assemblies/ZENODO_10369064/S30.fna,215,1540640,13553,46880,38.84691,0,PASS,PASS,NOT_COMPUTED,NOT_COMPUTED,PENDING_GENOME_QC,PASS
ZENODO_10369064,S31,10.5281/zenodo.10369064,data/assemblies/ZENODO_10369064/S31.fna,69,1538493,38763,155137,38.85796,0,PASS,PASS,NOT_COMPUTED,NOT_COMPUTED,PENDING_GENOME_QC,PASS
ZENODO_10369064,S32,10.5281/zenodo.10369064,data/assemblies/ZENODO_10369064/S32.fna,71,1583649,46609,112236,38.78536,0,PASS,PASS,NOT_COMPUTED,NOT_COMPUTED,PENDING_GENOME_QC,PASS
ZENODO_10369064,S33,10.5281/zenodo.10369064,data/assemblies/ZENODO_10369064/S33.fna,1204,1344219,1523,9842,38.96865,0,FAIL,FAIL,NOT_COMPUTED,NOT_COMPUTED,PENDING_GENOME_QC,FAIL
ZENODO_10369064,S34,10.5281/zenodo.10369064,data/assemblies/ZENODO_10369064/S34.fna,85,1585765,54219,129582,38.76255,0,PASS,PASS,NOT_COMPUTED,NOT_COMPUTED,PENDING_GENOME_QC,PASS
ZENODO_10369064,S35,10.5281/zenodo.10369064,data/assemblies/ZENODO_10369064/S35.fna,122,1603771,26530,73110,38.64623,0,PASS,PASS,NOT_COMPUTED,NOT_COMPUTED,PENDING_GENOME_QC,PASS
ZENODO_10369064,S36,10.5281/zenodo.10369064,data/assemblies/ZENODO_10369064/S36.fna,119,1610426,24618,70225,38.66474,0,PASS,PASS,NOT_COMPUTED,NOT_COMPUTED,PENDING_GENOME_QC,PASS
ZENODO_10369064,S37,10.5281/zenodo.10369064,data/assemblies/ZENODO_10369064/S37.fna,52,1606233,61579,270032,38.66133,0,PASS,PASS,NOT_COMPUTED,NOT_COMPUTED,PENDING_GENOME_QC,PASS
ZENODO_10369064,S39,10.5281/zenodo.10369064,data/assemblies/ZENODO_10369064/S39.fna,172,1630851,27423,110471,38.99486,0,PASS,PASS,NOT_COMPUTED,NOT_COMPUTED,PENDING_GENOME_QC,PASS
ZENODO_10369064,S41,10.5281/zenodo.10369064,data/assemblies/ZENODO_10369064/S41.fna,60,1640535,60096,159810,38.51006,0,PASS,PASS,NOT_COMPUTED,NOT_COMPUTED,PENDING_GENOME_QC,PASS
ZENODO_10369064,S42,10.5281/zenodo.10369064,data/assemblies/ZENODO_10369064/S42.fna,69,1595315,46593,152177,38.76676,0,PASS,PASS,NOT_COMPUTED,NOT_COMPUTED,PENDING_GENOME_QC,PASS
ZENODO_10369064,S43,10.5281/zenodo.10369064,data/assemblies/ZENODO_10369064/S43.fna,53,1554009,59231,234001,38.85061,0,PASS,PASS,NOT_COMPUTED,NOT_COMPUTED,PENDING_GENOME_QC,PASS
ZENODO_10369064,S45,10.5281/zenodo.10369064,data/assemblies/ZENODO_10369064/S45.fna,117,1628842,41638,123582,39.04252,0,PASS,PASS,NOT_COMPUTED,NOT_COMPUTED,PENDING_GENOME_QC,PASS
ZENODO_10369064,S46,10.5281/zenodo.10369064,data/assemblies/ZENODO_10369064/S46.fna,86,1623089,40208,204561,38.64163,0,PASS,PASS,NOT_COMPUTED,NOT_COMPUTED,PENDING_GENOME_QC,PASS
ZENODO_10369064,S47,10.5281/zenodo.10369064,data/assemblies/ZENODO_10369064/S47.fna,358,1648206,9709,42273,38.5973,0,PASS,FAIL,NOT_COMPUTED,NOT_COMPUTED,PENDING_GENOME_QC,FAIL
ZENODO_10369064,S48,10.5281/zenodo.10369064,data/assemblies/ZENODO_10369064/S48.fna,42,1629699,68282,215581,38.59118,0,PASS,PASS,NOT_COMPUTED,NOT_COMPUTED,PENDING_GENOME_QC,PASS
ZENODO_10369064,S49,10.5281/zenodo.10369064,data/assemblies/ZENODO_10369064/S49.fna,42,1596706,71434,380807,38.7908,0,PASS,PASS,NOT_COMPUTED,NOT_COMPUTED,PENDING_GENOME_QC,PASS
ZENODO_10369064,S50,10.5281/zenodo.10369064,data/assemblies/ZENODO_10369064/S50.fna,101,1614446,26072,77348,38.58234,0,PASS,PASS,NOT_COMPUTED,NOT_COMPUTED,PENDING_GENOME_QC,PASS
ZENODO_10369064,S52,10.5281/zenodo.10369064,data/assemblies/ZENODO_10369064/S52.fna,93,1596767,31832,116723,38.71366,0,PASS,PASS,NOT_COMPUTED,NOT_COMPUTED,PENDING_GENOME_QC,PASS
ZENODO_10369064,S54,10.5281/zenodo.10369064,data/assemblies/ZENODO_10369064/S54.fna,268,5705440,85122,248003,35.0612,0,FAIL,PASS,NOT_COMPUTED,NOT_COMPUTED,PENDING_GENOME_QC,FAIL
ZENODO_10369064,S55,10.5281/zenodo.10369064,data/assemblies/ZENODO_10369064/S55.fna,137,1606620,21410,87445,38.8187,0,PASS,PASS,NOT_COMPUTED,NOT_COMPUTED,PENDING_GENOME_QC,PASS
ZENODO_10369064,S56,10.5281/zenodo.10369064,data/assemblies/ZENODO_10369064/S56.fna,63,1603198,56647,138932,38.70876,0,PASS,PASS,NOT_COMPUTED,NOT_COMPUTED,PENDING_GENOME_QC,PASS
ZENODO_10369064,S57,10.5281/zenodo.10369064,data/assemblies/ZENODO_10369064/S57.fna,92,1575252,36659,115388,38.79443,0,PASS,PASS,NOT_COMPUTED,NOT_COMPUTED,PENDING_GENOME_QC,PASS
ZENODO_10369064,S58,10.5281/zenodo.10369064,data/assemblies/ZENODO_10369064/S58.fna,435,7305068,65539,238112,35.95455,0,FAIL,FAIL,NOT_COMPUTED,NOT_COMPUTED,PENDING_GENOME_QC,FAIL
ZENODO_10369064,S64,10.5281/zenodo.10369064,data/assemblies/ZENODO_10369064/S64.fna,42,1558583,77665,151948,38.87794,0,PASS,PASS,NOT_COMPUTED,NOT_COMPUTED,PENDING_GENOME_QC,PASS
