dataset_id,isolate_id,near_clone_group,group_size
CHINA_NINGXIA_2022,SHZY01,NCG0001,1
CHINA_NINGXIA_2022,SHZY02,NCG0002,1
CHINA_NINGXIA_2022,SHZY03,NCG0003,1
CHINA_NINGXIA_2022,SHZY04,NCG0004,1
CHINA_NINGXIA_2022,SHZY05,NCG0005,1
CHINA_NINGXIA_2022,SHZY06,NCG0006,1
CHINA_NINGXIA_2022,SHZY07,NCG0007,1
CHINA_NINGXIA_2022,SHZY08,NCG0008,1
CHINA_NINGXIA_2022,SHZY09,NCG0009,1
CHINA_NINGXIA_2022,SHZY10,NCG0010,1
CHINA_NINGXIA_2022,SHZY11,NCG0011,1
CHINA_NINGXIA_2022,SHZY12,NCG0012,1
CHINA_NINGXIA_2022,SHZY13,NCG0013,1
CHINA_NINGXIA_2022,SHZY14,NCG0014,1
CHINA_NINGXIA_2022,SHZY15,NCG0015,1
CHINA_NINGXIA_2022,SHZY16,NCG0016,1
CHINA_NINGXIA_2022,SHZY17,NCG0017,1
CHINA_NINGXIA_2022,SHZY18,NCG0018,1
CHINA_NINGXIA_2022,SHZY19,NCG0019,1
CHINA_NINGXIA_2022,SHZY20,NCG0020,1
CHINA_NINGXIA_2022,SHZY21,NCG0021,1
CHINA_NINGXIA_2022,SHZY22,NCG0022,1
CHINA_NINGXIA_2022,SHZY23,NCG0023,1
CHINA_NINGXIA_2022,SHZY24,NCG0024,1
CHINA_NINGXIA_2022,SHZY26,NCG0025,1
CHINA_NINGXIA_2022,SHZY27,NCG0026,1
CHINA_NINGXIA_2022,SHZY28,NCG0027,1
CHINA_NINGXIA_2022,SHZY29,NCG0028,1
CHINA_NINGXIA_2022,SHZY30,NCG0029,1
CHINA_NINGXIA_2022,SHZY31,NCG0030,1
CHINA_NINGXIA_2022,SHZY32,NCG0031,1
CHINA_NINGXIA_2022,SHZY33,NCG0032,1
CHINA_NINGXIA_2022,SHZY34,NCG0033,1
CHINA_NINGXIA_2022,SHZY35,NCG0034,1
CHINA_NINGXIA_2022,SHZY36,NCG0035,1
CHINA_NINGXIA_2022,SHZY37,NCG0036,1
CHINA_NINGXIA_2022,SHZY38,NCG0037,1
CHINA_NINGXIA_2022,SHZY39,NCG0038,1
CHINA_NINGXIA_2022,SHZY40,NCG0039,1
CHINA_NINGXIA_2022,SHZY41,NCG0040,1
CHINA_NINGXIA_2022,SHZY42,NCG0041,1
CHINA_NINGXIA_2022,SHZY43,NCG0042,1
CHINA_NINGXIA_2022,SHZY44,NCG0043,1
CHINA_NINGXIA_2022,SHZY45,NCG0044,1
CHINA_NINGXIA_2022,SHZY46,NCG0045,1
CHINA_NINGXIA_2022,SHZY47,NCG0046,1
CHINA_NINGXIA_2022,SHZY48,NCG0047,1
CHINA_NINGXIA_2022,SHZY49,NCG0048,1
CHINA_NINGXIA_2022,SHZY50,NCG0049,1
CHINA_NINGXIA_2022,SHZY51,NCG0050,1
CHINA_NINGXIA_2022,SHZY52,NCG0051,1
CHINA_NINGXIA_2022,SHZY53,NCG0052,1
CHINA_NINGXIA_2022,SHZY54,NCG0053,1
CHINA_NINGXIA_2022,SHZY55,NCG0054,1
CHINA_NINGXIA_2022,SHZY57,NCG0055,1
CHINA_NINGXIA_2022,SHZY59,NCG0056,1
CHINA_NINGXIA_2022,SHZY60,NCG0057,1
HPGP_GLOBAL,ALG-001,NCG0058,1
HPGP_GLOBAL,ALG-002,NCG0059,1
HPGP_GLOBAL,ALG-003,NCG0060,1
HPGP_GLOBAL,ALG-004,NCG0061,1
HPGP_GLOBAL,ALG-005,NCG0062,1
HPGP_GLOBAL,ALG-007,NCG0063,1
HPGP_GLOBAL,ALG-008,NCG0064,1
HPGP_GLOBAL,ALG-009,NCG0065,1
HPGP_GLOBAL,ALG-010,NCG0066,1
HPGP_GLOBAL,ARG-001,NCG0067,1
HPGP_GLOBAL,ARG-002,NCG0068,1
HPGP_GLOBAL,ARG-003,NCG0069,1
HPGP_GLOBAL,ARG-004,NCG0070,1
HPGP_GLOBAL,ARG-005,NCG0071,1
HPGP_GLOBAL,ARG-006,NCG0072,1
HPGP_GLOBAL,ARG-007,NCG0073,1
HPGP_GLOBAL,ARG-008,NCG0074,1
HPGP_GLOBAL,ARG-009,NCG0075,1
HPGP_GLOBAL,ARG-010,NCG0076,1
HPGP_GLOBAL,BRA-002,NCG0077,1
HPGP_GLOBAL,BRA-006,NCG0078,1
HPGP_GLOBAL,BRA-009,NCG0079,1
HPGP_GLOBAL,BRA-010,NCG0080,1
HPGP_GLOBAL,BRA-013,NCG0081,1
HPGP_GLOBAL,BRA-014,NCG0082,1
HPGP_GLOBAL,BRA-017,NCG0083,1
HPGP_GLOBAL,BRA-018,NCG0084,1
HPGP_GLOBAL,BRA-020,NCG0085,1
HPGP_GLOBAL,BRA-022,NCG0086,1
HPGP_GLOBAL,BRA-023,NCG0087,1
HPGP_GLOBAL,BRA-025,NCG0088,1
HPGP_GLOBAL,CHI-001,NCG0089,1
HPGP_GLOBAL,CHI-002,NCG0090,1
HPGP_GLOBAL,CHI-004,NCG0091,1
HPGP_GLOBAL,CHI-005,NCG0092,1
HPGP_GLOBAL,CHI-007,NCG0093,1
HPGP_GLOBAL,CHI-008,NCG0094,1
HPGP_GLOBAL,CHI-010,NCG0095,1
HPGP_GLOBAL,CHI-011,NCG0096,1
HPGP_GLOBAL,CHI-014,NCG0097,1
HPGP_GLOBAL,CHI-017,NCG0098,1
HPGP_GLOBAL,CHI-018,NCG0099,1
HPGP_GLOBAL,CHI-021,NCG0100,1
HPGP_GLOBAL,CHI-022,NCG0101,1
HPGP_GLOBAL,CHI-023,NCG0102,1
HPGP_GLOBAL,CHI-024,NCG0103,1
HPGP_GLOBAL,CHI-101,NCG0104,1
HPGP_GLOBAL,CHI-102,NCG0105,1
HPGP_GLOBAL,CHI-103,NCG0106,1
HPGP_GLOBAL,CHI-104,NCG0107,1
HPGP_GLOBAL,CHI-106,NCG0108,1
HPGP_GLOBAL,CHI-107,NCG0109,1
HPGP_GLOBAL,CHI-113,NCG0110,1
HPGP_GLOBAL,CHI-114,NCG0111,1
HPGP_GLOBAL,CHI-119,NCG0112,1
HPGP_GLOBAL,CHI-122,NCG0113,1
HPGP_GLOBAL,CHI-123,NCG0114,1
HPGP_GLOBAL,CHI-124,NCG0115,1
HPGP_GLOBAL,CHI-125,NCG0116,1
HPGP_GLOBAL,CHI-126,NCG0117,1
HPGP_GLOBAL,CHI-127,NCG0118,1
HPGP_GLOBAL,CHN-001,NCG0119,1
HPGP_GLOBAL,CHN-002,NCG0120,1
HPGP_GLOBAL,CHN-004,NCG0121,1
HPGP_GLOBAL,CHN-005,NCG0122,1
HPGP_GLOBAL,CHN-009,NCG0123,1
HPGP_GLOBAL,CHN-010,NCG0124,1
HPGP_GLOBAL,COL-003,NCG0125,1
HPGP_GLOBAL,COL-005,NCG0126,1
HPGP_GLOBAL,COL-006,NCG0127,1
HPGP_GLOBAL,COL-008,NCG0128,1
HPGP_GLOBAL,CRI-001,NCG0129,1
HPGP_GLOBAL,CRI-002,NCG0130,1
HPGP_GLOBAL,CRI-004,NCG0131,1
HPGP_GLOBAL,CRI-005,NCG0132,1
HPGP_GLOBAL,CRI-006,NCG0133,1
HPGP_GLOBAL,FRA-001,NCG0134,1
HPGP_GLOBAL,FRA-002,NCG0135,1
HPGP_GLOBAL,FRA-003,NCG0136,1
HPGP_GLOBAL,FRA-004,NCG0137,1
HPGP_GLOBAL,FRA-005,NCG0138,1
HPGP_GLOBAL,FRA-006,NCG0139,1
HPGP_GLOBAL,FRA-007,NCG0140,1
HPGP_GLOBAL,FRA-008,NCG0141,1
HPGP_GLOBAL,FRA-009,NCG0142,1
HPGP_GLOBAL,FRA-010,NCG0143,1
HPGP_GLOBAL,FRA-011,NCG0144,1
HPGP_GLOBAL,FRA-012,NCG0145,2
HPGP_GLOBAL,FRA-014,NCG0145,2
HPGP_GLOBAL,FRA-013,NCG0146,1
HPGP_GLOBAL,FRA-015,NCG0147,1
HPGP_GLOBAL,FRA-016,NCG0148,1
HPGP_GLOBAL,FRA-017,NCG0149,1
HPGP_GLOBAL,FRA-018,NCG0150,1
HPGP_GLOBAL,FRA-019,NCG0151,1
HPGP_GLOBAL,FRA-020,NCG0152,1
HPGP_GLOBAL,FRA-021,NCG0153,1
HPGP_GLOBAL,GER-004,NCG0154,1
HPGP_GLOBAL,GER-005,NCG0155,1
HPGP_GLOBAL,GER-006,NCG0156,1
HPGP_GLOBAL,GER-010,NCG0157,1
HPGP_GLOBAL,GER-012,NCG0158,1
HPGP_GLOBAL,GER-013,NCG0159,1
HPGP_GLOBAL,GER-015,NCG0160,1
HPGP_GLOBAL,GER-018,NCG0161,1
HPGP_GLOBAL,GER-019,NCG0162,1
HPGP_GLOBAL,GER-021,NCG0163,1
HPGP_GLOBAL,GMB-004,NCG0164,1
HPGP_GLOBAL,GMB-007,NCG0165,1
HPGP_GLOBAL,GMB-008,NCG0166,1
HPGP_GLOBAL,GMB-009,NCG0167,1
HPGP_GLOBAL,GRE-001,NCG0168,1
HPGP_GLOBAL,GRE-003,NCG0169,1
HPGP_GLOBAL,GRE-004,NCG0170,1
HPGP_GLOBAL,GRE-008,NCG0171,1
HPGP_GLOBAL,GRE-012,NCG0172,1
HPGP_GLOBAL,GRE-019,NCG0173,1
HPGP_GLOBAL,GRE-020,NCG0174,1
HPGP_GLOBAL,GRE-041,NCG0175,2
HPGP_GLOBAL,GRE-046,NCG0175,2
HPGP_GLOBAL,GRE-044,NCG0176,1
HPGP_GLOBAL,GTM-004,NCG0177,1
HPGP_GLOBAL,GTM-010,NCG0178,1
HPGP_GLOBAL,HON-003,NCG0179,1
HPGP_GLOBAL,HON-004,NCG0180,1
HPGP_GLOBAL,HON-005,NCG0181,1
HPGP_GLOBAL,HON-006,NCG0182,1
HPGP_GLOBAL,HON-007,NCG0183,1
HPGP_GLOBAL,HON-009,NCG0184,1
HPGP_GLOBAL,HON-015,NCG0185,1
HPGP_GLOBAL,HON-017,NCG0186,1
HPGP_GLOBAL,HON-018,NCG0187,1
HPGP_GLOBAL,HON-019,NCG0188,1
HPGP_GLOBAL,HON-020,NCG0189,1
HPGP_GLOBAL,HON-021,NCG0190,1
HPGP_GLOBAL,HON-024,NCG0191,1
HPGP_GLOBAL,HON-025,NCG0192,1
HPGP_GLOBAL,HON-027,NCG0193,1
HPGP_GLOBAL,IND-005,NCG0194,1
HPGP_GLOBAL,IND-006,NCG0195,1
HPGP_GLOBAL,IND-007,NCG0196,1
HPGP_GLOBAL,IND-008,NCG0197,1
HPGP_GLOBAL,IND-009,NCG0198,1
HPGP_GLOBAL,ISL-002,NCG0199,1
HPGP_GLOBAL,ISL-004,NCG0200,1
HPGP_GLOBAL,ISL-005,NCG0201,1
HPGP_GLOBAL,ISL-007,NCG0202,1
HPGP_GLOBAL,ISL-009,NCG0203,1
HPGP_GLOBAL,ISR-002,NCG0204,1
HPGP_GLOBAL,ISR-004,NCG0205,1
HPGP_GLOBAL,ISR-006,NCG0206,1
HPGP_GLOBAL,ITA-002,NCG0207,1
HPGP_GLOBAL,ITA-003,NCG0208,1
HPGP_GLOBAL,ITA-004,NCG0209,1
HPGP_GLOBAL,ITA-006,NCG0210,1
HPGP_GLOBAL,ITA-007,NCG0211,1
HPGP_GLOBAL,ITA-008,NCG0212,1
HPGP_GLOBAL,ITA-009,NCG0213,1
HPGP_GLOBAL,ITA-011,NCG0214,1
HPGP_GLOBAL,ITA-012,NCG0215,1
HPGP_GLOBAL,ITA-013,NCG0216,1
HPGP_GLOBAL,ITA-015,NCG0217,1
HPGP_GLOBAL,ITA-016,NCG0218,1
HPGP_GLOBAL,ITA-022,NCG0219,1
HPGP_GLOBAL,ITA-026,NCG0220,1
HPGP_GLOBAL,ITA-027,NCG0221,1
HPGP_GLOBAL,ITA-028,NCG0222,1
HPGP_GLOBAL,ITA-030,NCG0223,1
HPGP_GLOBAL,JAP-002,NCG0224,1
HPGP_GLOBAL,JAP-009,NCG0225,1
HPGP_GLOBAL,JAP-010,NCG0226,1
HPGP_GLOBAL,JAP-012,NCG0227,1
HPGP_GLOBAL,JAP-013,NCG0228,1
HPGP_GLOBAL,JAP-015,NCG0229,1
HPGP_GLOBAL,JAP-019,NCG0230,1
HPGP_GLOBAL,JAP-022,NCG0231,1
HPGP_GLOBAL,JAP-028,NCG0232,1
HPGP_GLOBAL,JOR-004,NCG0233,1
HPGP_GLOBAL,JOR-005,NCG0234,1
HPGP_GLOBAL,JOR-006,NCG0235,1
HPGP_GLOBAL,JOR-007,NCG0236,1
HPGP_GLOBAL,JOR-009,NCG0237,1
HPGP_GLOBAL,KAZ-001,NCG0238,1
HPGP_GLOBAL,KGZ-001,NCG0239,1
HPGP_GLOBAL,KGZ-004,NCG0240,1
HPGP_GLOBAL,KGZ-009,NCG0241,1
HPGP_GLOBAL,KGZ-010,NCG0242,1
HPGP_GLOBAL,KOR-002,NCG0243,1
HPGP_GLOBAL,KOR-007,NCG0244,1
HPGP_GLOBAL,KOR-008,NCG0245,1
HPGP_GLOBAL,KOR-010,NCG0246,1
HPGP_GLOBAL,KOR-013,NCG0247,1
HPGP_GLOBAL,KOR-014,NCG0248,1
HPGP_GLOBAL,KOR-019,NCG0249,1
HPGP_GLOBAL,KOR-022,NCG0250,1
HPGP_GLOBAL,KOR-027,NCG0251,1
HPGP_GLOBAL,KOR-028,NCG0252,1
HPGP_GLOBAL,KOR-036,NCG0253,1
HPGP_GLOBAL,KOR-041,NCG0254,1
HPGP_GLOBAL,KOR-042,NCG0255,1
HPGP_GLOBAL,KOR-044,NCG0256,1
HPGP_GLOBAL,KOR-046,NCG0257,1
HPGP_GLOBAL,KOR-047,NCG0258,1
HPGP_GLOBAL,KOR-049,NCG0259,1
HPGP_GLOBAL,KOR-050,NCG0260,1
HPGP_GLOBAL,KOR-101,NCG0261,1
HPGP_GLOBAL,KOR-105,NCG0262,1
HPGP_GLOBAL,KOR-109,NCG0263,1
HPGP_GLOBAL,KOR-110,NCG0264,1
HPGP_GLOBAL,KOR-116,NCG0265,1
HPGP_GLOBAL,LAT-002,NCG0266,1
HPGP_GLOBAL,LAT-003,NCG0267,1
HPGP_GLOBAL,LAT-009,NCG0268,1
HPGP_GLOBAL,LAT-014,NCG0269,1
HPGP_GLOBAL,LAT-015,NCG0270,1
HPGP_GLOBAL,LAT-017,NCG0271,1
HPGP_GLOBAL,LAT-018,NCG0272,1
HPGP_GLOBAL,LAT-019,NCG0273,1
HPGP_GLOBAL,LAT-021,NCG0274,1
HPGP_GLOBAL,LAT-023,NCG0275,1
HPGP_GLOBAL,LAT-024,NCG0276,1
HPGP_GLOBAL,LAT-026,NCG0277,1
HPGP_GLOBAL,LAT-027,NCG0278,1
HPGP_GLOBAL,LAT-029,NCG0279,1
HPGP_GLOBAL,LIT-001,NCG0280,1
HPGP_GLOBAL,LIT-003,NCG0281,1
HPGP_GLOBAL,LIT-006,NCG0282,1
HPGP_GLOBAL,LIT-008,NCG0283,1
HPGP_GLOBAL,LIT-010,NCG0284,1
HPGP_GLOBAL,LIT-013,NCG0285,1
HPGP_GLOBAL,LIT-020,NCG0286,1
HPGP_GLOBAL,LIT-021,NCG0287,1
HPGP_GLOBAL,LIT-025,NCG0288,1
HPGP_GLOBAL,LIT-028,NCG0289,1
HPGP_GLOBAL,LIT-032,NCG0290,1
HPGP_GLOBAL,LIT-041,NCG0291,1
HPGP_GLOBAL,MAL-003,NCG0292,1
HPGP_GLOBAL,MAL-005,NCG0293,1
HPGP_GLOBAL,MAL-006,NCG0294,1
HPGP_GLOBAL,MAL-007,NCG0295,1
HPGP_GLOBAL,MAL-012,NCG0296,1
HPGP_GLOBAL,MAL-018,NCG0297,1
HPGP_GLOBAL,MAL-019,NCG0298,1
HPGP_GLOBAL,MAL-021,NCG0299,1
HPGP_GLOBAL,MAL-023,NCG0300,1
HPGP_GLOBAL,MEX-001,NCG0301,1
HPGP_GLOBAL,MEX-002,NCG0302,1
HPGP_GLOBAL,MEX-003,NCG0303,1
HPGP_GLOBAL,MEX-004,NCG0304,1
HPGP_GLOBAL,MEX-007,NCG0305,1
HPGP_GLOBAL,MEX-008,NCG0306,1
HPGP_GLOBAL,MEX-009,NCG0307,1
HPGP_GLOBAL,MEX-012,NCG0308,1
HPGP_GLOBAL,MEX-023,NCG0309,1
HPGP_GLOBAL,MEX-024,NCG0310,1
HPGP_GLOBAL,MEX-027,NCG0311,1
HPGP_GLOBAL,MEX-028,NCG0312,1
HPGP_GLOBAL,MEX-032,NCG0313,1
HPGP_GLOBAL,MEX-035,NCG0314,1
HPGP_GLOBAL,MEX-040,NCG0315,1
HPGP_GLOBAL,MEX-041,NCG0316,1
HPGP_GLOBAL,MEX-043,NCG0317,1
HPGP_GLOBAL,MEX-046,NCG0318,1
HPGP_GLOBAL,NGA-010,NCG0319,1
HPGP_GLOBAL,NGA-019,NCG0320,1
HPGP_GLOBAL,PER-013,NCG0321,1
HPGP_GLOBAL,PER-017,NCG0322,1
HPGP_GLOBAL,PER-018,NCG0323,1
HPGP_GLOBAL,PER-020,NCG0324,1
HPGP_GLOBAL,PER-101,NCG0325,1
HPGP_GLOBAL,PER-103,NCG0326,1
HPGP_GLOBAL,PER-104,NCG0327,1
HPGP_GLOBAL,PER-107,NCG0328,1
HPGP_GLOBAL,PER-112,NCG0329,1
HPGP_GLOBAL,PER-116,NCG0330,1
HPGP_GLOBAL,PER-117,NCG0331,1
HPGP_GLOBAL,PER-124,NCG0332,1
HPGP_GLOBAL,PER-138,NCG0333,1
HPGP_GLOBAL,PER-140,NCG0334,1
HPGP_GLOBAL,POL-004,NCG0335,1
HPGP_GLOBAL,POL-005,NCG0336,1
HPGP_GLOBAL,POL-006,NCG0337,1
HPGP_GLOBAL,POL-007,NCG0338,1
HPGP_GLOBAL,POL-008,NCG0339,1
HPGP_GLOBAL,POL-009,NCG0340,1
HPGP_GLOBAL,POL-010,NCG0341,1
HPGP_GLOBAL,POL-104,NCG0342,1
HPGP_GLOBAL,POL-105,NCG0343,1
HPGP_GLOBAL,POL-106,NCG0344,2
HPGP_GLOBAL,POL-108,NCG0344,2
HPGP_GLOBAL,POL-110,NCG0345,1
HPGP_GLOBAL,POR-002,NCG0346,1
HPGP_GLOBAL,POR-003,NCG0347,1
HPGP_GLOBAL,POR-004,NCG0348,1
HPGP_GLOBAL,POR-005,NCG0349,1
HPGP_GLOBAL,POR-010,NCG0350,1
HPGP_GLOBAL,POR-018,NCG0351,1
HPGP_GLOBAL,POR-104,NCG0352,1
HPGP_GLOBAL,POR-105,NCG0353,1
HPGP_GLOBAL,POR-106,NCG0354,1
HPGP_GLOBAL,POR-107,NCG0355,1
HPGP_GLOBAL,POR-109,NCG0356,1
HPGP_GLOBAL,POR-112,NCG0357,1
HPGP_GLOBAL,POR-113,NCG0358,1
HPGP_GLOBAL,POR-114,NCG0359,1
HPGP_GLOBAL,PRI-001,NCG0360,1
HPGP_GLOBAL,PRI-002,NCG0361,1
HPGP_GLOBAL,PRI-004,NCG0362,1
HPGP_GLOBAL,PRI-005,NCG0363,1
HPGP_GLOBAL,PRI-006,NCG0364,1
HPGP_GLOBAL,RUS-001,NCG0365,1
HPGP_GLOBAL,RUS-003,NCG0366,1
HPGP_GLOBAL,RUS-004,NCG0367,1
HPGP_GLOBAL,RUS-007,NCG0368,1
HPGP_GLOBAL,RUS-011,NCG0369,1
HPGP_GLOBAL,SPA-003,NCG0370,1
HPGP_GLOBAL,SPA-005,NCG0371,1
HPGP_GLOBAL,SPA-006,NCG0372,1
HPGP_GLOBAL,SPA-009,NCG0373,1
HPGP_GLOBAL,SPA-012,NCG0374,1
HPGP_GLOBAL,SPA-015,NCG0375,1
HPGP_GLOBAL,SPA-017,NCG0376,1
HPGP_GLOBAL,SPA-101,NCG0377,1
HPGP_GLOBAL,SPA-105,NCG0378,1
HPGP_GLOBAL,SPA-108,NCG0379,1
HPGP_GLOBAL,SPA-111,NCG0380,1
HPGP_GLOBAL,SPA-201,NCG0381,1
HPGP_GLOBAL,SPA-202,NCG0382,1
HPGP_GLOBAL,SPA-203,NCG0383,1
HPGP_GLOBAL,SPA-205,NCG0384,1
HPGP_GLOBAL,SPA-210,NCG0385,1
HPGP_GLOBAL,SPA-301,NCG0386,1
HPGP_GLOBAL,SPA-303,NCG0387,1
HPGP_GLOBAL,SPA-311,NCG0388,1
HPGP_GLOBAL,SPA-312,NCG0389,1
HPGP_GLOBAL,SPA-315,NCG0390,1
HPGP_GLOBAL,SPA-318,NCG0391,1
HPGP_GLOBAL,SPA-321,NCG0392,1
HPGP_GLOBAL,SPA-401,NCG0393,1
HPGP_GLOBAL,SPA-405,NCG0394,1
HPGP_GLOBAL,SPA-413,NCG0395,1
HPGP_GLOBAL,SPA-502,NCG0396,1
HPGP_GLOBAL,SPA-504,NCG0397,1
HPGP_GLOBAL,SPA-508,NCG0398,1
HPGP_GLOBAL,SPA-509,NCG0399,1
HPGP_GLOBAL,SPA-607,NCG0400,1
HPGP_GLOBAL,SPA-609,NCG0401,1
HPGP_GLOBAL,SPA-703,NCG0402,1
HPGP_GLOBAL,SPA-705,NCG0403,1
HPGP_GLOBAL,SPA-707,NCG0404,1
HPGP_GLOBAL,SPA-801,NCG0405,1
HPGP_GLOBAL,SPA-803,NCG0406,1
HPGP_GLOBAL,SPA-805,NCG0407,1
HPGP_GLOBAL,SPA-806,NCG0408,1
HPGP_GLOBAL,SWE-006,NCG0409,1
HPGP_GLOBAL,SWE-008,NCG0410,1
HPGP_GLOBAL,SWE-010,NCG0411,1
HPGP_GLOBAL,SWE-015,NCG0412,1
HPGP_GLOBAL,SWE-016,NCG0413,1
HPGP_GLOBAL,SWE-026,NCG0414,1
HPGP_GLOBAL,SWE-028,NCG0415,1
HPGP_GLOBAL,SWE-031,NCG0416,1
HPGP_GLOBAL,SWT-001,NCG0417,1
HPGP_GLOBAL,SWT-002,NCG0418,1
HPGP_GLOBAL,SWT-004,NCG0419,1
HPGP_GLOBAL,SWT-005,NCG0420,1
HPGP_GLOBAL,SWT-006,NCG0421,1
HPGP_GLOBAL,SWT-008,NCG0422,1
HPGP_GLOBAL,SWT-010,NCG0423,1
HPGP_GLOBAL,SWT-011,NCG0424,1
HPGP_GLOBAL,SWT-012,NCG0425,1
HPGP_GLOBAL,SWT-013,NCG0426,1
HPGP_GLOBAL,SWT-014,NCG0427,1
HPGP_GLOBAL,SWT-015,NCG0428,1
HPGP_GLOBAL,SWT-017,NCG0429,1
HPGP_GLOBAL,TUR-001,NCG0430,1
HPGP_GLOBAL,TUR-002,NCG0431,2
HPGP_GLOBAL,TUR-005,NCG0431,2
HPGP_GLOBAL,TUR-003,NCG0432,1
HPGP_GLOBAL,TUR-008,NCG0433,1
HPGP_GLOBAL,TUR-010,NCG0434,1
HPGP_GLOBAL,TUR-011,NCG0435,1
HPGP_GLOBAL,TUR-014,NCG0436,1
HPGP_GLOBAL,TUR-017,NCG0437,1
HPGP_GLOBAL,TUR-023,NCG0438,1
HPGP_GLOBAL,TWN-001,NCG0439,1
HPGP_GLOBAL,TWN-004,NCG0440,1
HPGP_GLOBAL,TWN-005,NCG0441,1
HPGP_GLOBAL,TWN-006,NCG0442,1
HPGP_GLOBAL,TWN-007,NCG0443,1
HPGP_GLOBAL,TWN-008,NCG0444,1
HPGP_GLOBAL,TWN-009,NCG0445,1
HPGP_GLOBAL,TWN-020,NCG0446,1
HPGP_GLOBAL,TWN-022,NCG0447,1
HPGP_GLOBAL,TWN-023,NCG0448,1
HPGP_GLOBAL,USA-002,NCG0449,1
HPGP_GLOBAL,USA-003,NCG0450,1
HPGP_GLOBAL,USA-102,NCG0451,1
HPGP_GLOBAL,USA-104,NCG0452,1
HPGP_GLOBAL,USA-105,NCG0453,1
HPGP_GLOBAL,USA-106,NCG0454,1
HPGP_GLOBAL,USA-202,NCG0455,1
HPGP_GLOBAL,USA-204,NCG0456,1
HPGP_GLOBAL,USA-206,NCG0457,1
HPGP_GLOBAL,USA-207,NCG0458,1
HPGP_GLOBAL,USA-302,NCG0459,1
HPGP_GLOBAL,USA-304,NCG0460,1
HPGP_GLOBAL,USA-311,NCG0461,1
HPGP_GLOBAL,USA-406,NCG0462,1
HPGP_GLOBAL,USA-414,NCG0463,1
HPGP_GLOBAL,ZAF-001,NCG0464,1
HPGP_GLOBAL,ZAF-002,NCG0465,1
HPGP_GLOBAL,ZAF-004,NCG0466,1
HPGP_GLOBAL,ZAF-006,NCG0467,1
ZENODO_10369064,S01,NCG0468,1
ZENODO_10369064,S03,NCG0469,1
ZENODO_10369064,S04,NCG0470,1
ZENODO_10369064,S05,NCG0471,1
ZENODO_10369064,S06,NCG0472,1
ZENODO_10369064,S07,NCG0473,1
ZENODO_10369064,S08,NCG0474,1
ZENODO_10369064,S09,NCG0475,1
ZENODO_10369064,S10,NCG0476,1
ZENODO_10369064,S11,NCG0477,1
ZENODO_10369064,S12,NCG0478,1
ZENODO_10369064,S13,NCG0479,1
ZENODO_10369064,S14,NCG0480,1
ZENODO_10369064,S15,NCG0481,1
ZENODO_10369064,S16,NCG0482,1
ZENODO_10369064,S17,NCG0483,1
ZENODO_10369064,S18,NCG0484,1
ZENODO_10369064,S19,NCG0485,1
ZENODO_10369064,S20,NCG0486,1
ZENODO_10369064,S23,NCG0487,1
ZENODO_10369064,S24,NCG0488,1
ZENODO_10369064,S25,NCG0489,1
ZENODO_10369064,S26,NCG0490,1
ZENODO_10369064,S28,NCG0491,1
ZENODO_10369064,S29,NCG0492,1
ZENODO_10369064,S30,NCG0493,1
ZENODO_10369064,S31,NCG0494,1
ZENODO_10369064,S32,NCG0495,1
ZENODO_10369064,S34,NCG0496,1
ZENODO_10369064,S35,NCG0497,1
ZENODO_10369064,S36,NCG0498,1
ZENODO_10369064,S37,NCG0499,1
ZENODO_10369064,S39,NCG0500,1
ZENODO_10369064,S41,NCG0501,1
ZENODO_10369064,S42,NCG0502,1
ZENODO_10369064,S43,NCG0503,1
ZENODO_10369064,S45,NCG0504,1
ZENODO_10369064,S46,NCG0505,1
ZENODO_10369064,S48,NCG0506,1
ZENODO_10369064,S49,NCG0507,1
ZENODO_10369064,S50,NCG0508,1
ZENODO_10369064,S52,NCG0509,1
ZENODO_10369064,S55,NCG0510,1
ZENODO_10369064,S56,NCG0511,1
ZENODO_10369064,S57,NCG0512,1
ZENODO_10369064,S64,NCG0513,1
