dataset_id,isolate_id,sequence_type,accession,source_url,local_path,expected_bytes,expected_checksum_type,expected_checksum,bytes,sha256,md5,validation_status,acquisition_status,accessed_at,error
ZENODO_10369064,S01,paired_reads,10.5281/zenodo.10369064,https://zenodo.org/api/records/10369064/files/S01.zip/content,data/raw/reads/zenodo_10369064/S01.zip,192673921,md5,c83520541e341c4dd1f5f43a332a92b3,192673921,5a292f1f3b1e6193b79f8f7f4758ca779783b3c71aa140f708b8d17a4b15d1dd,c83520541e341c4dd1f5f43a332a92b3,PASS,downloaded,2026-08-30T09:46:58+00:00,
ZENODO_10369064,S03,paired_reads,10.5281/zenodo.10369064,https://zenodo.org/api/records/10369064/files/S03.zip/content,data/raw/reads/zenodo_10369064/S03.zip,45061033,md5,75205b8d66d16fa168a6c357eec1b308,45061033,57c2137d06c441fdf2c6dbeee04bb52e78f77c870b55922dda3b3cd0a5ba948d,75205b8d66d16fa168a6c357eec1b308,PASS,downloaded,2026-08-30T09:43:55+00:00,
ZENODO_10369064,S04,paired_reads,10.5281/zenodo.10369064,https://zenodo.org/api/records/10369064/files/S04.zip/content,data/raw/reads/zenodo_10369064/S04.zip,28969986,md5,fd1139f26dc0870f5f84cd8a29f7f0f1,28969986,8afd8ee3ab46a516ebcb10cea0cb110dd3e587d1433fe4337544772f6203101d,fd1139f26dc0870f5f84cd8a29f7f0f1,PASS,downloaded,2026-08-30T09:42:22+00:00,
ZENODO_10369064,S05,paired_reads,10.5281/zenodo.10369064,https://zenodo.org/api/records/10369064/files/S05.zip/content,data/raw/reads/zenodo_10369064/S05.zip,37130854,md5,4706677d7d7fecb7fa55a531371379ba,37130854,c9e22858066897026d8c840331011796516cb321647b8fc9ea78e9f949e17a4e,4706677d7d7fecb7fa55a531371379ba,PASS,downloaded,2026-08-30T09:41:23+00:00,
ZENODO_10369064,S06,paired_reads,10.5281/zenodo.10369064,https://zenodo.org/api/records/10369064/files/S06.zip/content,data/raw/reads/zenodo_10369064/S06.zip,47750483,md5,17fd4029ce54e98872d98a2aa93e2465,47750483,64e730a7620fc6a7669503e08b78df803adfadde47fa88fcc9eaeec3220dc6ef,17fd4029ce54e98872d98a2aa93e2465,PASS,downloaded,2026-08-30T09:40:50+00:00,
ZENODO_10369064,S07,paired_reads,10.5281/zenodo.10369064,https://zenodo.org/api/records/10369064/files/S07.zip/content,data/raw/reads/zenodo_10369064/S07.zip,45370197,md5,e9bd8ee79ff62513345e8e024cb73bd6,45370197,bf5003ee364a036ca1d089bb18c4d49a0241aea3121e011aec1a2f906b2c874f,e9bd8ee79ff62513345e8e024cb73bd6,PASS,downloaded,2026-08-30T09:44:10+00:00,
ZENODO_10369064,S08,paired_reads,10.5281/zenodo.10369064,https://zenodo.org/api/records/10369064/files/S08.zip/content,data/raw/reads/zenodo_10369064/S08.zip,143797026,md5,9114ee74549b92bd11a4faee00420b70,143797026,1171003154e1daa384d0feec7d1aecb8a9ceff9fded1d556446cd17f888078c1,9114ee74549b92bd11a4faee00420b70,PASS,downloaded,2026-08-30T09:46:59+00:00,
ZENODO_10369064,S09,paired_reads,10.5281/zenodo.10369064,https://zenodo.org/api/records/10369064/files/S09.zip/content,data/raw/reads/zenodo_10369064/S09.zip,111036087,md5,7c31f88f53bd51c484581b841ad6b983,111036087,d91b193112cd218096a4db0be66abf8ebb20ef79c81b2a662841e619ffbfebd8,7c31f88f53bd51c484581b841ad6b983,PASS,downloaded,2026-08-30T09:55:22+00:00,
ZENODO_10369064,S10,paired_reads,10.5281/zenodo.10369064,https://zenodo.org/api/records/10369064/files/S10.zip/content,data/raw/reads/zenodo_10369064/S10.zip,28056413,md5,d95b16d3f1aa320dc23c2fdd4c7189db,28056413,9218ec0159a089c1f0099d0f1e6e7e97ca3dde406da51a0370d4c61aad4e47c5,d95b16d3f1aa320dc23c2fdd4c7189db,PASS,downloaded,2026-08-30T09:44:13+00:00,
ZENODO_10369064,S11,paired_reads,10.5281/zenodo.10369064,https://zenodo.org/api/records/10369064/files/S11.zip/content,data/raw/reads/zenodo_10369064/S11.zip,255933559,md5,ead518b84eea0a4b2494c99de15dd671,255933559,49b154fc4adaf4a9637e9b0cab0f2ddb4bd28979824119aa61f0cd36d60e6b2f,ead518b84eea0a4b2494c99de15dd671,PASS,downloaded,2026-08-30T09:47:28+00:00,
ZENODO_10369064,S12,paired_reads,10.5281/zenodo.10369064,https://zenodo.org/api/records/10369064/files/S12.zip/content,data/raw/reads/zenodo_10369064/S12.zip,200973464,md5,cca0d5c02d31ab04eb2f47ee24b2f369,200973464,a79beb30de08ab2b3f6afab0771d38a0467ae2306ca7e04705c72bd98d6f7e68,cca0d5c02d31ab04eb2f47ee24b2f369,PASS,downloaded,2026-08-30T09:48:17+00:00,
ZENODO_10369064,S13,paired_reads,10.5281/zenodo.10369064,https://zenodo.org/api/records/10369064/files/S13.zip/content,data/raw/reads/zenodo_10369064/S13.zip,209440244,md5,210278bbe9ecf188447a029bbc0ea8b2,209440244,d01e83c087640b474f247eaf6e1a4df3f241811cd9d85edf08b80f7855db1150,210278bbe9ecf188447a029bbc0ea8b2,PASS,downloaded,2026-08-30T09:46:38+00:00,
ZENODO_10369064,S14,paired_reads,10.5281/zenodo.10369064,https://zenodo.org/api/records/10369064/files/S14.zip/content,data/raw/reads/zenodo_10369064/S14.zip,75890567,md5,c9d97ef641ff6a016e61f0a91a75f8c7,75890567,160b040eb0343b875a10e7ad260a16eba781f69fe33cbec927b361c2d93c17cd,c9d97ef641ff6a016e61f0a91a75f8c7,PASS,downloaded,2026-08-30T09:48:40+00:00,
ZENODO_10369064,S15,paired_reads,10.5281/zenodo.10369064,https://zenodo.org/api/records/10369064/files/S15.zip/content,data/raw/reads/zenodo_10369064/S15.zip,292557816,md5,8e51366e3fdb70abd16a55558eb88ba6,292557816,c15b48876f3d67c2162f7aea15301eab560a36a7e7fa397a48d9d87f2715e3e5,8e51366e3fdb70abd16a55558eb88ba6,PASS,downloaded,2026-08-30T09:50:45+00:00,
ZENODO_10369064,S16,paired_reads,10.5281/zenodo.10369064,https://zenodo.org/api/records/10369064/files/S16.zip/content,data/raw/reads/zenodo_10369064/S16.zip,386678438,md5,4f55816493a97f5f4374ca9f7c864027,386678438,e993773db931d07a24b8b12dddab31d257b31bace4b77c63eeda5ea8dfd4c883,4f55816493a97f5f4374ca9f7c864027,PASS,downloaded,2026-08-30T10:13:00+00:00,
ZENODO_10369064,S17,paired_reads,10.5281/zenodo.10369064,https://zenodo.org/api/records/10369064/files/S17.zip/content,data/raw/reads/zenodo_10369064/S17.zip,393382416,md5,93115f2a85e5938d5662eb156ae96aa2,393382416,00771f7d8ca97330138ae34ef335b92d2bb681fcad8a94849f3ea4e3ff2f1020,93115f2a85e5938d5662eb156ae96aa2,PASS,downloaded,2026-08-30T09:52:05+00:00,
ZENODO_10369064,S18,paired_reads,10.5281/zenodo.10369064,https://zenodo.org/api/records/10369064/files/S18.zip/content,data/raw/reads/zenodo_10369064/S18.zip,260544116,md5,eb9d67fb17b4b5588ade8560e4e9b672,260544116,54c93bc2ef8db1a0902ed34eb89ecffc8a6c21c02842ee6d507d57513455a6bd,eb9d67fb17b4b5588ade8560e4e9b672,PASS,downloaded,2026-08-30T09:52:19+00:00,
ZENODO_10369064,S19,paired_reads,10.5281/zenodo.10369064,https://zenodo.org/api/records/10369064/files/S19.zip/content,data/raw/reads/zenodo_10369064/S19.zip,137183519,md5,d48e1ba290072a156b592531c0c07c98,137183519,2a8fda8c69bc85a81ecf0821ad3b26170e7df23244680d3f4c196e9bf1315fcc,d48e1ba290072a156b592531c0c07c98,PASS,downloaded,2026-08-30T09:56:36+00:00,
ZENODO_10369064,S20,paired_reads,10.5281/zenodo.10369064,https://zenodo.org/api/records/10369064/files/S20.zip/content,data/raw/reads/zenodo_10369064/S20.zip,368916261,md5,520e71c1645d42ba386e3f0751420d23,368916261,7d5aa53b6dcc9cae543ac1b28b3e7a074e9364f65304f1db6919fc1fac9a678a,520e71c1645d42ba386e3f0751420d23,PASS,downloaded,2026-08-30T09:39:12+00:00,
ZENODO_10369064,S21,paired_reads,10.5281/zenodo.10369064,https://zenodo.org/api/records/10369064/files/S21.zip/content,data/raw/reads/zenodo_10369064/S21.zip,234919204,md5,0576acc6ec1242eb58f432ac53668978,234919204,6af9a7b0ca981af993140b30cad354b64e7d953b0786cdd8ade7c0c3057cd50a,0576acc6ec1242eb58f432ac53668978,PASS,downloaded,2026-08-30T09:52:37+00:00,
ZENODO_10369064,S23,paired_reads,10.5281/zenodo.10369064,https://zenodo.org/api/records/10369064/files/S23.zip/content,data/raw/reads/zenodo_10369064/S23.zip,174021756,md5,d867a24269ce8f5fd17d42a6f72bc2cc,174021756,e8b797ed38f087ca0ec9e88f441ab12c191b52dea98874dc7cbbeddce6db01e9,d867a24269ce8f5fd17d42a6f72bc2cc,PASS,downloaded,2026-08-30T10:00:34+00:00,
ZENODO_10369064,S24,paired_reads,10.5281/zenodo.10369064,https://zenodo.org/api/records/10369064/files/S24.zip/content,data/raw/reads/zenodo_10369064/S24.zip,76585649,md5,303b8089c4a023ed477d8ebafeced1cb,76585649,57029e52132ab1e8facfb574e3090d0dd8a179ee290e643a8f811cc88aa40f32,303b8089c4a023ed477d8ebafeced1cb,PASS,downloaded,2026-08-30T10:01:06+00:00,
ZENODO_10369064,S25,paired_reads,10.5281/zenodo.10369064,https://zenodo.org/api/records/10369064/files/S25.zip/content,data/raw/reads/zenodo_10369064/S25.zip,220619419,md5,498b330f448666b34a3623d33316bf4c,220619419,4347d96637f6525b951f31a73b80ac78b73b218cf36476f8630a5217b2a1a6a4,498b330f448666b34a3623d33316bf4c,PASS,already_present,2026-08-30T09:32:04+00:00,
ZENODO_10369064,S26,paired_reads,10.5281/zenodo.10369064,https://zenodo.org/api/records/10369064/files/S26.zip/content,data/raw/reads/zenodo_10369064/S26.zip,388588869,md5,75f326461d4ef7b6ba2fd14ba3fa3de4,388588869,6cc6cf3e81e4f5154689be97d93b94e78d9f4ce3457c639262a676e48d784141,75f326461d4ef7b6ba2fd14ba3fa3de4,PASS,downloaded,2026-08-30T09:37:53+00:00,
ZENODO_10369064,S27,paired_reads,10.5281/zenodo.10369064,https://zenodo.org/api/records/10369064/files/S27.zip/content,data/raw/reads/zenodo_10369064/S27.zip,16871462,md5,e35d41bcd4a83025b3fe44cadbc82b5c,16871462,77762b9ca9a208219cef4c31fa2cdeeefad8555fb3ae383b8ed57cfc927cb12c,e35d41bcd4a83025b3fe44cadbc82b5c,PASS,already_present,2026-08-30T09:32:02+00:00,
ZENODO_10369064,S28,paired_reads,10.5281/zenodo.10369064,https://zenodo.org/api/records/10369064/files/S28.zip/content,data/raw/reads/zenodo_10369064/S28.zip,129671840,md5,b7902b8dd1bb28adacd29ad90d730c7c,129671840,ce816fe0ed1c5ea69e07231d3d7c809e15bb13507e1261a26b2faf1e960ebaba,b7902b8dd1bb28adacd29ad90d730c7c,PASS,already_present,2026-08-30T09:32:03+00:00,
ZENODO_10369064,S29,paired_reads,10.5281/zenodo.10369064,https://zenodo.org/api/records/10369064/files/S29.zip/content,data/raw/reads/zenodo_10369064/S29.zip,127848696,md5,450fe6008e78f6ec8adeb910fb3767df,127848696,5bd271d4df1141b159c08128d1e8c70561a3d94961ddd66ac0e9186013f4c008,450fe6008e78f6ec8adeb910fb3767df,PASS,already_present,2026-08-30T09:32:03+00:00,
ZENODO_10369064,S30,paired_reads,10.5281/zenodo.10369064,https://zenodo.org/api/records/10369064/files/S30.zip/content,data/raw/reads/zenodo_10369064/S30.zip,302986938,md5,d4d441e4d207b23dfbab247156f68dc4,302986938,b7dfeeece6ec12b90756f38b6f11d3817ef0d09165a178375e85f5cc68d5799c,d4d441e4d207b23dfbab247156f68dc4,PASS,downloaded,2026-08-30T09:34:30+00:00,
ZENODO_10369064,S31,paired_reads,10.5281/zenodo.10369064,https://zenodo.org/api/records/10369064/files/S31.zip/content,data/raw/reads/zenodo_10369064/S31.zip,180421214,md5,66382fa1e6967fbe51339bd9d0d39df6,180421214,a338722048df6e011b3e3c0670b971574c7a0f0c033a3b26b655d3793c23b183,66382fa1e6967fbe51339bd9d0d39df6,PASS,downloaded,2026-08-30T09:53:31+00:00,
ZENODO_10369064,S32,paired_reads,10.5281/zenodo.10369064,https://zenodo.org/api/records/10369064/files/S32.zip/content,data/raw/reads/zenodo_10369064/S32.zip,131815598,md5,3eabaf3ab8854d66c2cad63f72f89c07,131815598,339d2d49674ca6630aeabff708df8691909c82d701e78dd658cea4dff1913e37,3eabaf3ab8854d66c2cad63f72f89c07,PASS,downloaded,2026-08-30T09:34:28+00:00,
ZENODO_10369064,S33,paired_reads,10.5281/zenodo.10369064,https://zenodo.org/api/records/10369064/files/S33.zip/content,data/raw/reads/zenodo_10369064/S33.zip,32635677,md5,730d10fa625abfc77c7a7c44c18de25a,32635677,fe586cd477e38c1cde8d30f31f3a7d2a0755eba6263603c95d9bac2d82f52f86,730d10fa625abfc77c7a7c44c18de25a,PASS,already_present,2026-08-30T09:32:03+00:00,
ZENODO_10369064,S34,paired_reads,10.5281/zenodo.10369064,https://zenodo.org/api/records/10369064/files/S34.zip/content,data/raw/reads/zenodo_10369064/S34.zip,133669519,md5,78ffb144295fa241f9a581c7eabf64a8,133669519,718593302e18374ebf5c9f0a603747b871089fbf900dc51a8631f31c22e87dd1,78ffb144295fa241f9a581c7eabf64a8,PASS,downloaded,2026-08-30T09:37:25+00:00,
ZENODO_10369064,S35,paired_reads,10.5281/zenodo.10369064,https://zenodo.org/api/records/10369064/files/S35.zip/content,data/raw/reads/zenodo_10369064/S35.zip,156262715,md5,0289b9949d7de771dd0e06140046ef7b,156262715,0ef3a17706eeadcc4fc5141781e568f8e5ed657cc12405ed61df8e4065a74b7c,0289b9949d7de771dd0e06140046ef7b,PASS,downloaded,2026-08-30T09:39:01+00:00,
ZENODO_10369064,S36,paired_reads,10.5281/zenodo.10369064,https://zenodo.org/api/records/10369064/files/S36.zip/content,data/raw/reads/zenodo_10369064/S36.zip,173685336,md5,82133fb2407eb7a9b8174f51766fa5af,173685336,0e8a32f64abb54d1246620410fa96bd7b91a615914c973ed57913efba32e07ad,82133fb2407eb7a9b8174f51766fa5af,PASS,downloaded,2026-08-30T09:54:34+00:00,
ZENODO_10369064,S37,paired_reads,10.5281/zenodo.10369064,https://zenodo.org/api/records/10369064/files/S37.zip/content,data/raw/reads/zenodo_10369064/S37.zip,113679655,md5,63e979f27bc1c62b2bb079eb15d19d14,113679655,9ea1977ad9086912ec49770809eb6d4447ee0938cd91d4bbfb5e4f55e7aab788,63e979f27bc1c62b2bb079eb15d19d14,PASS,downloaded,2026-08-30T09:36:24+00:00,
ZENODO_10369064,S39,paired_reads,10.5281/zenodo.10369064,https://zenodo.org/api/records/10369064/files/S39.zip/content,data/raw/reads/zenodo_10369064/S39.zip,82661565,md5,ac2bee5e6f0313ee606d24d8866023b2,82661565,8a534ff378cee6bfbe514d8d17cfeb489fd9fa72e74602895757001197d814b3,ac2bee5e6f0313ee606d24d8866023b2,PASS,downloaded,2026-08-30T09:42:40+00:00,
ZENODO_10369064,S41,paired_reads,10.5281/zenodo.10369064,https://zenodo.org/api/records/10369064/files/S41.zip/content,data/raw/reads/zenodo_10369064/S41.zip,121026635,md5,6bd3f2af0e28d498aed2a471b15a4a19,121026635,ecb1f716174338c3daaa8ffee96c845b4587493ae2fc968478a710b9e05436f2,6bd3f2af0e28d498aed2a471b15a4a19,PASS,downloaded,2026-08-30T09:43:23+00:00,
ZENODO_10369064,S42,paired_reads,10.5281/zenodo.10369064,https://zenodo.org/api/records/10369064/files/S42.zip/content,data/raw/reads/zenodo_10369064/S42.zip,95241712,md5,debdb62be6908117fcf95f39666baedb,95241712,9910647eb82596e41f90a254c3de69faa4c161e186dcdddacb8b30e81c565ef8,debdb62be6908117fcf95f39666baedb,PASS,downloaded,2026-08-30T09:54:36+00:00,
ZENODO_10369064,S43,paired_reads,10.5281/zenodo.10369064,https://zenodo.org/api/records/10369064/files/S43.zip/content,data/raw/reads/zenodo_10369064/S43.zip,128518902,md5,b8ccc1e00e211d8e6fbf35507293f05d,128518902,7cfc3f30d6ba81a977b368fdd71c66bc43875e908efdfa7beab4167d3ecf9628,b8ccc1e00e211d8e6fbf35507293f05d,PASS,downloaded,2026-08-30T09:41:21+00:00,
ZENODO_10369064,S45,paired_reads,10.5281/zenodo.10369064,https://zenodo.org/api/records/10369064/files/S45.zip/content,data/raw/reads/zenodo_10369064/S45.zip,90650417,md5,d5b013b43760feb3afb3f1af142778d7,90650417,22856320c59548ade20a74a6730b7a7192f037351e282f5712d9dc1eb64299fb,d5b013b43760feb3afb3f1af142778d7,PASS,downloaded,2026-08-30T09:39:16+00:00,
ZENODO_10369064,S46,paired_reads,10.5281/zenodo.10369064,https://zenodo.org/api/records/10369064/files/S46.zip/content,data/raw/reads/zenodo_10369064/S46.zip,129319083,md5,4f47543e312384a372e2460a38d4a1b6,129319083,bd22359cb15e3b43279f5ec731067299e35f3d45455c9babaf2a251fed2f29f4,4f47543e312384a372e2460a38d4a1b6,PASS,downloaded,2026-08-30T09:40:51+00:00,
ZENODO_10369064,S47,paired_reads,10.5281/zenodo.10369064,https://zenodo.org/api/records/10369064/files/S47.zip/content,data/raw/reads/zenodo_10369064/S47.zip,71007343,md5,ce328224e85d44fba4e6e52c210b8788,71007343,1066b16295e84b2a16a51d8db437657061985e5ccc2bdbdd12119f8158e757e2,ce328224e85d44fba4e6e52c210b8788,PASS,downloaded,2026-08-30T09:36:03+00:00,
ZENODO_10369064,S48,paired_reads,10.5281/zenodo.10369064,https://zenodo.org/api/records/10369064/files/S48.zip/content,data/raw/reads/zenodo_10369064/S48.zip,101333881,md5,10acd7d9a5688412eac69ca85a2e8401,101333881,d4a40becf89df0225d21ca1c4bf8d735eb19ea78cc98b47263cf81fc5a088c3b,10acd7d9a5688412eac69ca85a2e8401,PASS,downloaded,2026-08-30T09:57:10+00:00,
ZENODO_10369064,S49,paired_reads,10.5281/zenodo.10369064,https://zenodo.org/api/records/10369064/files/S49.zip/content,data/raw/reads/zenodo_10369064/S49.zip,144744930,md5,815af323ef03104134d9c54435a9617b,144744930,00a687a19247adf80826e25705256444948fe662050056f034662833e28db767,815af323ef03104134d9c54435a9617b,PASS,downloaded,2026-08-30T09:33:19+00:00,
ZENODO_10369064,S50,paired_reads,10.5281/zenodo.10369064,https://zenodo.org/api/records/10369064/files/S50.zip/content,data/raw/reads/zenodo_10369064/S50.zip,114670399,md5,41f85a240a96d6932d5bd21ae864736d,114670399,778293f9b5a45258fe804fd223f18d83ab2ee23432cb4e2e38b8c6718e9afa1a,41f85a240a96d6932d5bd21ae864736d,PASS,downloaded,2026-08-30T09:35:08+00:00,
ZENODO_10369064,S52,paired_reads,10.5281/zenodo.10369064,https://zenodo.org/api/records/10369064/files/S52.zip/content,data/raw/reads/zenodo_10369064/S52.zip,1498191185,md5,c7f8c06c54b8da12a0f8e42d8685cdbd,1498191185,e44cdfb0dad418bd018e3fd4ae4535a4fc16e7cd750173ca479981518e761f02,c7f8c06c54b8da12a0f8e42d8685cdbd,PASS,downloaded,2026-08-30T09:46:56+00:00,
ZENODO_10369064,S54,paired_reads,10.5281/zenodo.10369064,https://zenodo.org/api/records/10369064/files/S54.zip/content,data/raw/reads/zenodo_10369064/S54.zip,2699848803,md5,149eff7e4f50fd58025b16042dd206ee,2699848803,113505429dea1da7836a9ee558df0603ad62bff0f7ff108742fb278a9156a9a8,149eff7e4f50fd58025b16042dd206ee,PASS,downloaded,2026-08-30T10:01:28+00:00,
ZENODO_10369064,S55,paired_reads,10.5281/zenodo.10369064,https://zenodo.org/api/records/10369064/files/S55.zip/content,data/raw/reads/zenodo_10369064/S55.zip,2274484459,md5,50c36bce196b868ce93a867b01a2f2ca,2274484459,7f37e17e836c2d7213489c722e71933a38b9a8681bf2be697b4f4b79c6e000bb,50c36bce196b868ce93a867b01a2f2ca,PASS,downloaded,2026-08-30T10:04:39+00:00,
ZENODO_10369064,S56,paired_reads,10.5281/zenodo.10369064,https://zenodo.org/api/records/10369064/files/S56.zip/content,data/raw/reads/zenodo_10369064/S56.zip,2125652787,md5,18634fcf00435583afe502f51e14f2eb,2125652787,a266dce5214dca313b9cba01fba9aa32975ff8b9b6135dce3eb625a5e9ba9701,18634fcf00435583afe502f51e14f2eb,PASS,downloaded,2026-08-30T10:01:53+00:00,
ZENODO_10369064,S57,paired_reads,10.5281/zenodo.10369064,https://zenodo.org/api/records/10369064/files/S57.zip/content,data/raw/reads/zenodo_10369064/S57.zip,2606848012,md5,19f8158dc6495bfc17c6ce122bbfcd1a,2606848012,f56556f5d0bcfe0124131a5a6a7c75e925668c7aa59371b4d8d39f9f2ee037d9,19f8158dc6495bfc17c6ce122bbfcd1a,PASS,downloaded,2026-08-30T10:24:53+00:00,
ZENODO_10369064,S58,paired_reads,10.5281/zenodo.10369064,https://zenodo.org/api/records/10369064/files/S58.zip/content,data/raw/reads/zenodo_10369064/S58.zip,2199111618,md5,250b194770500ea69fda8e3233dca4db,2199111618,0adcd9dda365ac073545597b46d26198f683b4efdba240cbea8c2ed303601945,250b194770500ea69fda8e3233dca4db,PASS,downloaded,2026-08-30T10:16:08+00:00,
ZENODO_10369064,S64,paired_reads,10.5281/zenodo.10369064,https://zenodo.org/api/records/10369064/files/S64.zip/content,data/raw/reads/zenodo_10369064/S64.zip,126113954,md5,1b09efb094cd51b71edaad175010d955,126113954,f94a8d3e84bb8dd8d84fcbfe0edd013f05b6961420e3a4bacf040882f5398dd6,1b09efb094cd51b71edaad175010d955,PASS,downloaded,2026-08-30T09:34:04+00:00,
