dataset_id,isolate_id,antibiotic,prediction,sequence_support,marker_summary,callable,basic_qc_status,phenotype,phenotype_quality,phenotype_recomputed,mic_raw,mic_numeric,mic_operator,borderline_mic,ast_method,medium,breakpoint_standard,breakpoint_version,near_clone_group,lineage_recomputed,country,bootstrap_unit,analysis_status,correct,outcome,full_gyrA_missense_variants,published_genotype_call,recalled_frozen_panel_call,recalled_target_substitutions,snippy_qrdr_substitutions,snippy_frozen_panel_call,calls_concordant,false_susceptible_mechanism
CHINA_NINGXIA_2022,SHZY01,levofloxacin,S,ASSEMBLY_ONLY,,yes,PASS,S,A_mic_public_exact_link,S,0.125,0.125,=,no,Etest (BIO-KONT),Mueller-Hinton blood agar,EUCAST,publication says EUCAST but does not state version,NCG0001,SNP_CLUSTER_03,China,NCG0001,PRIMARY,yes,TN,S5L;V6I;M191I;A283V;H354R;P484Q;S492A;K527R;S539N;I587V;V655I;H668Y;E679D;S708N;L722I;G733E;V741I;G755S;R784K;N797D;M803V;V805A;T819N;S821P,S,S,,,S,yes,not_false_susceptible
CHINA_NINGXIA_2022,SHZY02,levofloxacin,S,ASSEMBLY_ONLY,,yes,PASS,R,A_mic_public_exact_link,R,4,4.0,=,no,Etest (BIO-KONT),Mueller-Hinton blood agar,EUCAST,publication says EUCAST but does not state version,NCG0002,SNP_CLUSTER_03,China,NCG0002,PRIMARY,no,FN,V6I;M191I;V199M;A283V;H354R;R397Q;G468E;P484Q;S492A;K527R;S539N;V655I;H668Y;E679D;S708N;G733E;V741I;G755S;R784K;G787R;N797D;M803V;V805A;T819N;S820P;S821P,R,S,,,S,no,QRDR_wild_type_in_deposited_assembly
CHINA_NINGXIA_2022,SHZY03,levofloxacin,S,ASSEMBLY_ONLY,,yes,PASS,S,A_mic_public_exact_link,S,0.25,0.25,=,no,Etest (BIO-KONT),Mueller-Hinton blood agar,EUCAST,publication says EUCAST but does not state version,NCG0003,SNP_CLUSTER_03,China,NCG0003,PRIMARY,yes,TN,S5L;V6I;M96I;M191I;D210N;H354R;G468E;P484Q;S492A;K527R;S539N;I587V;R612C;V655I;H668Y;E679D;G733E;V741I;G755S;R784K;N797D;M803V;V805A;Q823H,S,S,,,S,yes,not_false_susceptible
CHINA_NINGXIA_2022,SHZY04,levofloxacin,S,ASSEMBLY_ONLY,,yes,PASS,R,A_mic_public_exact_link,R,8,8.0,=,no,Etest (BIO-KONT),Mueller-Hinton blood agar,EUCAST,publication says EUCAST but does not state version,NCG0004,SNP_CLUSTER_03,China,NCG0004,PRIMARY,no,FN,S5L;V6I;M191I;A388V;G468E;P484Q;S492A;K527R;S539N;V655I;H668Y;E679D;S708N;D710E;G733E;V741I;G755S;R784K;G787R;N797D;M803V;V805A;S821P;Q823P,R,S,,,S,no,QRDR_wild_type_in_deposited_assembly
CHINA_NINGXIA_2022,SHZY05,levofloxacin,S,ASSEMBLY_ONLY,,yes,PASS,R,A_mic_public_exact_link,R,16,16.0,=,no,Etest (BIO-KONT),Mueller-Hinton blood agar,EUCAST,publication says EUCAST but does not state version,NCG0005,SNP_CLUSTER_03,China,NCG0005,PRIMARY,no,FN,S5L;V6I;M191I;I346T;H354R;G468E;P484Q;S492A;K527R;S539N;I587V;E679D;S708N;G711S;G733E,R,S,,,S,no,QRDR_wild_type_in_deposited_assembly
CHINA_NINGXIA_2022,SHZY06,levofloxacin,R,ASSEMBLY_ONLY,N87K,yes,PASS,S,A_mic_public_exact_link,S,0.5,0.5,=,no,Etest (BIO-KONT),Mueller-Hinton blood agar,EUCAST,publication says EUCAST but does not state version,NCG0006,SNP_CLUSTER_03,China,NCG0006,PRIMARY,no,FP,S5L;V6I;N87K;M191I;V199M;G208E;A283V;H354R;G468E;P484Q;S492A;K527R;S539N;V655I;N659D;H668Y;E679D;S708N;G733E;V741I;G755S;R784K;N797D;M803V;V805A;Q823H,S,R,N87K,N87K,R,no,not_false_susceptible
CHINA_NINGXIA_2022,SHZY07,levofloxacin,S,ASSEMBLY_ONLY,,yes,PASS,R,A_mic_public_exact_link,R,16,16.0,=,no,Etest (BIO-KONT),Mueller-Hinton blood agar,EUCAST,publication says EUCAST but does not state version,NCG0007,SNP_CLUSTER_03,China,NCG0007,PRIMARY,no,FN,S5L;V6I;M191I;H354R;P484Q;S492A;K527R;S539N;V643I;V655I;N659D;H668Y;E679D;I683M;T686N;I691R;S708N;G733E;V741I;G755S;R784K;N797D;M803V;V805A;T819N;S820P;S821P,R,S,,,S,no,QRDR_wild_type_in_deposited_assembly
CHINA_NINGXIA_2022,SHZY08,levofloxacin,S,ASSEMBLY_ONLY,,yes,PASS,R,A_mic_public_exact_link,R,>32,32.0,>,no,Etest (BIO-KONT),Mueller-Hinton blood agar,EUCAST,publication says EUCAST but does not state version,NCG0008,SNP_CLUSTER_01,China,NCG0008,PRIMARY,no,FN,S5L;V6I;R130K;M191I;H354R;R397Q;T417I;P484Q;K527R;S539N;A594T;D610N;E679D;I683M;T686N;T687A;K694R;V701I;G733E;M775I,R,S,,,S,no,QRDR_wild_type_in_deposited_assembly
CHINA_NINGXIA_2022,SHZY09,levofloxacin,S,ASSEMBLY_ONLY,,yes,PASS,S,A_mic_public_exact_link,S,0.25,0.25,=,no,Etest (BIO-KONT),Mueller-Hinton blood agar,EUCAST,publication says EUCAST but does not state version,NCG0009,SNP_CLUSTER_03,China,NCG0009,PRIMARY,yes,TN,M191I;H354R;G468E;P484Q;S492A;K527R;S539N;A594D;V655I;E679D;V706I;S708N;V741I;G755S;R784K;N797D;M803V;V805A;L817S;T819N;S821P;Q823P,S,S,,,S,yes,not_false_susceptible
CHINA_NINGXIA_2022,SHZY10,levofloxacin,S,ASSEMBLY_ONLY,,yes,PASS,S,A_mic_public_exact_link,S,0.125,0.125,=,no,Etest (BIO-KONT),Mueller-Hinton blood agar,EUCAST,publication says EUCAST but does not state version,NCG0010,SNP_CLUSTER_03,China,NCG0010,PRIMARY,yes,TN,K10R;M191I;G208R;H354R;A379V;D455N;G468E;P484Q;S492A;K527R;S539N;P595S;V655I;N659D;H668Y;E679D;G733E;G755S;R784K;N797D;M803I;V805A;T819N;S820P,S,S,,,S,yes,not_false_susceptible
CHINA_NINGXIA_2022,SHZY11,levofloxacin,S,ASSEMBLY_ONLY,,yes,PASS,S,A_mic_public_exact_link,S,0.008,0.008,=,no,Etest (BIO-KONT),Mueller-Hinton blood agar,EUCAST,publication says EUCAST but does not state version,NCG0011,SNP_CLUSTER_03,China,NCG0011,PRIMARY,yes,TN,M191I;A283V;H354R;P484Q;R486C;S492A;K527R;S539N;V655I;H668Y;E679D;G733E;G755S;R784K;G787R;N797D;M803V;V805A;L817S;T819N;S821P;Q823P,S,S,,,S,yes,not_false_susceptible
CHINA_NINGXIA_2022,SHZY12,levofloxacin,S,ASSEMBLY_ONLY,,yes,PASS,R,A_mic_public_exact_link,R,2,2.0,=,no,Etest (BIO-KONT),Mueller-Hinton blood agar,EUCAST,publication says EUCAST but does not state version,NCG0012,SNP_CLUSTER_03,China,NCG0012,PRIMARY,no,FN,S5L;V6I;M191I;H354R;M413I;P484Q;S492A;K527R;S539N;V655I;N659D;H668Y;E679D;G733E;V741I;G755S;R784K;N797D;M803V;V805A;T819N;S821P;Q823H,R,S,,,S,no,QRDR_wild_type_in_deposited_assembly
CHINA_NINGXIA_2022,SHZY13,levofloxacin,R,ASSEMBLY_ONLY,N87K,yes,PASS,R,A_mic_public_exact_link,R,>32,32.0,>,no,Etest (BIO-KONT),Mueller-Hinton blood agar,EUCAST,publication says EUCAST but does not state version,NCG0013,SNP_CLUSTER_03,China,NCG0013,PRIMARY,yes,TP,N87K;M191I;H354R;R397Q;G468E;P484Q;S492A;K527R;S539N;I587V;R612C;S629N;V655I;H668Y;E679D;G733E;V741I;G755S;R784K;G787R;N797D;M803V;V805A;T819N;S820P;S821P,S,R,N87K,N87K,R,no,not_false_susceptible
CHINA_NINGXIA_2022,SHZY14,levofloxacin,S,ASSEMBLY_ONLY,,yes,PASS,S,A_mic_public_exact_link,S,0.008,0.008,=,no,Etest (BIO-KONT),Mueller-Hinton blood agar,EUCAST,publication says EUCAST but does not state version,NCG0014,SNP_CLUSTER_03,China,NCG0014,PRIMARY,yes,TN,S5L;V6I;M191I;G208R;H354R;R397Q;S492A;K527R;S539N;I587V;A594D;R640K;V655I;E679D;G733E;V741I;G755S;R784K;N797D;M803V;V805A;T819N;S820P;S821P,S,S,,,S,yes,not_false_susceptible
CHINA_NINGXIA_2022,SHZY15,levofloxacin,R,ASSEMBLY_ONLY,A88V;N87I,yes,PASS,R,A_mic_public_exact_link,R,>32,32.0,>,no,Etest (BIO-KONT),Mueller-Hinton blood agar,EUCAST,publication says EUCAST but does not state version,NCG0015,SNP_CLUSTER_03,China,NCG0015,PRIMARY,yes,TP,S5L;V6I;N87I;A88V;M191I;H354R;G468E;P484Q;S492A;K527R;S539N;V655I;H668Y;E679D;S708N;G733E;V741I;G755S;R784K;G787R;N797D;M803V;V805A;S821P,R,R,A88V;N87I,N87I;A88V,R,yes,not_false_susceptible
CHINA_NINGXIA_2022,SHZY16,levofloxacin,S,ASSEMBLY_ONLY,,yes,PASS,S,A_mic_public_exact_link,S,0.008,0.008,=,no,Etest (BIO-KONT),Mueller-Hinton blood agar,EUCAST,publication says EUCAST but does not state version,NCG0016,SNP_CLUSTER_03,China,NCG0016,PRIMARY,yes,TN,S5L;V6I;M191I;H354R;A375D;R397Q;M413I;P484Q;S492A;K527R;S539N;I587V;V655I;E679D;S708N;V741I;G755S;R784K;N797D;M803V;V805A;L817S;T819N;S820P;S821P,S,S,,,S,yes,not_false_susceptible
CHINA_NINGXIA_2022,SHZY17,levofloxacin,R,ASSEMBLY_ONLY,N87K,yes,PASS,S,A_mic_public_exact_link,S,0.5,0.5,=,no,Etest (BIO-KONT),Mueller-Hinton blood agar,EUCAST,publication says EUCAST but does not state version,NCG0017,SNP_CLUSTER_03,China,NCG0017,PRIMARY,no,FP,S5L;V6I;N87K;M191I;H354R;L452F;P484Q;R486C;S492A;K527R;S539N;I587V;V655I;E679D;G733E;V741I;G755S;R784K;N797D;M803V;V805A;L817S;T819N;S820P;S821P,S,R,N87K,N87K,R,no,not_false_susceptible
CHINA_NINGXIA_2022,SHZY18,levofloxacin,S,ASSEMBLY_ONLY,,yes,PASS,R,A_mic_public_exact_link,R,8,8.0,=,no,Etest (BIO-KONT),Mueller-Hinton blood agar,EUCAST,publication says EUCAST but does not state version,NCG0018,SNP_CLUSTER_03,China,NCG0018,PRIMARY,no,FN,S5L;V6I;M191I;H354R;T472I;P484Q;S492A;K527R;S539N;V655I;N659D;H668Y;E679D;I683M;T686N;T687A;I691R;S708N;G733E;V741I;G755S;R784K;G787R;N797D;M803V;V805A;L817S;T819N;S820P;S821P,R,S,,,S,no,QRDR_wild_type_in_deposited_assembly
CHINA_NINGXIA_2022,SHZY19,levofloxacin,S,ASSEMBLY_ONLY,,yes,PASS,R,A_mic_public_exact_link,R,>32,32.0,>,no,Etest (BIO-KONT),Mueller-Hinton blood agar,EUCAST,publication says EUCAST but does not state version,NCG0019,SNP_CLUSTER_01,China,NCG0019,PRIMARY,no,FN,S5L;V6I;M191I;V199M;G208E;H354R;G468E;P484Q;S492A;K527R;S539N;E611K;E679D;I683M;T686N;T687A;K694R;G733E;V741I;G755S;V805A;E813K;S821P;Q823P,R,S,,,S,no,QRDR_wild_type_in_deposited_assembly
CHINA_NINGXIA_2022,SHZY20,levofloxacin,R,ASSEMBLY_ONLY,N87K,yes,PASS,S,A_mic_public_exact_link,S,0.064,0.064,=,no,Etest (BIO-KONT),Mueller-Hinton blood agar,EUCAST,publication says EUCAST but does not state version,NCG0020,SNP_CLUSTER_03,China,NCG0020,PRIMARY,no,FP,S5L;V6I;N87K;M191I;A377T;I381V;G468E;P484Q;K527R;S539N;V655I;H668Y;E679D;G733E;V741I;G755S;V756I;R784K;G787R;N797D;M803V;V805A,S,R,N87K,N87K,R,no,not_false_susceptible
CHINA_NINGXIA_2022,SHZY21,levofloxacin,S,ASSEMBLY_ONLY,,yes,PASS,S,A_mic_public_exact_link,S,0.5,0.5,=,no,Etest (BIO-KONT),Mueller-Hinton blood agar,EUCAST,publication says EUCAST but does not state version,NCG0021,SNP_CLUSTER_03,China,NCG0021,PRIMARY,yes,TN,S5L;V6I;M191I;G208R;A231V;H354R;A407V;G468E;P484Q;S492A;K527R;S539N;A653T;V655I;E679D;V741I;G755S;R784K;N797D;M803V;V805A;Q823H,S,S,,,S,yes,not_false_susceptible
CHINA_NINGXIA_2022,SHZY22,levofloxacin,S,ASSEMBLY_ONLY,,yes,PASS,S,A_mic_public_exact_link,S,1,1.0,=,yes,Etest (BIO-KONT),Mueller-Hinton blood agar,EUCAST,publication says EUCAST but does not state version,NCG0022,SNP_CLUSTER_03,China,NCG0022,PRIMARY,yes,TN,S5L;V6I;H354R;P484Q;S492A;K527R;S539N;V643I;V655I;H668Y;E679D;T686S;T687A;I691R;S708N;L722I;G733E;V741I;G755S;R784K;G787R;N797S;M803V;V805A;T819N;S820P;S821P,S,S,,,S,yes,not_false_susceptible
CHINA_NINGXIA_2022,SHZY23,levofloxacin,S,ASSEMBLY_ONLY,,yes,PASS,R,A_mic_public_exact_link,R,>32,32.0,>,no,Etest (BIO-KONT),Mueller-Hinton blood agar,EUCAST,publication says EUCAST but does not state version,NCG0023,SNP_CLUSTER_03,China,NCG0023,PRIMARY,no,FN,S5L;V6I;V172I;M191I;A283V;V318I;H354R;L452F;P484Q;S492A;K527R;S539N;V655I;E679D;S708N;V741I;G755S;R784K;N797D;M803V;V805A;S821P;Q823P,R,S,,,S,no,QRDR_wild_type_in_deposited_assembly
CHINA_NINGXIA_2022,SHZY24,levofloxacin,S,ASSEMBLY_ONLY,,yes,PASS,S,A_mic_public_exact_link,S,0.25,0.25,=,no,Etest (BIO-KONT),Mueller-Hinton blood agar,EUCAST,publication says EUCAST but does not state version,NCG0024,SNP_CLUSTER_03,China,NCG0024,PRIMARY,yes,TN,S5L;V6I;T9A;M191I;A283V;H354R;P484Q;S492A;K527R;S539N;V655I;N659D;H668Y;E679D;V741I;G755S;R784K;N797D;A799T;M803V;V805A;Q823H,S,S,,,S,yes,not_false_susceptible
CHINA_NINGXIA_2022,SHZY26,levofloxacin,R,ASSEMBLY_ONLY,D91G,yes,PASS,R,A_mic_public_exact_link,R,>32,32.0,>,no,Etest (BIO-KONT),Mueller-Hinton blood agar,EUCAST,publication says EUCAST but does not state version,NCG0025,SNP_CLUSTER_03,China,NCG0025,PRIMARY,yes,TP,S5L;V6I;D91G;M191I;T270I;H354R;G468E;P484Q;S492A;K527R;S539N;E611K;N620K;V655I;E679D;V702I;S708N;G733E;V741I;G755S;R784K;G787R;N797D;M803V;V805A;T819N;S820P;S821P,R,R,D91G,D91G,R,yes,not_false_susceptible
CHINA_NINGXIA_2022,SHZY27,levofloxacin,R,ASSEMBLY_ONLY,D91N,yes,PASS,R,A_mic_public_exact_link,R,4,4.0,=,no,Etest (BIO-KONT),Mueller-Hinton blood agar,EUCAST,publication says EUCAST but does not state version,NCG0026,SNP_CLUSTER_03,China,NCG0026,PRIMARY,yes,TP,S5L;V6I;D91N;M191I;A407T;G468E;P484Q;K527R;S539N;V655I;H668Y;E679D;S708N;G733E;V741I;G755S;R784K;G787R;N797D;M803V;V805A;S821P,R,R,D91N,D91N,R,yes,not_false_susceptible
CHINA_NINGXIA_2022,SHZY28,levofloxacin,R,ASSEMBLY_ONLY,N87K,yes,PASS,S,A_mic_public_exact_link,S,0.25,0.25,=,no,Etest (BIO-KONT),Mueller-Hinton blood agar,EUCAST,publication says EUCAST but does not state version,NCG0027,SNP_CLUSTER_03,China,NCG0027,PRIMARY,no,FP,S5L;V6I;N87K;M191I;I234V;H354R;G468E;P484Q;S492A;K527R;S539N;S629N;V655I;H668Y;E679D;S708N;G733E;V741I;G755S;R784K;N797D;M803V;V805A;Q823H,S,R,N87K,N87K,R,no,not_false_susceptible
CHINA_NINGXIA_2022,SHZY29,levofloxacin,R,ASSEMBLY_ONLY,D91Y,yes,PASS,R,A_mic_public_exact_link,R,16,16.0,=,no,Etest (BIO-KONT),Mueller-Hinton blood agar,EUCAST,publication says EUCAST but does not state version,NCG0028,SNP_CLUSTER_03,China,NCG0028,PRIMARY,yes,TP,S5L;V6I;D91Y;M191I;M191V;V201A;G208R;A283V;I307V;H354R;A379V;G468E;K478R;P484Q;S492A;K527R;S539N;N620K;V655I;H668Y;E679D;S708N;G733E;V741I;G755S;R784K;N797D;A799D;M803V;V805A;T819N;S820P;S821P,R,R,D91Y,D91Y,R,yes,not_false_susceptible
CHINA_NINGXIA_2022,SHZY30,levofloxacin,S,ASSEMBLY_ONLY,,yes,PASS,S,A_mic_public_exact_link,S,0.5,0.5,=,no,Etest (BIO-KONT),Mueller-Hinton blood agar,EUCAST,publication says EUCAST but does not state version,NCG0029,SNP_CLUSTER_03,China,NCG0029,PRIMARY,yes,TN,S5L;V6I;M191I;H354R;G468E;K478R;P484Q;S492A;K527R;S539N;V655I;N659D;H668Y;E679D;S708N;G733E;V741I;G755S;R784K;N797D;M803V;V805A,S,S,,,S,yes,not_false_susceptible
CHINA_NINGXIA_2022,SHZY31,levofloxacin,R,ASSEMBLY_ONLY,D91N,yes,PASS,S,A_mic_public_exact_link,S,0.032,0.032,=,no,Etest (BIO-KONT),Mueller-Hinton blood agar,EUCAST,publication says EUCAST but does not state version,NCG0030,SNP_CLUSTER_03,China,NCG0030,PRIMARY,no,FP,S5L;V6I;D91N;M191I;A283V;H354R;G468E;P484Q;R486C;S492A;S539N;V655I;H668Y;E679D;S708N;G733E;V741I;G755S;R784K;G787R;N797D;M803V;V805A;L817S;T819N;S820P;S821P,R,R,D91N,D91N,R,yes,not_false_susceptible
CHINA_NINGXIA_2022,SHZY32,levofloxacin,S,ASSEMBLY_ONLY,,yes,PASS,S,A_mic_public_exact_link,S,0.25,0.25,=,no,Etest (BIO-KONT),Mueller-Hinton blood agar,EUCAST,publication says EUCAST but does not state version,NCG0031,SNP_CLUSTER_03,China,NCG0031,PRIMARY,yes,TN,S5L;V6I;M191I;H354R;P484Q;R486C;K527R;S539N;V655I;H668Y;E679D;S708N;G733E;V741I;G755S;R784K;N797D;M803V;V805A;Q823H,S,S,,,S,yes,not_false_susceptible
CHINA_NINGXIA_2022,SHZY33,levofloxacin,S,ASSEMBLY_ONLY,,yes,PASS,S,A_mic_public_exact_link,S,0.008,0.008,=,no,Etest (BIO-KONT),Mueller-Hinton blood agar,EUCAST,publication says EUCAST but does not state version,NCG0032,SNP_CLUSTER_03,China,NCG0032,PRIMARY,yes,TN,S5L;V6I;M191I;P267S;H354R;L452F;P484Q;S492A;K527R;S539N;N620K;V655I;H668Y;E679D;S708N;G733E;V741I;G755S;R784K;G787R;N797D;M803V;V805A;T819N;S820P;S821P,S,S,,,S,yes,not_false_susceptible
CHINA_NINGXIA_2022,SHZY34,levofloxacin,R,ASSEMBLY_ONLY,N87K,yes,PASS,S,A_mic_public_exact_link,S,0.008,0.008,=,no,Etest (BIO-KONT),Mueller-Hinton blood agar,EUCAST,publication says EUCAST but does not state version,NCG0033,SNP_CLUSTER_03,China,NCG0033,PRIMARY,no,FP,S5L;V6I;N87K;M191I;G208E;H354R;G468E;P484Q;S492A;K527R;S539N;V655I;N659D;H668Y;E679D;S708N;G733E;V741I;G755S;R784K;G787R;N797D;M803V;V805A;L817S;T819N;S820P;S821P,S,R,N87K,N87K,R,no,not_false_susceptible
CHINA_NINGXIA_2022,SHZY35,levofloxacin,R,ASSEMBLY_ONLY,N87I,yes,PASS,R,A_mic_public_exact_link,R,16,16.0,=,no,Etest (BIO-KONT),Mueller-Hinton blood agar,EUCAST,publication says EUCAST but does not state version,NCG0034,SNP_CLUSTER_03,China,NCG0034,PRIMARY,yes,TP,N87I;M191I;D196N;L452F;G458S;P484Q;S492A;K527R;S539N;V655I;E679D;V741I;G755S;R784K;N797D;M803V;V805A;L817S;T819N;S820P;S821P,R,R,N87I,N87I,R,yes,not_false_susceptible
CHINA_NINGXIA_2022,SHZY36,levofloxacin,R,ASSEMBLY_ONLY,N87K,yes,PASS,S,A_mic_public_exact_link,S,1,1.0,=,yes,Etest (BIO-KONT),Mueller-Hinton blood agar,EUCAST,publication says EUCAST but does not state version,NCG0035,SNP_CLUSTER_03,China,NCG0035,PRIMARY,no,FP,S5L;V6I;N87K;M191I;H354R;P484Q;S492A;K527R;S539N;V655I;E679D;G733E;V741I;G755S;R784K;N797D;M803V;V805A;L825M,S,R,N87K,N87K,R,no,not_false_susceptible
CHINA_NINGXIA_2022,SHZY37,levofloxacin,S,ASSEMBLY_ONLY,,yes,PASS,S,A_mic_public_exact_link,S,0.125,0.125,=,no,Etest (BIO-KONT),Mueller-Hinton blood agar,EUCAST,publication says EUCAST but does not state version,NCG0036,SNP_CLUSTER_03,China,NCG0036,PRIMARY,yes,TN,S5L;V6I;M191I;G468E;P484Q;S492A;K527R;S539N;V655I;H668Y;E679D;I683M;T686N;T687A;I691R;V741I;G755S;R784K;G787R;N797D;M803V;V805A;T819N;S821P;Q823H,S,S,,,S,yes,not_false_susceptible
CHINA_NINGXIA_2022,SHZY38,levofloxacin,S,ASSEMBLY_ONLY,,yes,PASS,R,A_mic_public_exact_link,R,>32,32.0,>,no,Etest (BIO-KONT),Mueller-Hinton blood agar,EUCAST,publication says EUCAST but does not state version,NCG0037,SNP_CLUSTER_01,China,NCG0037,PRIMARY,no,FN,S5L;M191I;V199M;G208E;A407T;T417S;G468E;I587V;K694R;G711S;G733E;V741I;T819N;S820P;S821P,R,S,,,S,no,QRDR_wild_type_in_deposited_assembly
CHINA_NINGXIA_2022,SHZY39,levofloxacin,S,ASSEMBLY_ONLY,,yes,PASS,R,A_mic_public_exact_link,R,16,16.0,=,no,Etest (BIO-KONT),Mueller-Hinton blood agar,EUCAST,publication says EUCAST but does not state version,NCG0038,SNP_CLUSTER_04,China,NCG0038,PRIMARY,no,FN,V199A;G208A;H354R;Q403P;D455E;G458S;G468E;N495S;I498T;I587V;I639V;K658N;E679D;R681C;I691R;G733E;M803V,R,S,,,S,no,QRDR_wild_type_in_deposited_assembly
CHINA_NINGXIA_2022,SHZY40,levofloxacin,S,ASSEMBLY_ONLY,,yes,PASS,S,A_mic_public_exact_link,S,0.008,0.008,=,no,Etest (BIO-KONT),Mueller-Hinton blood agar,EUCAST,publication says EUCAST but does not state version,NCG0039,SNP_CLUSTER_03,China,NCG0039,PRIMARY,yes,TN,S5L;V6I;M191I;H354R;G468E;P484Q;S492A;K527R;S539N;V655I;H668Y;E679D;G733E;V741I;G755S;R784K;N797D;M803V;V805A;S821P;Q823P,S,S,,,S,yes,not_false_susceptible
CHINA_NINGXIA_2022,SHZY41,levofloxacin,R,ASSEMBLY_ONLY,D91N,yes,PASS,R,A_mic_public_exact_link,R,8,8.0,=,no,Etest (BIO-KONT),Mueller-Hinton blood agar,EUCAST,publication says EUCAST but does not state version,NCG0040,SNP_CLUSTER_03,China,NCG0040,PRIMARY,yes,TP,S5L;V6I;D91N;A183T;M191I;H354R;D454N;G468E;P484Q;S492A;K527R;S539N;V655I;E679D;T686S;T687A;I691R;G733E;V741I;G755S;R784K;N797D;M803V;V805A;S821P;Q823P,R,R,D91N,D91N,R,yes,not_false_susceptible
CHINA_NINGXIA_2022,SHZY42,levofloxacin,S,ASSEMBLY_ONLY,,yes,PASS,S,A_mic_public_exact_link,S,0.064,0.064,=,no,Etest (BIO-KONT),Mueller-Hinton blood agar,EUCAST,publication says EUCAST but does not state version,NCG0041,SNP_CLUSTER_03,China,NCG0041,PRIMARY,yes,TN,S5L;V6I;M191I;R311K;H354R;P484Q;S492A;K527R;S539N;V655I;H668Y;E679D;I683M;T686N;T687A;I691R;S708N;G733E;V741I;G755S;A773T;R784K;N797D;M803V;V805A;L817S;T819N;S820P;S821P;Q823P,S,S,,,S,yes,not_false_susceptible
CHINA_NINGXIA_2022,SHZY43,levofloxacin,S,ASSEMBLY_ONLY,,yes,PASS,R,A_mic_public_exact_link,R,>32,32.0,>,no,Etest (BIO-KONT),Mueller-Hinton blood agar,EUCAST,publication says EUCAST but does not state version,NCG0042,SNP_CLUSTER_03,China,NCG0042,PRIMARY,no,FN,S5L;V6I;N87Y;D145G;M191I;H354R;S404G;G468E;P484Q;S492A;K527R;V655I;H668Y;E679D;G733E;V741I;G755S;R784K;N797D;M803V;V805A;S821P;Q823P,R,S,N87Y,N87Y,S,no,off_panel_N87Y
CHINA_NINGXIA_2022,SHZY44,levofloxacin,R,ASSEMBLY_ONLY,N87I,yes,PASS,R,A_mic_public_exact_link,R,>32,32.0,>,no,Etest (BIO-KONT),Mueller-Hinton blood agar,EUCAST,publication says EUCAST but does not state version,NCG0043,SNP_CLUSTER_03,China,NCG0043,PRIMARY,yes,TP,S5L;V6I;N87I;M191I;A379V;G468E;P484Q;K527R;S539N;V655I;N659D;H668Y;E679D;S708N;G733E;V741I;G755S;R784K;N797D;M803V;V805A;Q823H,R,R,N87I,N87I,R,yes,not_false_susceptible
CHINA_NINGXIA_2022,SHZY45,levofloxacin,S,ASSEMBLY_ONLY,,yes,PASS,S,A_mic_public_exact_link,S,0.064,0.064,=,no,Etest (BIO-KONT),Mueller-Hinton blood agar,EUCAST,publication says EUCAST but does not state version,NCG0044,SNP_CLUSTER_03,China,NCG0044,PRIMARY,yes,TN,S5L;V6I;M191I;A283V;H354R;G468E;P484Q;S492A;K527R;S539N;V655I;H668Y;E679D;S708N;G733E;V741I;G755S;R784K;G787R;N797D;M803V;V805A;S821P;Q823P,S,S,,,S,yes,not_false_susceptible
CHINA_NINGXIA_2022,SHZY46,levofloxacin,R,ASSEMBLY_ONLY,N87K,yes,PASS,R,A_mic_public_exact_link,R,>32,32.0,>,no,Etest (BIO-KONT),Mueller-Hinton blood agar,EUCAST,publication says EUCAST but does not state version,NCG0045,SNP_CLUSTER_03,China,NCG0045,PRIMARY,yes,TP,S5L;V6I;N87K;M191I;G208R;A283V;H354R;E632G;S652N;E679D;I683M;T686N;T687A;K694R;G733E;L766F;V805A;T819N;S820P;S821P,S,R,N87K,N87K,R,no,not_false_susceptible
CHINA_NINGXIA_2022,SHZY47,levofloxacin,R,ASSEMBLY_ONLY,N87K,yes,PASS,R,A_mic_public_exact_link,R,>32,32.0,>,no,Etest (BIO-KONT),Mueller-Hinton blood agar,EUCAST,publication says EUCAST but does not state version,NCG0046,SNP_CLUSTER_03,China,NCG0046,PRIMARY,yes,TP,S5L;V6I;N87K;M191I;I194T;H354R;G468E;P484Q;S492A;K527R;S539N;E577K;V643I;V655I;N659D;H668Y;E679D;S708N;G711S;G733E;V741I;G755S;R784K;G787R;N797D;M803V;V805A;T819N;S820P;S821P,S,R,N87K,N87K,R,no,not_false_susceptible
CHINA_NINGXIA_2022,SHZY48,levofloxacin,R,ASSEMBLY_ONLY,N87I,yes,PASS,R,A_mic_public_exact_link,R,>32,32.0,>,no,Etest (BIO-KONT),Mueller-Hinton blood agar,EUCAST,publication says EUCAST but does not state version,NCG0047,SNP_CLUSTER_03,China,NCG0047,PRIMARY,yes,TP,S5L;V6I;N87I;G208E;H354R;D464Y;P484Q;S492A;K527R;S539N;A594D;V655I;H668Y;L669F;E679D;V741I;G755S;R784K;N797D;M803V;V805A;S821P;Q823P,R,R,N87I,N87I,R,yes,not_false_susceptible
CHINA_NINGXIA_2022,SHZY49,levofloxacin,S,ASSEMBLY_ONLY,,yes,PASS,S,A_mic_public_exact_link,S,0.064,0.064,=,no,Etest (BIO-KONT),Mueller-Hinton blood agar,EUCAST,publication says EUCAST but does not state version,NCG0048,SNP_CLUSTER_03,China,NCG0048,PRIMARY,yes,TN,S5L;V6I;M191I;H354R;G468E;P484Q;S492A;K527R;S539N;V655I;H668Y;E679D;G733E;V741I;G755S;R784K;G787R;N797D;M803V;V805A;T819N;S821P;Q823P,R,S,,,S,no,not_false_susceptible
CHINA_NINGXIA_2022,SHZY50,levofloxacin,S,ASSEMBLY_ONLY,,yes,PASS,S,A_mic_public_exact_link,S,0.25,0.25,=,no,Etest (BIO-KONT),Mueller-Hinton blood agar,EUCAST,publication says EUCAST but does not state version,NCG0049,SNP_CLUSTER_03,China,NCG0049,PRIMARY,yes,TN,S5L;V6I;M191I;I194T;K249R;H354R;R397Q;G468E;P484Q;S492A;K527R;S539N;V655I;N659D;H668Y;E679D;K694R;G733E;V741I;G755S;R784K;N797D;M803V;V805A,S,S,,,S,yes,not_false_susceptible
CHINA_NINGXIA_2022,SHZY51,levofloxacin,S,ASSEMBLY_ONLY,,yes,PASS,S,A_mic_public_exact_link,S,0.5,0.5,=,no,Etest (BIO-KONT),Mueller-Hinton blood agar,EUCAST,publication says EUCAST but does not state version,NCG0050,SNP_CLUSTER_03,China,NCG0050,PRIMARY,yes,TN,S5L;V6I;M191I;H354R;G468E;P484Q;R486H;S492A;K527R;S539N;V655I;E679D;G733E;V741I;G755S;R784K;N797D;M803V;V805A;L817S;T819N;S821P;Q823P,S,S,,,S,yes,not_false_susceptible
CHINA_NINGXIA_2022,SHZY52,levofloxacin,S,ASSEMBLY_ONLY,,yes,PASS,R,A_mic_public_exact_link,R,2,2.0,=,no,Etest (BIO-KONT),Mueller-Hinton blood agar,EUCAST,publication says EUCAST but does not state version,NCG0051,SNP_CLUSTER_03,China,NCG0051,PRIMARY,no,FN,S5L;V6I;M191I;G208E;H354R;P484Q;S492A;K527R;S539N;V655I;H668Y;E679D;S708N;G733E;V741I;G755S;R784K;N797D;M803V;V805A;S821P;Q823P,R,S,,,S,no,QRDR_wild_type_in_deposited_assembly
CHINA_NINGXIA_2022,SHZY53,levofloxacin,R,ASSEMBLY_ONLY,D91N,yes,PASS,R,A_mic_public_exact_link,R,8,8.0,=,no,Etest (BIO-KONT),Mueller-Hinton blood agar,EUCAST,publication says EUCAST but does not state version,NCG0052,SNP_CLUSTER_03,China,NCG0052,PRIMARY,yes,TP,S5L;V6I;A41T;D91N;M191I;P484Q;S492A;K527R;S539N;V655I;E679D;S708N;G733E;V741I;G755S;R784K;G787R;N797D;M803V;V805A;Q823H,R,R,D91N,D91N,R,yes,not_false_susceptible
CHINA_NINGXIA_2022,SHZY54,levofloxacin,S,ASSEMBLY_ONLY,,yes,PASS,S,A_mic_public_exact_link,S,1,1.0,=,yes,Etest (BIO-KONT),Mueller-Hinton blood agar,EUCAST,publication says EUCAST but does not state version,NCG0053,SNP_CLUSTER_03,China,NCG0053,PRIMARY,yes,TN,S5L;V6I;M191I;A283V;G468E;P484Q;S492A;K527R;S539N;E646G;A653V;V655I;H668Y;E679D;T686S;T687A;I691R;S708N;G733E;V741I;G755S;R784K;G787R;N797D;M803V;V805A;L817S;T819N;S820P;S821P;Q823P,S,S,,,S,yes,not_false_susceptible
CHINA_NINGXIA_2022,SHZY55,levofloxacin,S,ASSEMBLY_ONLY,,yes,PASS,R,A_mic_public_exact_link,R,2,2.0,=,no,Etest (BIO-KONT),Mueller-Hinton blood agar,EUCAST,publication says EUCAST but does not state version,NCG0054,SNP_CLUSTER_01,China,NCG0054,PRIMARY,no,FN,A97V;M191I;G208E;H354R;Q403P;A407T;N495S;E679D;K694R;G733E;K745R;L766F;T819I,R,S,,,S,no,QRDR_wild_type_in_deposited_assembly
CHINA_NINGXIA_2022,SHZY57,levofloxacin,S,ASSEMBLY_ONLY,,yes,PASS,R,A_mic_public_exact_link,R,2,2.0,=,no,Etest (BIO-KONT),Mueller-Hinton blood agar,EUCAST,publication says EUCAST but does not state version,NCG0055,SNP_CLUSTER_03,China,NCG0055,PRIMARY,no,FN,S5L;V6I;M191I;A207V;T239M;H354R;S492A;K527R;S539N;V655I;N659D;H668Y;E679D;G733E;V741I;G755S;R784K;N797D;M803V;V805A;S821P;Q823P,R,S,,,S,no,QRDR_wild_type_in_deposited_assembly
CHINA_NINGXIA_2022,SHZY59,levofloxacin,S,ASSEMBLY_ONLY,,yes,PASS,S,A_mic_public_exact_link,S,1,1.0,=,yes,Etest (BIO-KONT),Mueller-Hinton blood agar,EUCAST,publication says EUCAST but does not state version,NCG0056,SNP_CLUSTER_03,China,NCG0056,PRIMARY,yes,TN,S5L;V6I;M191I;A236S;N341S;H354R;T417I;P484Q;S492A;K527R;S539N;V655I;H668Y;E679D;S708N;G733E;V741I;G755S;V756I;R784K;G787R;N797D;M803V;V805A;L817S;T819N;S820P;S821P,S,S,,,S,yes,not_false_susceptible
CHINA_NINGXIA_2022,SHZY60,levofloxacin,S,ASSEMBLY_ONLY,,yes,PASS,R,A_mic_public_exact_link,R,>32,32.0,>,no,Etest (BIO-KONT),Mueller-Hinton blood agar,EUCAST,publication says EUCAST but does not state version,NCG0057,SNP_CLUSTER_03,China,NCG0057,PRIMARY,no,FN,M191I;D210N;V216I;A283V;G468E;P484Q;S492A;K527R;S539N;V655I;A660T;H668Y;E679D;G733E;V741I;G755S;R784K;N797D;M803V;V805A;T819N;S820P;S821P;Q823P,R,S,,,S,no,QRDR_wild_type_in_deposited_assembly
