scenario,stratum_type,stratum,dataset_id,antibiotic,n,n_resistant,n_susceptible,tp,tn,fp,fn,prevalence,sensitivity,specificity,false_susceptible_rate,false_resistant_rate,balanced_accuracy,mcc,ppv,npv,auroc_binary_score,auprc_binary_score,brier_binary_score,sensitivity_ci_low,sensitivity_ci_high,specificity_ci_low,specificity_ci_high,false_susceptible_rate_ci_low,false_susceptible_rate_ci_high,false_resistant_rate_ci_low,false_resistant_rate_ci_high,ppv_ci_low,ppv_ci_high,npv_ci_low,npv_ci_high,balanced_accuracy_bootstrap_low,balanced_accuracy_bootstrap_high,mcc_bootstrap_low,mcc_bootstrap_high,auroc_binary_score_bootstrap_low,auroc_binary_score_bootstrap_high,auprc_binary_score_bootstrap_low,auprc_binary_score_bootstrap_high,brier_binary_score_bootstrap_low,brier_binary_score_bootstrap_high
PRIMARY_ORIGINAL_I_EXCLUDED,COHORT,CHINA_NINGXIA_2022,CHINA_NINGXIA_2022,clarithromycin,6,2,4,2,4,0,0,0.3333333333333333,1.0,1.0,0.0,0.0,1.0,1.0,1.0,1.0,1.0,1.0,0.0,0.15811388300841897,1.0,0.3976353643835253,1.0,0.0,0.841886116991581,0.0,0.6023646356164746,0.15811388300841897,1.0,0.3976353643835253,1.0,1.0,1.0,1.0,1.0,1.0,1.0,1.0,1.0,0.0,0.0
PRIMARY_ORIGINAL_I_EXCLUDED,COHORT,CHINA_NINGXIA_2022,CHINA_NINGXIA_2022,levofloxacin,57,28,29,12,22,7,16,0.49122807017543857,0.4285714285714285,0.7586206896551724,0.5714285714285714,0.2413793103448276,0.5935960591133005,0.19851666679418606,0.631578947368421,0.5789473684210527,0.5935960591133005,0.5513784461152882,0.40350877192982454,0.24462393630214663,0.628206371387904,0.5645996540114667,0.8970164492273827,0.3717936286120959,0.7553760636978534,0.10298355077261735,0.43540034598853333,0.38357792331440527,0.8371141278449004,0.40821445411990515,0.7369017627485158,0.46777462121212127,0.7100056818181818,-0.06983498736668739,0.4413425704329451,0.46777462121212127,0.7100056818181818,0.39905108944383644,0.7090562343358395,0.2807017543859649,0.543859649122807
PRIMARY_ORIGINAL_I_EXCLUDED,COHORT,HPGP_GLOBAL,HPGP_GLOBAL,clarithromycin,414,108,306,108,306,0,0,0.2608695652173913,1.0,1.0,0.0,0.0,1.0,1.0,1.0,1.0,1.0,1.0,0.0,0.9664204497813456,1.0,0.9880172107339854,1.0,0.0,0.033579550218654476,0.0,0.011982789266014617,0.9664204497813456,1.0,0.9880172107339854,1.0,1.0,1.0,1.0,1.0,1.0,1.0,1.0,1.0,0.0,0.0
PRIMARY_ORIGINAL_I_EXCLUDED,COHORT,HPGP_GLOBAL,HPGP_GLOBAL,levofloxacin,414,133,281,131,281,0,2,0.321256038647343,0.9849624060150376,1.0,0.0150375939849624,0.0,0.9924812030075187,0.9889396043009203,1.0,0.9929328621908127,0.9924812030075187,0.9897933238894338,0.004830917874396135,0.9467356013821775,0.9981736611688586,0.9869581073370893,1.0,0.0018263388311413895,0.05326439861782252,0.0,0.013041892662910644,0.9722333948899635,1.0,0.9747056400929864,0.9991429880162443,0.9806201550387597,1.0,0.9718805424130796,1.0,0.9806201550387597,1.0,0.9733762324076165,1.0,0.0,0.012106537530266344
PRIMARY_ORIGINAL_I_EXCLUDED,COHORT,ZENODO_10369064,ZENODO_10369064,clarithromycin,44,20,24,18,23,1,2,0.45454545454545453,0.9,0.9583333333333334,0.1,0.041666666666666664,0.9291666666666667,0.8628390510808928,0.9473684210526315,0.92,0.9291666666666667,0.8980861244019138,0.06818181818181818,0.6830172859809177,0.9876514728297052,0.7887983165430269,0.9989456475545303,0.012348527170294808,0.31698271401908235,0.0010543524454697472,0.2112016834569731,0.7397193458047858,0.9986683711958205,0.7396941578947858,0.9901604099812025,0.8408799533799532,1.0,0.6895152876862637,1.0,0.8408799533799532,1.0,0.7614308768154922,1.0,0.0,0.1590909090909091
PRIMARY_ORIGINAL_I_EXCLUDED,COHORT,ZENODO_10369064,ZENODO_10369064,levofloxacin,39,16,23,14,22,1,2,0.41025641025641024,0.875,0.9565217391304348,0.125,0.043478260869565216,0.9157608695652174,0.8407101035796285,0.9333333333333333,0.9166666666666666,0.9157608695652174,0.867948717948718,0.07692307692307693,0.6165237631507364,0.9844863961845861,0.7805133925465195,0.9988998313695585,0.015513603815413885,0.38347623684926346,0.0011001686304414997,0.2194866074534804,0.6805154334216966,0.9983135697586473,0.7300271984423964,0.9897436587187498,0.809776138716356,1.0,0.638306902323129,1.0,0.809776138716356,1.0,0.689375,1.0,0.0,0.1794871794871795
EXCLUDE_BORDERLINE_MIC,COHORT,CHINA_NINGXIA_2022,CHINA_NINGXIA_2022,clarithromycin,5,2,3,2,3,0,0,0.4,1.0,1.0,0.0,0.0,1.0,1.0,1.0,1.0,1.0,1.0,0.0,0.15811388300841897,1.0,0.2924017738212866,1.0,0.0,0.841886116991581,0.0,0.7075982261787133,0.15811388300841897,1.0,0.2924017738212866,1.0,1.0,1.0,1.0,1.0,1.0,1.0,1.0,1.0,0.0,0.0
EXCLUDE_BORDERLINE_MIC,COHORT,CHINA_NINGXIA_2022,CHINA_NINGXIA_2022,levofloxacin,53,28,25,12,19,6,16,0.5283018867924528,0.4285714285714285,0.76,0.5714285714285714,0.24,0.5942857142857143,0.19877173863915526,0.6666666666666666,0.5428571428571428,0.5942857142857143,0.5876010781671159,0.41509433962264153,0.24462393630214663,0.628206371387904,0.5487119821833135,0.9064355606682571,0.3717936286120959,0.7553760636978534,0.09356443933174285,0.4512880178166864,0.40992523817207444,0.8665725974938765,0.36645801712145215,0.711728556209243,0.469941348973607,0.7129729406130269,-0.065758854839191,0.4429304835516682,0.469941348973607,0.7129729406130269,0.43148656375071476,0.7446931584808278,0.2830188679245283,0.5471698113207547
EXCLUDE_BORDERLINE_MIC,COHORT,HPGP_GLOBAL,HPGP_GLOBAL,clarithromycin,414,108,306,108,306,0,0,0.2608695652173913,1.0,1.0,0.0,0.0,1.0,1.0,1.0,1.0,1.0,1.0,0.0,0.9664204497813456,1.0,0.9880172107339854,1.0,0.0,0.033579550218654476,0.0,0.011982789266014617,0.9664204497813456,1.0,0.9880172107339854,1.0,1.0,1.0,1.0,1.0,1.0,1.0,1.0,1.0,0.0,0.0
EXCLUDE_BORDERLINE_MIC,COHORT,HPGP_GLOBAL,HPGP_GLOBAL,levofloxacin,414,133,281,131,281,0,2,0.321256038647343,0.9849624060150376,1.0,0.0150375939849624,0.0,0.9924812030075187,0.9889396043009203,1.0,0.9929328621908127,0.9924812030075187,0.9897933238894338,0.004830917874396135,0.9467356013821775,0.9981736611688586,0.9869581073370893,1.0,0.0018263388311413895,0.05326439861782252,0.0,0.013041892662910644,0.9722333948899635,1.0,0.9747056400929864,0.9991429880162443,0.9806201550387597,1.0,0.9718805424130796,1.0,0.9806201550387597,1.0,0.9733762324076165,1.0,0.0,0.012106537530266344
EXCLUDE_BORDERLINE_MIC,COHORT,ZENODO_10369064,ZENODO_10369064,clarithromycin,44,20,24,18,23,1,2,0.45454545454545453,0.9,0.9583333333333334,0.1,0.041666666666666664,0.9291666666666667,0.8628390510808928,0.9473684210526315,0.92,0.9291666666666667,0.8980861244019138,0.06818181818181818,0.6830172859809177,0.9876514728297052,0.7887983165430269,0.9989456475545303,0.012348527170294808,0.31698271401908235,0.0010543524454697472,0.2112016834569731,0.7397193458047858,0.9986683711958205,0.7396941578947858,0.9901604099812025,0.8408799533799532,1.0,0.6895152876862637,1.0,0.8408799533799532,1.0,0.7614308768154922,1.0,0.0,0.1590909090909091
EXCLUDE_BORDERLINE_MIC,COHORT,ZENODO_10369064,ZENODO_10369064,levofloxacin,39,16,23,14,22,1,2,0.41025641025641024,0.875,0.9565217391304348,0.125,0.043478260869565216,0.9157608695652174,0.8407101035796285,0.9333333333333333,0.9166666666666666,0.9157608695652174,0.867948717948718,0.07692307692307693,0.6165237631507364,0.9844863961845861,0.7805133925465195,0.9988998313695585,0.015513603815413885,0.38347623684926346,0.0011001686304414997,0.2194866074534804,0.6805154334216966,0.9983135697586473,0.7300271984423964,0.9897436587187498,0.809776138716356,1.0,0.638306902323129,1.0,0.809776138716356,1.0,0.689375,1.0,0.0,0.1794871794871795
I_AS_S,COHORT,CHINA_NINGXIA_2022,CHINA_NINGXIA_2022,clarithromycin,6,2,4,2,4,0,0,0.3333333333333333,1.0,1.0,0.0,0.0,1.0,1.0,1.0,1.0,1.0,1.0,0.0,0.15811388300841897,1.0,0.3976353643835253,1.0,0.0,0.841886116991581,0.0,0.6023646356164746,0.15811388300841897,1.0,0.3976353643835253,1.0,1.0,1.0,1.0,1.0,1.0,1.0,1.0,1.0,0.0,0.0
I_AS_S,COHORT,CHINA_NINGXIA_2022,CHINA_NINGXIA_2022,levofloxacin,57,28,29,12,22,7,16,0.49122807017543857,0.4285714285714285,0.7586206896551724,0.5714285714285714,0.2413793103448276,0.5935960591133005,0.19851666679418606,0.631578947368421,0.5789473684210527,0.5935960591133005,0.5513784461152882,0.40350877192982454,0.24462393630214663,0.628206371387904,0.5645996540114667,0.8970164492273827,0.3717936286120959,0.7553760636978534,0.10298355077261735,0.43540034598853333,0.38357792331440527,0.8371141278449004,0.40821445411990515,0.7369017627485158,0.46777462121212127,0.7100056818181818,-0.06983498736668739,0.4413425704329451,0.46777462121212127,0.7100056818181818,0.39905108944383644,0.7090562343358395,0.2807017543859649,0.543859649122807
I_AS_S,COHORT,HPGP_GLOBAL,HPGP_GLOBAL,clarithromycin,414,108,306,108,306,0,0,0.2608695652173913,1.0,1.0,0.0,0.0,1.0,1.0,1.0,1.0,1.0,1.0,0.0,0.9664204497813456,1.0,0.9880172107339854,1.0,0.0,0.033579550218654476,0.0,0.011982789266014617,0.9664204497813456,1.0,0.9880172107339854,1.0,1.0,1.0,1.0,1.0,1.0,1.0,1.0,1.0,0.0,0.0
I_AS_S,COHORT,HPGP_GLOBAL,HPGP_GLOBAL,levofloxacin,414,133,281,131,281,0,2,0.321256038647343,0.9849624060150376,1.0,0.0150375939849624,0.0,0.9924812030075187,0.9889396043009203,1.0,0.9929328621908127,0.9924812030075187,0.9897933238894338,0.004830917874396135,0.9467356013821775,0.9981736611688586,0.9869581073370893,1.0,0.0018263388311413895,0.05326439861782252,0.0,0.013041892662910644,0.9722333948899635,1.0,0.9747056400929864,0.9991429880162443,0.9806201550387597,1.0,0.9718805424130796,1.0,0.9806201550387597,1.0,0.9733762324076165,1.0,0.0,0.012106537530266344
I_AS_S,COHORT,ZENODO_10369064,ZENODO_10369064,clarithromycin,46,20,26,18,24,2,2,0.43478260869565216,0.9,0.9230769230769232,0.1,0.07692307692307693,0.9115384615384616,0.823076923076923,0.9,0.9230769230769231,0.9115384615384616,0.8534782608695652,0.08695652173913043,0.6830172859809177,0.9876514728297052,0.7486970833046261,0.9905446089962873,0.012348527170294808,0.31698271401908235,0.00945539100371274,0.25130291669537386,0.6830172859809177,0.9876514728297052,0.7486970833046261,0.9905446089962873,0.8182795698924731,0.9833333333333334,0.6412498258561146,0.957427107756338,0.8182795698924731,0.9833333333333334,0.6772501906941266,0.9782608695652174,0.021739130434782608,0.17391304347826086
I_AS_S,COHORT,ZENODO_10369064,ZENODO_10369064,levofloxacin,42,16,26,14,24,2,2,0.38095238095238093,0.875,0.9230769230769232,0.125,0.07692307692307693,0.8990384615384616,0.7980769230769231,0.875,0.9230769230769231,0.8990384615384616,0.8132440476190477,0.09523809523809523,0.6165237631507364,0.9844863961845861,0.7486970833046261,0.9905446089962873,0.015513603815413885,0.38347623684926346,0.00945539100371274,0.25130291669537386,0.6165237631507364,0.9844863961845861,0.7486970833046261,0.9905446089962873,0.7847064393939394,0.9821428571428572,0.5731316885385008,0.9528351047490354,0.7847064393939394,0.9821428571428572,0.6054421768707483,0.9649859943977591,0.023809523809523808,0.19047619047619047
I_AS_R,COHORT,CHINA_NINGXIA_2022,CHINA_NINGXIA_2022,clarithromycin,6,2,4,2,4,0,0,0.3333333333333333,1.0,1.0,0.0,0.0,1.0,1.0,1.0,1.0,1.0,1.0,0.0,0.15811388300841897,1.0,0.3976353643835253,1.0,0.0,0.841886116991581,0.0,0.6023646356164746,0.15811388300841897,1.0,0.3976353643835253,1.0,1.0,1.0,1.0,1.0,1.0,1.0,1.0,1.0,0.0,0.0
I_AS_R,COHORT,CHINA_NINGXIA_2022,CHINA_NINGXIA_2022,levofloxacin,57,28,29,12,22,7,16,0.49122807017543857,0.4285714285714285,0.7586206896551724,0.5714285714285714,0.2413793103448276,0.5935960591133005,0.19851666679418606,0.631578947368421,0.5789473684210527,0.5935960591133005,0.5513784461152882,0.40350877192982454,0.24462393630214663,0.628206371387904,0.5645996540114667,0.8970164492273827,0.3717936286120959,0.7553760636978534,0.10298355077261735,0.43540034598853333,0.38357792331440527,0.8371141278449004,0.40821445411990515,0.7369017627485158,0.46777462121212127,0.7100056818181818,-0.06983498736668739,0.4413425704329451,0.46777462121212127,0.7100056818181818,0.39905108944383644,0.7090562343358395,0.2807017543859649,0.543859649122807
I_AS_R,COHORT,HPGP_GLOBAL,HPGP_GLOBAL,clarithromycin,414,108,306,108,306,0,0,0.2608695652173913,1.0,1.0,0.0,0.0,1.0,1.0,1.0,1.0,1.0,1.0,0.0,0.9664204497813456,1.0,0.9880172107339854,1.0,0.0,0.033579550218654476,0.0,0.011982789266014617,0.9664204497813456,1.0,0.9880172107339854,1.0,1.0,1.0,1.0,1.0,1.0,1.0,1.0,1.0,0.0,0.0
I_AS_R,COHORT,HPGP_GLOBAL,HPGP_GLOBAL,levofloxacin,414,133,281,131,281,0,2,0.321256038647343,0.9849624060150376,1.0,0.0150375939849624,0.0,0.9924812030075187,0.9889396043009203,1.0,0.9929328621908127,0.9924812030075187,0.9897933238894338,0.004830917874396135,0.9467356013821775,0.9981736611688586,0.9869581073370893,1.0,0.0018263388311413895,0.05326439861782252,0.0,0.013041892662910644,0.9722333948899635,1.0,0.9747056400929864,0.9991429880162443,0.9806201550387597,1.0,0.9718805424130796,1.0,0.9806201550387597,1.0,0.9733762324076165,1.0,0.0,0.012106537530266344
I_AS_R,COHORT,ZENODO_10369064,ZENODO_10369064,clarithromycin,46,22,24,19,23,1,3,0.4782608695652174,0.8636363636363636,0.9583333333333334,0.1363636363636363,0.041666666666666664,0.9109848484848485,0.8282684074492729,0.95,0.8846153846153846,0.9109848484848485,0.8856719367588932,0.08695652173913043,0.6508779027425919,0.9709441488712534,0.7887983165430269,0.9989456475545303,0.02905585112874668,0.34912209725740806,0.0010543524454697472,0.2112016834569731,0.7512672372279722,0.9987349105020502,0.6984595998924322,0.9755419246820378,0.8209523809523809,0.9807692307692308,0.6589982335640197,0.9572688422609587,0.8209523809523809,0.9807692307692308,0.7496843757265752,0.9782608695652174,0.021739130434782608,0.17391304347826086
I_AS_R,COHORT,ZENODO_10369064,ZENODO_10369064,levofloxacin,42,19,23,15,22,1,4,0.4523809523809524,0.7894736842105263,0.9565217391304348,0.2105263157894736,0.043478260869565216,0.8729977116704806,0.7645928215163355,0.9375,0.8461538461538461,0.8729977116704806,0.8353696741854637,0.11904761904761904,0.5443469181084943,0.9394754622907102,0.7805133925465195,0.9988998313695585,0.060524537709289755,0.45565308189150555,0.0011001686304414997,0.2194866074534804,0.697679261565468,0.9984188882772341,0.6513212144646385,0.9564365234610761,0.7567679195804196,0.9642857142857143,0.5545781024517099,0.9468641529479986,0.7567679195804196,0.9642857142857143,0.661610524891775,0.9571428571428572,0.023809523809523808,0.23809523809523808
RECOMPUTED_I_EXCLUDED,COHORT,CHINA_NINGXIA_2022,CHINA_NINGXIA_2022,clarithromycin,5,2,3,2,3,0,0,0.4,1.0,1.0,0.0,0.0,1.0,1.0,1.0,1.0,1.0,1.0,0.0,0.15811388300841897,1.0,0.2924017738212866,1.0,0.0,0.841886116991581,0.0,0.7075982261787133,0.15811388300841897,1.0,0.2924017738212866,1.0,1.0,1.0,1.0,1.0,1.0,1.0,1.0,1.0,0.0,0.0
RECOMPUTED_I_EXCLUDED,COHORT,CHINA_NINGXIA_2022,CHINA_NINGXIA_2022,levofloxacin,57,28,29,12,22,7,16,0.49122807017543857,0.4285714285714285,0.7586206896551724,0.5714285714285714,0.2413793103448276,0.5935960591133005,0.19851666679418606,0.631578947368421,0.5789473684210527,0.5935960591133005,0.5513784461152882,0.40350877192982454,0.24462393630214663,0.628206371387904,0.5645996540114667,0.8970164492273827,0.3717936286120959,0.7553760636978534,0.10298355077261735,0.43540034598853333,0.38357792331440527,0.8371141278449004,0.40821445411990515,0.7369017627485158,0.46777462121212127,0.7100056818181818,-0.06983498736668739,0.4413425704329451,0.46777462121212127,0.7100056818181818,0.39905108944383644,0.7090562343358395,0.2807017543859649,0.543859649122807
RECOMPUTED_I_AS_S,COHORT,CHINA_NINGXIA_2022,CHINA_NINGXIA_2022,clarithromycin,6,2,4,2,4,0,0,0.3333333333333333,1.0,1.0,0.0,0.0,1.0,1.0,1.0,1.0,1.0,1.0,0.0,0.15811388300841897,1.0,0.3976353643835253,1.0,0.0,0.841886116991581,0.0,0.6023646356164746,0.15811388300841897,1.0,0.3976353643835253,1.0,1.0,1.0,1.0,1.0,1.0,1.0,1.0,1.0,0.0,0.0
RECOMPUTED_I_AS_S,COHORT,CHINA_NINGXIA_2022,CHINA_NINGXIA_2022,levofloxacin,57,28,29,12,22,7,16,0.49122807017543857,0.4285714285714285,0.7586206896551724,0.5714285714285714,0.2413793103448276,0.5935960591133005,0.19851666679418606,0.631578947368421,0.5789473684210527,0.5935960591133005,0.5513784461152882,0.40350877192982454,0.24462393630214663,0.628206371387904,0.5645996540114667,0.8970164492273827,0.3717936286120959,0.7553760636978534,0.10298355077261735,0.43540034598853333,0.38357792331440527,0.8371141278449004,0.40821445411990515,0.7369017627485158,0.46777462121212127,0.7100056818181818,-0.06983498736668739,0.4413425704329451,0.46777462121212127,0.7100056818181818,0.39905108944383644,0.7090562343358395,0.2807017543859649,0.543859649122807
RECOMPUTED_I_AS_R,COHORT,CHINA_NINGXIA_2022,CHINA_NINGXIA_2022,clarithromycin,6,3,3,2,3,0,1,0.5,0.6666666666666666,1.0,0.3333333333333333,0.0,0.8333333333333333,0.7071067811865476,1.0,0.75,0.8333333333333333,0.8333333333333333,0.16666666666666666,0.09429932405024609,0.9915962413403874,0.2924017738212866,1.0,0.008403758659612636,0.9057006759497539,0.0,0.7075982261787133,0.15811388300841897,1.0,0.19412044968324338,0.9936905367902902,0.5,1.0,0.0,1.0,0.5,1.0,0.16666666666666666,1.0,0.0,0.5
RECOMPUTED_I_AS_R,COHORT,CHINA_NINGXIA_2022,CHINA_NINGXIA_2022,levofloxacin,57,28,29,12,22,7,16,0.49122807017543857,0.4285714285714285,0.7586206896551724,0.5714285714285714,0.2413793103448276,0.5935960591133005,0.19851666679418606,0.631578947368421,0.5789473684210527,0.5935960591133005,0.5513784461152882,0.40350877192982454,0.24462393630214663,0.628206371387904,0.5645996540114667,0.8970164492273827,0.3717936286120959,0.7553760636978534,0.10298355077261735,0.43540034598853333,0.38357792331440527,0.8371141278449004,0.40821445411990515,0.7369017627485158,0.46777462121212127,0.7100056818181818,-0.06983498736668739,0.4413425704329451,0.46777462121212127,0.7100056818181818,0.39905108944383644,0.7090562343358395,0.2807017543859649,0.543859649122807
PRIMARY_ORIGINAL_I_EXCLUDED,AST_METHOD,Etest (BIO-KONT),MULTI_COHORT,clarithromycin,6,2,4,2,4,0,0,0.3333333333333333,1.0,1.0,0.0,0.0,1.0,1.0,1.0,1.0,1.0,1.0,0.0,0.15811388300841897,1.0,0.3976353643835253,1.0,0.0,0.841886116991581,0.0,0.6023646356164746,0.15811388300841897,1.0,0.3976353643835253,1.0,1.0,1.0,1.0,1.0,1.0,1.0,1.0,1.0,0.0,0.0
PRIMARY_ORIGINAL_I_EXCLUDED,AST_METHOD,Etest (BIO-KONT),MULTI_COHORT,levofloxacin,57,28,29,12,22,7,16,0.49122807017543857,0.4285714285714285,0.7586206896551724,0.5714285714285714,0.2413793103448276,0.5935960591133005,0.19851666679418606,0.631578947368421,0.5789473684210527,0.5935960591133005,0.5513784461152882,0.40350877192982454,0.24462393630214663,0.628206371387904,0.5645996540114667,0.8970164492273827,0.3717936286120959,0.7553760636978534,0.10298355077261735,0.43540034598853333,0.38357792331440527,0.8371141278449004,0.40821445411990515,0.7369017627485158,0.46777462121212127,0.7100056818181818,-0.06983498736668739,0.4413425704329451,0.46777462121212127,0.7100056818181818,0.39905108944383644,0.7090562343358395,0.2807017543859649,0.543859649122807
PRIMARY_ORIGINAL_I_EXCLUDED,AST_METHOD,Kirby-Bauer disk diffusion,MULTI_COHORT,clarithromycin,44,20,24,18,23,1,2,0.45454545454545453,0.9,0.9583333333333334,0.1,0.041666666666666664,0.9291666666666667,0.8628390510808928,0.9473684210526315,0.92,0.9291666666666667,0.8980861244019138,0.06818181818181818,0.6830172859809177,0.9876514728297052,0.7887983165430269,0.9989456475545303,0.012348527170294808,0.31698271401908235,0.0010543524454697472,0.2112016834569731,0.7397193458047858,0.9986683711958205,0.7396941578947858,0.9901604099812025,0.8408799533799532,1.0,0.6895152876862637,1.0,0.8408799533799532,1.0,0.7614308768154922,1.0,0.0,0.1590909090909091
PRIMARY_ORIGINAL_I_EXCLUDED,AST_METHOD,Kirby-Bauer disk diffusion,MULTI_COHORT,levofloxacin,39,16,23,14,22,1,2,0.41025641025641024,0.875,0.9565217391304348,0.125,0.043478260869565216,0.9157608695652174,0.8407101035796285,0.9333333333333333,0.9166666666666666,0.9157608695652174,0.867948717948718,0.07692307692307693,0.6165237631507364,0.9844863961845861,0.7805133925465195,0.9988998313695585,0.015513603815413885,0.38347623684926346,0.0011001686304414997,0.2194866074534804,0.6805154334216966,0.9983135697586473,0.7300271984423964,0.9897436587187498,0.809776138716356,1.0,0.638306902323129,1.0,0.809776138716356,1.0,0.689375,1.0,0.0,0.1794871794871795
PRIMARY_ORIGINAL_I_EXCLUDED,AST_METHOD,centralized phenotyping; exact per-isolate MIC not in code snapshot,MULTI_COHORT,clarithromycin,414,108,306,108,306,0,0,0.2608695652173913,1.0,1.0,0.0,0.0,1.0,1.0,1.0,1.0,1.0,1.0,0.0,0.9664204497813456,1.0,0.9880172107339854,1.0,0.0,0.033579550218654476,0.0,0.011982789266014617,0.9664204497813456,1.0,0.9880172107339854,1.0,1.0,1.0,1.0,1.0,1.0,1.0,1.0,1.0,0.0,0.0
PRIMARY_ORIGINAL_I_EXCLUDED,AST_METHOD,centralized phenotyping; exact per-isolate MIC not in code snapshot,MULTI_COHORT,levofloxacin,414,133,281,131,281,0,2,0.321256038647343,0.9849624060150376,1.0,0.0150375939849624,0.0,0.9924812030075187,0.9889396043009203,1.0,0.9929328621908127,0.9924812030075187,0.9897933238894338,0.004830917874396135,0.9467356013821775,0.9981736611688586,0.9869581073370893,1.0,0.0018263388311413895,0.05326439861782252,0.0,0.013041892662910644,0.9722333948899635,1.0,0.9747056400929864,0.9991429880162443,0.9806201550387597,1.0,0.9718805424130796,1.0,0.9806201550387597,1.0,0.9733762324076165,1.0,0.0,0.012106537530266344
PRIMARY_ORIGINAL_I_EXCLUDED,SEQUENCE_SUPPORT,ASSEMBLY_ONLY,MULTI_COHORT,clarithromycin,420,110,310,110,310,0,0,0.2619047619047619,1.0,1.0,0.0,0.0,1.0,1.0,1.0,1.0,1.0,1.0,0.0,0.9670208059677803,1.0,0.9881709092315293,1.0,0.0,0.032979194032219696,0.0,0.011829090768470742,0.9670208059677803,1.0,0.9881709092315293,1.0,1.0,1.0,1.0,1.0,1.0,1.0,1.0,1.0,0.0,0.0
PRIMARY_ORIGINAL_I_EXCLUDED,SEQUENCE_SUPPORT,ASSEMBLY_ONLY,MULTI_COHORT,levofloxacin,471,161,310,143,303,7,18,0.34182590233545646,0.8881987577639752,0.9774193548387096,0.1118012422360248,0.02258064516129032,0.9328090563013425,0.8812963560938246,0.9533333333333334,0.9439252336448598,0.9328090563013425,0.8849660429112105,0.05307855626326964,0.8290693750078757,0.9323779406194773,0.9540306697684995,0.9908743247024877,0.06762205938052268,0.17093062499212427,0.00912567529751232,0.04596933023150053,0.9062141350122035,0.9810344303654225,0.912823464472973,0.9664315942641384,0.9067121610153522,0.9572876075432345,0.8331584745613875,0.9239637844901033,0.9067121610153522,0.9572876075432345,0.837416624886591,0.927611204007041,0.03397027600849257,0.07446808510638298
PRIMARY_ORIGINAL_I_EXCLUDED,SEQUENCE_SUPPORT,RAW_READ_POOLED_23S_WITH_COPY_AUDIT,MULTI_COHORT,clarithromycin,44,20,24,18,23,1,2,0.45454545454545453,0.9,0.9583333333333334,0.1,0.041666666666666664,0.9291666666666667,0.8628390510808928,0.9473684210526315,0.92,0.9291666666666667,0.8980861244019138,0.06818181818181818,0.6830172859809177,0.9876514728297052,0.7887983165430269,0.9989456475545303,0.012348527170294808,0.31698271401908235,0.0010543524454697472,0.2112016834569731,0.7397193458047858,0.9986683711958205,0.7396941578947858,0.9901604099812025,0.8408799533799532,1.0,0.6895152876862637,1.0,0.8408799533799532,1.0,0.7614308768154922,1.0,0.0,0.1590909090909091
PRIMARY_ORIGINAL_I_EXCLUDED,SEQUENCE_SUPPORT,RAW_READ_SUPPORTED,MULTI_COHORT,levofloxacin,39,16,23,14,22,1,2,0.41025641025641024,0.875,0.9565217391304348,0.125,0.043478260869565216,0.9157608695652174,0.8407101035796285,0.9333333333333333,0.9166666666666666,0.9157608695652174,0.867948717948718,0.07692307692307693,0.6165237631507364,0.9844863961845861,0.7805133925465195,0.9988998313695585,0.015513603815413885,0.38347623684926346,0.0011001686304414997,0.2194866074534804,0.6805154334216966,0.9983135697586473,0.7300271984423964,0.9897436587187498,0.809776138716356,1.0,0.638306902323129,1.0,0.809776138716356,1.0,0.689375,1.0,0.0,0.1794871794871795
PRIMARY_ORIGINAL_I_EXCLUDED,COUNTRY,ALG,MULTI_COHORT,clarithromycin,9,4,5,4,5,0,0,0.4444444444444444,1.0,1.0,0.0,0.0,1.0,1.0,1.0,1.0,1.0,1.0,0.0,0.3976353643835253,1.0,0.4781762498950185,1.0,0.0,0.6023646356164746,0.0,0.5218237501049814,0.3976353643835253,1.0,0.4781762498950185,1.0,1.0,1.0,1.0,1.0,1.0,1.0,1.0,1.0,0.0,0.0
PRIMARY_ORIGINAL_I_EXCLUDED,COUNTRY,ARG,MULTI_COHORT,clarithromycin,10,3,7,3,7,0,0,0.3,1.0,1.0,0.0,0.0,1.0,1.0,1.0,1.0,1.0,1.0,0.0,0.2924017738212866,1.0,0.5903836027749966,1.0,0.0,0.7075982261787133,0.0,0.40961639722500337,0.2924017738212866,1.0,0.5903836027749966,1.0,1.0,1.0,1.0,1.0,1.0,1.0,1.0,1.0,0.0,0.0
PRIMARY_ORIGINAL_I_EXCLUDED,COUNTRY,ARG,MULTI_COHORT,levofloxacin,10,2,8,2,8,0,0,0.2,1.0,1.0,0.0,0.0,1.0,1.0,1.0,1.0,1.0,1.0,0.0,0.15811388300841897,1.0,0.6305833524471807,1.0,0.0,0.841886116991581,0.0,0.3694166475528192,0.15811388300841897,1.0,0.6305833524471807,1.0,1.0,1.0,1.0,1.0,1.0,1.0,1.0,1.0,0.0,0.0
PRIMARY_ORIGINAL_I_EXCLUDED,COUNTRY,BRA,MULTI_COHORT,clarithromycin,12,2,10,2,10,0,0,0.16666666666666666,1.0,1.0,0.0,0.0,1.0,1.0,1.0,1.0,1.0,1.0,0.0,0.15811388300841897,1.0,0.6915028921812392,1.0,0.0,0.841886116991581,0.0,0.3084971078187607,0.15811388300841897,1.0,0.6915028921812392,1.0,1.0,1.0,1.0,1.0,1.0,1.0,1.0,1.0,0.0,0.0
PRIMARY_ORIGINAL_I_EXCLUDED,COUNTRY,BRA,MULTI_COHORT,levofloxacin,12,4,8,4,8,0,0,0.3333333333333333,1.0,1.0,0.0,0.0,1.0,1.0,1.0,1.0,1.0,1.0,0.0,0.3976353643835253,1.0,0.6305833524471807,1.0,0.0,0.6023646356164746,0.0,0.3694166475528192,0.3976353643835253,1.0,0.6305833524471807,1.0,1.0,1.0,1.0,1.0,1.0,1.0,1.0,1.0,0.0,0.0
PRIMARY_ORIGINAL_I_EXCLUDED,COUNTRY,CHI,MULTI_COHORT,clarithromycin,30,3,27,3,27,0,0,0.1,1.0,1.0,0.0,0.0,1.0,1.0,1.0,1.0,1.0,1.0,0.0,0.2924017738212866,1.0,0.8722971323845676,1.0,0.0,0.7075982261787133,0.0,0.12770286761543234,0.2924017738212866,1.0,0.8722971323845676,1.0,1.0,1.0,1.0,1.0,1.0,1.0,1.0,1.0,0.0,0.0
PRIMARY_ORIGINAL_I_EXCLUDED,COUNTRY,CHI,MULTI_COHORT,levofloxacin,30,8,22,8,22,0,0,0.26666666666666666,1.0,1.0,0.0,0.0,1.0,1.0,1.0,1.0,1.0,1.0,0.0,0.6305833524471807,1.0,0.8456274871844254,1.0,0.0,0.3694166475528192,0.0,0.15437251281557457,0.6305833524471807,1.0,0.8456274871844254,1.0,1.0,1.0,1.0,1.0,1.0,1.0,1.0,1.0,0.0,0.0
PRIMARY_ORIGINAL_I_EXCLUDED,COUNTRY,CHN,MULTI_COHORT,levofloxacin,6,1,5,1,5,0,0,0.16666666666666666,1.0,1.0,0.0,0.0,1.0,1.0,1.0,1.0,1.0,1.0,0.0,0.025,1.0,0.4781762498950185,1.0,0.0,0.975,0.0,0.5218237501049814,0.025,1.0,0.4781762498950185,1.0,1.0,1.0,1.0,1.0,1.0,1.0,1.0,1.0,0.0,0.0
PRIMARY_ORIGINAL_I_EXCLUDED,COUNTRY,COL,MULTI_COHORT,levofloxacin,4,2,2,2,2,0,0,0.5,1.0,1.0,0.0,0.0,1.0,1.0,1.0,1.0,1.0,1.0,0.0,0.15811388300841897,1.0,0.15811388300841897,1.0,0.0,0.841886116991581,0.0,0.841886116991581,0.15811388300841897,1.0,0.15811388300841897,1.0,1.0,1.0,1.0,1.0,1.0,1.0,1.0,1.0,0.0,0.0
PRIMARY_ORIGINAL_I_EXCLUDED,COUNTRY,CRI,MULTI_COHORT,levofloxacin,5,1,4,1,4,0,0,0.2,1.0,1.0,0.0,0.0,1.0,1.0,1.0,1.0,1.0,1.0,0.0,0.025,1.0,0.3976353643835253,1.0,0.0,0.975,0.0,0.6023646356164746,0.025,1.0,0.3976353643835253,1.0,1.0,1.0,1.0,1.0,1.0,1.0,1.0,1.0,0.0,0.0
PRIMARY_ORIGINAL_I_EXCLUDED,COUNTRY,China,MULTI_COHORT,clarithromycin,50,22,28,20,27,1,2,0.44,0.9090909090909092,0.9642857142857144,0.0909090909090909,0.03571428571428571,0.9366883116883117,0.8783816879813642,0.9523809523809523,0.9310344827586207,0.9366883116883117,0.9058008658008657,0.06,0.7083872584460664,0.988794413975849,0.8165224024553763,0.999096201244342,0.011205586024150994,0.29161274155393346,0.0009037987556580578,0.18347759754462362,0.761840090063179,0.9987951165516364,0.7723381100555138,0.9915360377469982,0.8576351147342994,1.0,0.7259481311824202,1.0,0.8576351147342994,1.0,0.7752733718487396,1.0,0.0,0.14
PRIMARY_ORIGINAL_I_EXCLUDED,COUNTRY,China,MULTI_COHORT,levofloxacin,96,44,52,26,44,8,18,0.4583333333333333,0.5909090909090909,0.8461538461538461,0.4090909090909091,0.15384615384615385,0.7185314685314685,0.45534092627175043,0.7647058823529411,0.7096774193548387,0.7185314685314685,0.6393716577540106,0.2708333333333333,0.432496427252171,0.7366205749186963,0.7191889159367086,0.9311607656216909,0.26337942508130363,0.5675035727478288,0.0688392343783091,0.28081108406329136,0.5882921580928333,0.8925381842249919,0.5805097990433541,0.8180059641321282,0.628819290465632,0.8059468367306235,0.2727873108622576,0.6297812684196404,0.628819290465632,0.8059468367306235,0.5041530151946818,0.7657388348714568,0.17708333333333334,0.3645833333333333
PRIMARY_ORIGINAL_I_EXCLUDED,COUNTRY,FRA,MULTI_COHORT,clarithromycin,21,5,16,5,16,0,0,0.23809523809523808,1.0,1.0,0.0,0.0,1.0,1.0,1.0,1.0,1.0,1.0,0.0,0.4781762498950185,1.0,0.7940927857921772,1.0,0.0,0.5218237501049814,0.0,0.2059072142078227,0.4781762498950185,1.0,0.7940927857921772,1.0,1.0,1.0,1.0,1.0,1.0,1.0,1.0,1.0,0.0,0.0
PRIMARY_ORIGINAL_I_EXCLUDED,COUNTRY,FRA,MULTI_COHORT,levofloxacin,21,2,19,2,19,0,0,0.09523809523809523,1.0,1.0,0.0,0.0,1.0,1.0,1.0,1.0,1.0,1.0,0.0,0.15811388300841897,1.0,0.8235330881930346,1.0,0.0,0.841886116991581,0.0,0.17646691180696536,0.15811388300841897,1.0,0.8235330881930346,1.0,1.0,1.0,1.0,1.0,1.0,1.0,1.0,1.0,0.0,0.0
PRIMARY_ORIGINAL_I_EXCLUDED,COUNTRY,GER,MULTI_COHORT,clarithromycin,10,2,8,2,8,0,0,0.2,1.0,1.0,0.0,0.0,1.0,1.0,1.0,1.0,1.0,1.0,0.0,0.15811388300841897,1.0,0.6305833524471807,1.0,0.0,0.841886116991581,0.0,0.3694166475528192,0.15811388300841897,1.0,0.6305833524471807,1.0,1.0,1.0,1.0,1.0,1.0,1.0,1.0,1.0,0.0,0.0
PRIMARY_ORIGINAL_I_EXCLUDED,COUNTRY,GER,MULTI_COHORT,levofloxacin,10,3,7,3,7,0,0,0.3,1.0,1.0,0.0,0.0,1.0,1.0,1.0,1.0,1.0,1.0,0.0,0.2924017738212866,1.0,0.5903836027749966,1.0,0.0,0.7075982261787133,0.0,0.40961639722500337,0.2924017738212866,1.0,0.5903836027749966,1.0,1.0,1.0,1.0,1.0,1.0,1.0,1.0,1.0,0.0,0.0
PRIMARY_ORIGINAL_I_EXCLUDED,COUNTRY,GRE,MULTI_COHORT,clarithromycin,10,2,8,2,8,0,0,0.2,1.0,1.0,0.0,0.0,1.0,1.0,1.0,1.0,1.0,1.0,0.0,0.15811388300841897,1.0,0.6305833524471807,1.0,0.0,0.841886116991581,0.0,0.3694166475528192,0.15811388300841897,1.0,0.6305833524471807,1.0,1.0,1.0,1.0,1.0,1.0,1.0,1.0,1.0,0.0,0.0
PRIMARY_ORIGINAL_I_EXCLUDED,COUNTRY,GRE,MULTI_COHORT,levofloxacin,10,4,6,4,6,0,0,0.4,1.0,1.0,0.0,0.0,1.0,1.0,1.0,1.0,1.0,1.0,0.0,0.3976353643835253,1.0,0.5407418735600995,1.0,0.0,0.6023646356164746,0.0,0.45925812643990044,0.3976353643835253,1.0,0.5407418735600995,1.0,1.0,1.0,1.0,1.0,1.0,1.0,1.0,1.0,0.0,0.0
PRIMARY_ORIGINAL_I_EXCLUDED,COUNTRY,GTM,MULTI_COHORT,levofloxacin,2,1,1,1,1,0,0,0.5,1.0,1.0,0.0,0.0,1.0,1.0,1.0,1.0,1.0,1.0,0.0,0.025,1.0,0.025,1.0,0.0,0.975,0.0,0.975,0.025,1.0,0.025,1.0,1.0,1.0,1.0,1.0,1.0,1.0,1.0,1.0,0.0,0.0
PRIMARY_ORIGINAL_I_EXCLUDED,COUNTRY,HON,MULTI_COHORT,clarithromycin,15,2,13,2,13,0,0,0.13333333333333333,1.0,1.0,0.0,0.0,1.0,1.0,1.0,1.0,1.0,1.0,0.0,0.15811388300841897,1.0,0.752947361999529,1.0,0.0,0.841886116991581,0.0,0.24705263800047092,0.15811388300841897,1.0,0.752947361999529,1.0,1.0,1.0,1.0,1.0,1.0,1.0,1.0,1.0,0.0,0.0
PRIMARY_ORIGINAL_I_EXCLUDED,COUNTRY,HON,MULTI_COHORT,levofloxacin,15,5,10,5,10,0,0,0.3333333333333333,1.0,1.0,0.0,0.0,1.0,1.0,1.0,1.0,1.0,1.0,0.0,0.4781762498950185,1.0,0.6915028921812392,1.0,0.0,0.5218237501049814,0.0,0.3084971078187607,0.4781762498950185,1.0,0.6915028921812392,1.0,1.0,1.0,1.0,1.0,1.0,1.0,1.0,1.0,0.0,0.0
PRIMARY_ORIGINAL_I_EXCLUDED,COUNTRY,IND,MULTI_COHORT,levofloxacin,5,4,1,4,1,0,0,0.8,1.0,1.0,0.0,0.0,1.0,1.0,1.0,1.0,1.0,1.0,0.0,0.3976353643835253,1.0,0.025,1.0,0.0,0.6023646356164746,0.0,0.975,0.3976353643835253,1.0,0.025,1.0,1.0,1.0,1.0,1.0,1.0,1.0,1.0,1.0,0.0,0.0
PRIMARY_ORIGINAL_I_EXCLUDED,COUNTRY,ISR,MULTI_COHORT,clarithromycin,3,2,1,2,1,0,0,0.6666666666666666,1.0,1.0,0.0,0.0,1.0,1.0,1.0,1.0,1.0,1.0,0.0,0.15811388300841897,1.0,0.025,1.0,0.0,0.841886116991581,0.0,0.975,0.15811388300841897,1.0,0.025,1.0,1.0,1.0,1.0,1.0,1.0,1.0,1.0,1.0,0.0,0.0
PRIMARY_ORIGINAL_I_EXCLUDED,COUNTRY,ITA,MULTI_COHORT,clarithromycin,17,8,9,8,9,0,0,0.47058823529411764,1.0,1.0,0.0,0.0,1.0,1.0,1.0,1.0,1.0,1.0,0.0,0.6305833524471807,1.0,0.6637328831200572,1.0,0.0,0.3694166475528192,0.0,0.3362671168799428,0.6305833524471807,1.0,0.6637328831200572,1.0,1.0,1.0,1.0,1.0,1.0,1.0,1.0,1.0,0.0,0.0
PRIMARY_ORIGINAL_I_EXCLUDED,COUNTRY,ITA,MULTI_COHORT,levofloxacin,17,13,4,13,4,0,0,0.7647058823529411,1.0,1.0,0.0,0.0,1.0,1.0,1.0,1.0,1.0,1.0,0.0,0.752947361999529,1.0,0.3976353643835253,1.0,0.0,0.24705263800047092,0.0,0.6023646356164746,0.752947361999529,1.0,0.3976353643835253,1.0,1.0,1.0,1.0,1.0,1.0,1.0,1.0,1.0,0.0,0.0
PRIMARY_ORIGINAL_I_EXCLUDED,COUNTRY,JAP,MULTI_COHORT,clarithromycin,9,6,3,6,3,0,0,0.6666666666666666,1.0,1.0,0.0,0.0,1.0,1.0,1.0,1.0,1.0,1.0,0.0,0.5407418735600995,1.0,0.2924017738212866,1.0,0.0,0.45925812643990044,0.0,0.7075982261787133,0.5407418735600995,1.0,0.2924017738212866,1.0,1.0,1.0,1.0,1.0,1.0,1.0,1.0,1.0,0.0,0.0
PRIMARY_ORIGINAL_I_EXCLUDED,COUNTRY,JAP,MULTI_COHORT,levofloxacin,9,5,4,5,4,0,0,0.5555555555555556,1.0,1.0,0.0,0.0,1.0,1.0,1.0,1.0,1.0,1.0,0.0,0.4781762498950185,1.0,0.3976353643835253,1.0,0.0,0.5218237501049814,0.0,0.6023646356164746,0.4781762498950185,1.0,0.3976353643835253,1.0,1.0,1.0,1.0,1.0,1.0,1.0,1.0,1.0,0.0,0.0
PRIMARY_ORIGINAL_I_EXCLUDED,COUNTRY,JOR,MULTI_COHORT,clarithromycin,5,1,4,1,4,0,0,0.2,1.0,1.0,0.0,0.0,1.0,1.0,1.0,1.0,1.0,1.0,0.0,0.025,1.0,0.3976353643835253,1.0,0.0,0.975,0.0,0.6023646356164746,0.025,1.0,0.3976353643835253,1.0,1.0,1.0,1.0,1.0,1.0,1.0,1.0,1.0,0.0,0.0
PRIMARY_ORIGINAL_I_EXCLUDED,COUNTRY,JOR,MULTI_COHORT,levofloxacin,5,1,4,1,4,0,0,0.2,1.0,1.0,0.0,0.0,1.0,1.0,1.0,1.0,1.0,1.0,0.0,0.025,1.0,0.3976353643835253,1.0,0.0,0.975,0.0,0.6023646356164746,0.025,1.0,0.3976353643835253,1.0,1.0,1.0,1.0,1.0,1.0,1.0,1.0,1.0,0.0,0.0
PRIMARY_ORIGINAL_I_EXCLUDED,COUNTRY,KGZ,MULTI_COHORT,levofloxacin,4,1,3,1,3,0,0,0.25,1.0,1.0,0.0,0.0,1.0,1.0,1.0,1.0,1.0,1.0,0.0,0.025,1.0,0.2924017738212866,1.0,0.0,0.975,0.0,0.7075982261787133,0.025,1.0,0.2924017738212866,1.0,1.0,1.0,1.0,1.0,1.0,1.0,1.0,1.0,0.0,0.0
PRIMARY_ORIGINAL_I_EXCLUDED,COUNTRY,KOR,MULTI_COHORT,clarithromycin,23,7,16,7,16,0,0,0.30434782608695654,1.0,1.0,0.0,0.0,1.0,1.0,1.0,1.0,1.0,1.0,0.0,0.5903836027749966,1.0,0.7940927857921772,1.0,0.0,0.40961639722500337,0.0,0.2059072142078227,0.5903836027749966,1.0,0.7940927857921772,1.0,1.0,1.0,1.0,1.0,1.0,1.0,1.0,1.0,0.0,0.0
PRIMARY_ORIGINAL_I_EXCLUDED,COUNTRY,KOR,MULTI_COHORT,levofloxacin,23,10,13,10,13,0,0,0.43478260869565216,1.0,1.0,0.0,0.0,1.0,1.0,1.0,1.0,1.0,1.0,0.0,0.6915028921812392,1.0,0.752947361999529,1.0,0.0,0.3084971078187607,0.0,0.24705263800047092,0.6915028921812392,1.0,0.752947361999529,1.0,1.0,1.0,1.0,1.0,1.0,1.0,1.0,1.0,0.0,0.0
PRIMARY_ORIGINAL_I_EXCLUDED,COUNTRY,LAT,MULTI_COHORT,clarithromycin,14,1,13,1,13,0,0,0.07142857142857142,1.0,1.0,0.0,0.0,1.0,1.0,1.0,1.0,1.0,1.0,0.0,0.025,1.0,0.752947361999529,1.0,0.0,0.975,0.0,0.24705263800047092,0.025,1.0,0.752947361999529,1.0,1.0,1.0,1.0,1.0,1.0,1.0,1.0,1.0,0.0,0.0
PRIMARY_ORIGINAL_I_EXCLUDED,COUNTRY,LAT,MULTI_COHORT,levofloxacin,14,1,13,1,13,0,0,0.07142857142857142,1.0,1.0,0.0,0.0,1.0,1.0,1.0,1.0,1.0,1.0,0.0,0.025,1.0,0.752947361999529,1.0,0.0,0.975,0.0,0.24705263800047092,0.025,1.0,0.752947361999529,1.0,1.0,1.0,1.0,1.0,1.0,1.0,1.0,1.0,0.0,0.0
PRIMARY_ORIGINAL_I_EXCLUDED,COUNTRY,LIT,MULTI_COHORT,clarithromycin,12,4,8,4,8,0,0,0.3333333333333333,1.0,1.0,0.0,0.0,1.0,1.0,1.0,1.0,1.0,1.0,0.0,0.3976353643835253,1.0,0.6305833524471807,1.0,0.0,0.6023646356164746,0.0,0.3694166475528192,0.3976353643835253,1.0,0.6305833524471807,1.0,1.0,1.0,1.0,1.0,1.0,1.0,1.0,1.0,0.0,0.0
PRIMARY_ORIGINAL_I_EXCLUDED,COUNTRY,MAL,MULTI_COHORT,clarithromycin,9,2,7,2,7,0,0,0.2222222222222222,1.0,1.0,0.0,0.0,1.0,1.0,1.0,1.0,1.0,1.0,0.0,0.15811388300841897,1.0,0.5903836027749966,1.0,0.0,0.841886116991581,0.0,0.40961639722500337,0.15811388300841897,1.0,0.5903836027749966,1.0,1.0,1.0,1.0,1.0,1.0,1.0,1.0,1.0,0.0,0.0
PRIMARY_ORIGINAL_I_EXCLUDED,COUNTRY,MAL,MULTI_COHORT,levofloxacin,9,1,8,1,8,0,0,0.1111111111111111,1.0,1.0,0.0,0.0,1.0,1.0,1.0,1.0,1.0,1.0,0.0,0.025,1.0,0.6305833524471807,1.0,0.0,0.975,0.0,0.3694166475528192,0.025,1.0,0.6305833524471807,1.0,1.0,1.0,1.0,1.0,1.0,1.0,1.0,1.0,0.0,0.0
PRIMARY_ORIGINAL_I_EXCLUDED,COUNTRY,MEX,MULTI_COHORT,levofloxacin,18,9,9,9,9,0,0,0.5,1.0,1.0,0.0,0.0,1.0,1.0,1.0,1.0,1.0,1.0,0.0,0.6637328831200572,1.0,0.6637328831200572,1.0,0.0,0.3362671168799428,0.0,0.3362671168799428,0.6637328831200572,1.0,0.6637328831200572,1.0,1.0,1.0,1.0,1.0,1.0,1.0,1.0,1.0,0.0,0.0
PRIMARY_ORIGINAL_I_EXCLUDED,COUNTRY,NGA,MULTI_COHORT,levofloxacin,2,1,1,1,1,0,0,0.5,1.0,1.0,0.0,0.0,1.0,1.0,1.0,1.0,1.0,1.0,0.0,0.025,1.0,0.025,1.0,0.0,0.975,0.0,0.975,0.025,1.0,0.025,1.0,1.0,1.0,1.0,1.0,1.0,1.0,1.0,1.0,0.0,0.0
PRIMARY_ORIGINAL_I_EXCLUDED,COUNTRY,PER,MULTI_COHORT,clarithromycin,14,3,11,3,11,0,0,0.21428571428571427,1.0,1.0,0.0,0.0,1.0,1.0,1.0,1.0,1.0,1.0,0.0,0.2924017738212866,1.0,0.7150858470818455,1.0,0.0,0.7075982261787133,0.0,0.28491415291815436,0.2924017738212866,1.0,0.7150858470818455,1.0,1.0,1.0,1.0,1.0,1.0,1.0,1.0,1.0,0.0,0.0
PRIMARY_ORIGINAL_I_EXCLUDED,COUNTRY,PER,MULTI_COHORT,levofloxacin,14,6,8,6,8,0,0,0.42857142857142855,1.0,1.0,0.0,0.0,1.0,1.0,1.0,1.0,1.0,1.0,0.0,0.5407418735600995,1.0,0.6305833524471807,1.0,0.0,0.45925812643990044,0.0,0.3694166475528192,0.5407418735600995,1.0,0.6305833524471807,1.0,1.0,1.0,1.0,1.0,1.0,1.0,1.0,1.0,0.0,0.0
PRIMARY_ORIGINAL_I_EXCLUDED,COUNTRY,POL,MULTI_COHORT,clarithromycin,12,9,3,9,3,0,0,0.75,1.0,1.0,0.0,0.0,1.0,1.0,1.0,1.0,1.0,1.0,0.0,0.6637328831200572,1.0,0.2924017738212866,1.0,0.0,0.3362671168799428,0.0,0.7075982261787133,0.6637328831200572,1.0,0.2924017738212866,1.0,1.0,1.0,1.0,1.0,1.0,1.0,1.0,1.0,0.0,0.0
PRIMARY_ORIGINAL_I_EXCLUDED,COUNTRY,POL,MULTI_COHORT,levofloxacin,12,6,6,6,6,0,0,0.5,1.0,1.0,0.0,0.0,1.0,1.0,1.0,1.0,1.0,1.0,0.0,0.5407418735600995,1.0,0.5407418735600995,1.0,0.0,0.45925812643990044,0.0,0.45925812643990044,0.5407418735600995,1.0,0.5407418735600995,1.0,1.0,1.0,1.0,1.0,1.0,1.0,1.0,1.0,0.0,0.0
PRIMARY_ORIGINAL_I_EXCLUDED,COUNTRY,POR,MULTI_COHORT,clarithromycin,14,1,13,1,13,0,0,0.07142857142857142,1.0,1.0,0.0,0.0,1.0,1.0,1.0,1.0,1.0,1.0,0.0,0.025,1.0,0.752947361999529,1.0,0.0,0.975,0.0,0.24705263800047092,0.025,1.0,0.752947361999529,1.0,1.0,1.0,1.0,1.0,1.0,1.0,1.0,1.0,0.0,0.0
PRIMARY_ORIGINAL_I_EXCLUDED,COUNTRY,POR,MULTI_COHORT,levofloxacin,14,6,8,6,8,0,0,0.42857142857142855,1.0,1.0,0.0,0.0,1.0,1.0,1.0,1.0,1.0,1.0,0.0,0.5407418735600995,1.0,0.6305833524471807,1.0,0.0,0.45925812643990044,0.0,0.3694166475528192,0.5407418735600995,1.0,0.6305833524471807,1.0,1.0,1.0,1.0,1.0,1.0,1.0,1.0,1.0,0.0,0.0
PRIMARY_ORIGINAL_I_EXCLUDED,COUNTRY,PRI,MULTI_COHORT,levofloxacin,5,3,2,3,2,0,0,0.6,1.0,1.0,0.0,0.0,1.0,1.0,1.0,1.0,1.0,1.0,0.0,0.2924017738212866,1.0,0.15811388300841897,1.0,0.0,0.7075982261787133,0.0,0.841886116991581,0.2924017738212866,1.0,0.15811388300841897,1.0,1.0,1.0,1.0,1.0,1.0,1.0,1.0,1.0,0.0,0.0
PRIMARY_ORIGINAL_I_EXCLUDED,COUNTRY,RUS,MULTI_COHORT,clarithromycin,5,1,4,1,4,0,0,0.2,1.0,1.0,0.0,0.0,1.0,1.0,1.0,1.0,1.0,1.0,0.0,0.025,1.0,0.3976353643835253,1.0,0.0,0.975,0.0,0.6023646356164746,0.025,1.0,0.3976353643835253,1.0,1.0,1.0,1.0,1.0,1.0,1.0,1.0,1.0,0.0,0.0
PRIMARY_ORIGINAL_I_EXCLUDED,COUNTRY,RUS,MULTI_COHORT,levofloxacin,5,3,2,3,2,0,0,0.6,1.0,1.0,0.0,0.0,1.0,1.0,1.0,1.0,1.0,1.0,0.0,0.2924017738212866,1.0,0.15811388300841897,1.0,0.0,0.7075982261787133,0.0,0.841886116991581,0.2924017738212866,1.0,0.15811388300841897,1.0,1.0,1.0,1.0,1.0,1.0,1.0,1.0,1.0,0.0,0.0
PRIMARY_ORIGINAL_I_EXCLUDED,COUNTRY,SPA,MULTI_COHORT,clarithromycin,39,15,24,15,24,0,0,0.38461538461538464,1.0,1.0,0.0,0.0,1.0,1.0,1.0,1.0,1.0,1.0,0.0,0.7819806390894659,1.0,0.8575264022774743,1.0,0.0,0.218019360910534,0.0,0.14247359772252563,0.7819806390894659,1.0,0.8575264022774743,1.0,1.0,1.0,1.0,1.0,1.0,1.0,1.0,1.0,0.0,0.0
PRIMARY_ORIGINAL_I_EXCLUDED,COUNTRY,SPA,MULTI_COHORT,levofloxacin,39,9,30,9,30,0,0,0.23076923076923078,1.0,1.0,0.0,0.0,1.0,1.0,1.0,1.0,1.0,1.0,0.0,0.6637328831200572,1.0,0.8842966917779722,1.0,0.0,0.3362671168799428,0.0,0.11570330822202778,0.6637328831200572,1.0,0.8842966917779722,1.0,1.0,1.0,1.0,1.0,1.0,1.0,1.0,1.0,0.0,0.0
PRIMARY_ORIGINAL_I_EXCLUDED,COUNTRY,SWT,MULTI_COHORT,clarithromycin,13,11,2,11,2,0,0,0.8461538461538461,1.0,1.0,0.0,0.0,1.0,1.0,1.0,1.0,1.0,1.0,0.0,0.7150858470818455,1.0,0.15811388300841897,1.0,0.0,0.28491415291815436,0.0,0.841886116991581,0.7150858470818455,1.0,0.15811388300841897,1.0,1.0,1.0,1.0,1.0,1.0,1.0,1.0,1.0,0.0,0.0
PRIMARY_ORIGINAL_I_EXCLUDED,COUNTRY,SWT,MULTI_COHORT,levofloxacin,13,4,9,4,9,0,0,0.3076923076923077,1.0,1.0,0.0,0.0,1.0,1.0,1.0,1.0,1.0,1.0,0.0,0.3976353643835253,1.0,0.6637328831200572,1.0,0.0,0.6023646356164746,0.0,0.3362671168799428,0.3976353643835253,1.0,0.6637328831200572,1.0,1.0,1.0,1.0,1.0,1.0,1.0,1.0,1.0,0.0,0.0
PRIMARY_ORIGINAL_I_EXCLUDED,COUNTRY,TUR,MULTI_COHORT,clarithromycin,10,1,9,1,9,0,0,0.1,1.0,1.0,0.0,0.0,1.0,1.0,1.0,1.0,1.0,1.0,0.0,0.025,1.0,0.6637328831200572,1.0,0.0,0.975,0.0,0.3362671168799428,0.025,1.0,0.6637328831200572,1.0,1.0,1.0,1.0,1.0,1.0,1.0,1.0,1.0,0.0,0.0
PRIMARY_ORIGINAL_I_EXCLUDED,COUNTRY,TUR,MULTI_COHORT,levofloxacin,10,4,6,4,6,0,0,0.4,1.0,1.0,0.0,0.0,1.0,1.0,1.0,1.0,1.0,1.0,0.0,0.3976353643835253,1.0,0.5407418735600995,1.0,0.0,0.6023646356164746,0.0,0.45925812643990044,0.3976353643835253,1.0,0.5407418735600995,1.0,1.0,1.0,1.0,1.0,1.0,1.0,1.0,1.0,0.0,0.0
PRIMARY_ORIGINAL_I_EXCLUDED,COUNTRY,TWN,MULTI_COHORT,clarithromycin,10,6,4,6,4,0,0,0.6,1.0,1.0,0.0,0.0,1.0,1.0,1.0,1.0,1.0,1.0,0.0,0.5407418735600995,1.0,0.3976353643835253,1.0,0.0,0.45925812643990044,0.0,0.6023646356164746,0.5407418735600995,1.0,0.3976353643835253,1.0,1.0,1.0,1.0,1.0,1.0,1.0,1.0,1.0,0.0,0.0
PRIMARY_ORIGINAL_I_EXCLUDED,COUNTRY,TWN,MULTI_COHORT,levofloxacin,10,4,6,4,6,0,0,0.4,1.0,1.0,0.0,0.0,1.0,1.0,1.0,1.0,1.0,1.0,0.0,0.3976353643835253,1.0,0.5407418735600995,1.0,0.0,0.6023646356164746,0.0,0.45925812643990044,0.3976353643835253,1.0,0.5407418735600995,1.0,1.0,1.0,1.0,1.0,1.0,1.0,1.0,1.0,0.0,0.0
PRIMARY_ORIGINAL_I_EXCLUDED,COUNTRY,USA,MULTI_COHORT,clarithromycin,15,2,13,2,13,0,0,0.13333333333333333,1.0,1.0,0.0,0.0,1.0,1.0,1.0,1.0,1.0,1.0,0.0,0.15811388300841897,1.0,0.752947361999529,1.0,0.0,0.841886116991581,0.0,0.24705263800047092,0.15811388300841897,1.0,0.752947361999529,1.0,1.0,1.0,1.0,1.0,1.0,1.0,1.0,1.0,0.0,0.0
PRIMARY_ORIGINAL_I_EXCLUDED,COUNTRY,USA,MULTI_COHORT,levofloxacin,15,6,9,6,9,0,0,0.4,1.0,1.0,0.0,0.0,1.0,1.0,1.0,1.0,1.0,1.0,0.0,0.5407418735600995,1.0,0.6637328831200572,1.0,0.0,0.45925812643990044,0.0,0.3362671168799428,0.5407418735600995,1.0,0.6637328831200572,1.0,1.0,1.0,1.0,1.0,1.0,1.0,1.0,1.0,0.0,0.0
PRIMARY_ORIGINAL_I_EXCLUDED,COUNTRY,ZAF,MULTI_COHORT,levofloxacin,4,3,1,1,1,0,2,0.75,0.3333333333333333,1.0,0.6666666666666666,0.0,0.6666666666666666,0.3333333333333333,1.0,0.3333333333333333,0.6666666666666666,0.8333333333333333,0.5,0.008403758659612636,0.9057006759497539,0.025,1.0,0.09429932405024609,0.9915962413403874,0.0,0.975,0.025,1.0,0.008403758659612636,0.9057006759497539,0.5,1.0,0.0,1.0,0.5,1.0,0.25,1.0,0.0,1.0
PRIMARY_ORIGINAL_I_EXCLUDED,LINEAGE_DESCRIPTIVE,SNP_CLUSTER_01,MULTI_COHORT,clarithromycin,124,32,92,32,92,0,0,0.25806451612903225,1.0,1.0,0.0,0.0,1.0,1.0,1.0,1.0,1.0,1.0,0.0,0.8911188393206471,1.0,0.9606967122604819,1.0,0.0,0.10888116067935288,0.0,0.03930328773951803,0.8911188393206471,1.0,0.9606967122604819,1.0,1.0,1.0,1.0,1.0,1.0,1.0,1.0,1.0,0.0,0.0
PRIMARY_ORIGINAL_I_EXCLUDED,LINEAGE_DESCRIPTIVE,SNP_CLUSTER_01,MULTI_COHORT,levofloxacin,128,41,87,37,87,0,4,0.3203125,0.902439024390244,1.0,0.0975609756097561,0.0,0.9512195121951219,0.9288548729303716,1.0,0.9560439560439561,0.9512195121951219,0.9336890243902439,0.03125,0.7686854506905387,0.9727725332016391,0.9584854340073622,1.0,0.027227466798360835,0.2313145493094612,0.0,0.041514565992637815,0.9051094125850101,1.0,0.891265090583202,0.987895432690013,0.9,0.9888888888888889,0.8559390042213103,0.9828731898973629,0.9,0.9888888888888889,0.8611085876937985,0.985303917345447,0.007633587786259542,0.06349206349206349
PRIMARY_ORIGINAL_I_EXCLUDED,LINEAGE_DESCRIPTIVE,SNP_CLUSTER_03,MULTI_COHORT,clarithromycin,108,44,64,42,63,1,2,0.4074074074074074,0.9545454545454546,0.984375,0.0454545454545454,0.015625,0.9694602272727273,0.9424411042593381,0.9767441860465116,0.9692307692307692,0.9694602272727273,0.950865241562916,0.027777777777777776,0.8452684223410106,0.9944470480046295,0.9159896735656463,0.9996044874859493,0.0055529519953704904,0.15473157765898934,0.00039551251405066395,0.08401032643435369,0.8771095172986603,0.9994113870684068,0.8932296794256009,0.9962517377804871,0.9302180861773884,1.0,0.8677486638061093,1.0,0.9302180861773884,1.0,0.8812694076054826,1.0,0.0,0.06481481481481481
PRIMARY_ORIGINAL_I_EXCLUDED,LINEAGE_DESCRIPTIVE,SNP_CLUSTER_03,MULTI_COHORT,levofloxacin,149,60,89,47,81,8,13,0.40268456375838924,0.7833333333333333,0.9101123595505618,0.2166666666666666,0.0898876404494382,0.8467228464419476,0.7047544259659396,0.8545454545454545,0.8617021276595744,0.8467228464419476,0.7566422615415903,0.14093959731543623,0.6580438212653474,0.8792839755373032,0.8305475188074153,0.9603900359249039,0.12071602446269675,0.3419561787346524,0.039609964075096114,0.1694524811925847,0.7333676840573414,0.9350485766689969,0.7751228052869426,0.9242570212446926,0.7843430912384717,0.9002757352941176,0.58416442525579,0.8080175970964978,0.7843430912384717,0.9002757352941176,0.6470433317052287,0.8481388731235494,0.09395973154362416,0.19463087248322147
PRIMARY_ORIGINAL_I_EXCLUDED,LINEAGE_DESCRIPTIVE,SNP_CLUSTER_04,MULTI_COHORT,clarithromycin,109,42,67,42,67,0,0,0.3853211009174312,1.0,1.0,0.0,0.0,1.0,1.0,1.0,1.0,1.0,1.0,0.0,0.9159161450596448,1.0,0.9464303458729032,1.0,0.0,0.08408385494035513,0.0,0.053569654127096765,0.9159161450596448,1.0,0.9464303458729032,1.0,1.0,1.0,1.0,1.0,1.0,1.0,1.0,1.0,0.0,0.0
PRIMARY_ORIGINAL_I_EXCLUDED,LINEAGE_DESCRIPTIVE,SNP_CLUSTER_04,MULTI_COHORT,levofloxacin,110,29,81,28,81,0,1,0.2636363636363636,0.9655172413793104,1.0,0.0344827586206896,0.0,0.9827586206896552,0.9765974815013012,1.0,0.9878048780487805,0.9827586206896552,0.9746081504702194,0.00909090909090909,0.822355704511277,0.9991273531164201,0.9554797375436782,1.0,0.000872646883579922,0.1776442954887229,0.0,0.04452026245632174,0.8765638814997362,1.0,0.9339172906106933,0.9996912939036298,0.9428434065934066,1.0,0.9233494348090945,1.0,0.9428434065934066,1.0,0.9161616161616162,1.0,0.0,0.027522935779816515
PRIMARY_ORIGINAL_I_EXCLUDED,LINEAGE_DESCRIPTIVE,SNP_CLUSTER_05,MULTI_COHORT,clarithromycin,10,2,8,2,8,0,0,0.2,1.0,1.0,0.0,0.0,1.0,1.0,1.0,1.0,1.0,1.0,0.0,0.15811388300841897,1.0,0.6305833524471807,1.0,0.0,0.841886116991581,0.0,0.3694166475528192,0.15811388300841897,1.0,0.6305833524471807,1.0,1.0,1.0,1.0,1.0,1.0,1.0,1.0,1.0,0.0,0.0
PRIMARY_ORIGINAL_I_EXCLUDED,LINEAGE_DESCRIPTIVE,SNP_CLUSTER_05,MULTI_COHORT,levofloxacin,10,2,8,2,8,0,0,0.2,1.0,1.0,0.0,0.0,1.0,1.0,1.0,1.0,1.0,1.0,0.0,0.15811388300841897,1.0,0.6305833524471807,1.0,0.0,0.841886116991581,0.0,0.3694166475528192,0.15811388300841897,1.0,0.6305833524471807,1.0,1.0,1.0,1.0,1.0,1.0,1.0,1.0,1.0,0.0,0.0
PRIMARY_ORIGINAL_I_EXCLUDED,LINEAGE_DESCRIPTIVE,SNP_CLUSTER_06,MULTI_COHORT,clarithromycin,65,4,61,4,61,0,0,0.06153846153846154,1.0,1.0,0.0,0.0,1.0,1.0,1.0,1.0,1.0,1.0,0.0,0.3976353643835253,1.0,0.9413187760677074,1.0,0.0,0.6023646356164746,0.0,0.05868122393229261,0.3976353643835253,1.0,0.9413187760677074,1.0,1.0,1.0,1.0,1.0,1.0,1.0,1.0,1.0,0.0,0.0
PRIMARY_ORIGINAL_I_EXCLUDED,LINEAGE_DESCRIPTIVE,SNP_CLUSTER_06,MULTI_COHORT,levofloxacin,65,22,43,22,43,0,0,0.3384615384615385,1.0,1.0,0.0,0.0,1.0,1.0,1.0,1.0,1.0,1.0,0.0,0.8456274871844254,1.0,0.9177888788458615,1.0,0.0,0.15437251281557457,0.0,0.08221112115413848,0.8456274871844254,1.0,0.9177888788458615,1.0,1.0,1.0,1.0,1.0,1.0,1.0,1.0,1.0,0.0,0.0
PRIMARY_ORIGINAL_I_EXCLUDED,LINEAGE_DESCRIPTIVE,SNP_CLUSTER_07,MULTI_COHORT,clarithromycin,19,1,18,1,18,0,0,0.05263157894736842,1.0,1.0,0.0,0.0,1.0,1.0,1.0,1.0,1.0,1.0,0.0,0.025,1.0,0.8146980318621477,1.0,0.0,0.975,0.0,0.1853019681378522,0.025,1.0,0.8146980318621477,1.0,1.0,1.0,1.0,1.0,1.0,1.0,1.0,1.0,0.0,0.0
PRIMARY_ORIGINAL_I_EXCLUDED,LINEAGE_DESCRIPTIVE,SNP_CLUSTER_07,MULTI_COHORT,levofloxacin,19,7,12,7,12,0,0,0.3684210526315789,1.0,1.0,0.0,0.0,1.0,1.0,1.0,1.0,1.0,1.0,0.0,0.5903836027749966,1.0,0.7353515306029488,1.0,0.0,0.40961639722500337,0.0,0.2646484693970512,0.5903836027749966,1.0,0.7353515306029488,1.0,1.0,1.0,1.0,1.0,1.0,1.0,1.0,1.0,0.0,0.0
PRIMARY_ORIGINAL_I_EXCLUDED,LINEAGE_DESCRIPTIVE,SNP_CLUSTER_08,MULTI_COHORT,clarithromycin,27,5,22,5,22,0,0,0.18518518518518517,1.0,1.0,0.0,0.0,1.0,1.0,1.0,1.0,1.0,1.0,0.0,0.4781762498950185,1.0,0.8456274871844254,1.0,0.0,0.5218237501049814,0.0,0.15437251281557457,0.4781762498950185,1.0,0.8456274871844254,1.0,1.0,1.0,1.0,1.0,1.0,1.0,1.0,1.0,0.0,0.0
PRIMARY_ORIGINAL_I_EXCLUDED,LINEAGE_DESCRIPTIVE,SNP_CLUSTER_08,MULTI_COHORT,levofloxacin,27,14,13,14,13,0,0,0.5185185185185185,1.0,1.0,0.0,0.0,1.0,1.0,1.0,1.0,1.0,1.0,0.0,0.7683642383498834,1.0,0.752947361999529,1.0,0.0,0.23163576165011646,0.0,0.24705263800047092,0.7683642383498834,1.0,0.752947361999529,1.0,1.0,1.0,1.0,1.0,1.0,1.0,1.0,1.0,0.0,0.0
PRIMARY_ORIGINAL_I_EXCLUDED,HIGH_QUALITY_GENOMES_ONLY,FROZEN_COMPLETE_GENOME_QC_PASS,MULTI_COHORT,clarithromycin,464,130,334,128,333,1,2,0.2801724137931034,0.9846153846153848,0.997005988023952,0.0153846153846153,0.0029940119760479044,0.9908106863196684,0.9839468880631063,0.9922480620155039,0.9940298507462687,0.9908106863196684,0.9812930520428516,0.00646551724137931,0.945531118666212,0.998131391041748,0.9834321512863295,0.9999242010525732,0.0018686089582520536,0.054468881333788056,7.579894742685425e-05,0.01656784871367041,0.9575665749347008,0.999803757180744,0.9786012891613778,0.9992761677104763,0.9779411764705883,1.0,0.9640524471536933,1.0,0.9779411764705883,1.0,0.9577070135862988,1.0,0.0,0.015021459227467811
PRIMARY_ORIGINAL_I_EXCLUDED,HIGH_QUALITY_GENOMES_ONLY,FROZEN_COMPLETE_GENOME_QC_PASS,MULTI_COHORT,levofloxacin,510,177,333,157,325,8,20,0.34705882352941175,0.8870056497175142,0.975975975975976,0.1129943502824858,0.024024024024024024,0.9314908128467451,0.8781299288809575,0.9515151515151515,0.9420289855072463,0.9314908128467451,0.8832150014602657,0.054901960784313725,0.8308936853533933,0.9295981089956742,0.9532136334397682,0.9895723580868162,0.07040189100432585,0.16910631464660672,0.010427641913183804,0.04678636656023183,0.9067028852656702,0.9788381842382546,0.911885953095203,0.9642338935315377,0.907268869320428,0.9546816279041713,0.8347541990003113,0.9190805403587667,0.907268869320428,0.9546816279041713,0.8405550528768848,0.9227837919088996,0.036858447750904806,0.07497750787224457
