dataset_id,isolate_id,antibiotic,prediction,sequence_support,marker_summary,callable,basic_qc_status,phenotype,phenotype_quality,phenotype_recomputed,mic_raw,mic_numeric,mic_operator,borderline_mic,ast_method,medium,breakpoint_standard,breakpoint_version,near_clone_group,lineage_recomputed,country,bootstrap_unit,analysis_status,correct,phenotype_binary,marker_binary,outcome,PC1,PC2,development_5nn_distance,development_5nn_percentile,full_gyrA_missense_variants,published_genotype_call,recalled_frozen_panel_call,snippy_frozen_panel_call,calls_concordant,false_susceptible_mechanism,atlas_order,missense_variant_count
CHINA_NINGXIA_2022,SHZY08,levofloxacin,S,ASSEMBLY_ONLY,,yes,PASS,R,A_mic_public_exact_link,R,>32,32.0,>,no,Etest (BIO-KONT),Mueller-Hinton blood agar,EUCAST,publication says EUCAST but does not state version,NCG0008,SNP_CLUSTER_01,China,NCG0008,PRIMARY,no,1,0,FN,88.53885,25.998823,1.0467213711290706,0.9009661835748792,S5L;V6I;R130K;M191I;H354R;R397Q;T417I;P484Q;K527R;S539N;A594T;D610N;E679D;I683M;T686N;T687A;K694R;V701I;G733E;M775I,R,S,S,no,QRDR_wild_type_in_deposited_assembly,1,20
CHINA_NINGXIA_2022,SHZY19,levofloxacin,S,ASSEMBLY_ONLY,,yes,PASS,R,A_mic_public_exact_link,R,>32,32.0,>,no,Etest (BIO-KONT),Mueller-Hinton blood agar,EUCAST,publication says EUCAST but does not state version,NCG0019,SNP_CLUSTER_01,China,NCG0019,PRIMARY,no,1,0,FN,89.95428,14.671046,0.8036620898350681,0.8236714975845411,S5L;V6I;M191I;V199M;G208E;H354R;G468E;P484Q;S492A;K527R;S539N;E611K;E679D;I683M;T686N;T687A;K694R;G733E;V741I;G755S;V805A;E813K;S821P;Q823P,R,S,S,no,QRDR_wild_type_in_deposited_assembly,2,24
CHINA_NINGXIA_2022,SHZY23,levofloxacin,S,ASSEMBLY_ONLY,,yes,PASS,R,A_mic_public_exact_link,R,>32,32.0,>,no,Etest (BIO-KONT),Mueller-Hinton blood agar,EUCAST,publication says EUCAST but does not state version,NCG0023,SNP_CLUSTER_03,China,NCG0023,PRIMARY,no,1,0,FN,90.65725,69.61412,0.1318043458143999,0.0507246376811594,S5L;V6I;V172I;M191I;A283V;V318I;H354R;L452F;P484Q;S492A;K527R;S539N;V655I;E679D;S708N;V741I;G755S;R784K;N797D;M803V;V805A;S821P;Q823P,R,S,S,no,QRDR_wild_type_in_deposited_assembly,3,23
CHINA_NINGXIA_2022,SHZY38,levofloxacin,S,ASSEMBLY_ONLY,,yes,PASS,R,A_mic_public_exact_link,R,>32,32.0,>,no,Etest (BIO-KONT),Mueller-Hinton blood agar,EUCAST,publication says EUCAST but does not state version,NCG0037,SNP_CLUSTER_01,China,NCG0037,PRIMARY,no,1,0,FN,86.98666,10.748355,0.4942267879825588,0.6159420289855072,S5L;M191I;V199M;G208E;A407T;T417S;G468E;I587V;K694R;G711S;G733E;V741I;T819N;S820P;S821P,R,S,S,no,QRDR_wild_type_in_deposited_assembly,4,15
CHINA_NINGXIA_2022,SHZY43,levofloxacin,S,ASSEMBLY_ONLY,,yes,PASS,R,A_mic_public_exact_link,R,>32,32.0,>,no,Etest (BIO-KONT),Mueller-Hinton blood agar,EUCAST,publication says EUCAST but does not state version,NCG0042,SNP_CLUSTER_03,China,NCG0042,PRIMARY,no,1,0,FN,90.6175,70.86473,0.116937048720165,0.0217391304347826,S5L;V6I;N87Y;D145G;M191I;H354R;S404G;G468E;P484Q;S492A;K527R;V655I;H668Y;E679D;G733E;V741I;G755S;R784K;N797D;M803V;V805A;S821P;Q823P,R,S,S,no,off_panel_N87Y,5,23
CHINA_NINGXIA_2022,SHZY60,levofloxacin,S,ASSEMBLY_ONLY,,yes,PASS,R,A_mic_public_exact_link,R,>32,32.0,>,no,Etest (BIO-KONT),Mueller-Hinton blood agar,EUCAST,publication says EUCAST but does not state version,NCG0057,SNP_CLUSTER_03,China,NCG0057,PRIMARY,no,1,0,FN,90.42937,70.526825,0.0959236928244857,0.002415458937198,M191I;D210N;V216I;A283V;G468E;P484Q;S492A;K527R;S539N;V655I;A660T;H668Y;E679D;G733E;V741I;G755S;R784K;N797D;M803V;V805A;T819N;S820P;S821P;Q823P,R,S,S,no,QRDR_wild_type_in_deposited_assembly,6,24
CHINA_NINGXIA_2022,SHZY05,levofloxacin,S,ASSEMBLY_ONLY,,yes,PASS,R,A_mic_public_exact_link,R,16,16.0,=,no,Etest (BIO-KONT),Mueller-Hinton blood agar,EUCAST,publication says EUCAST but does not state version,NCG0005,SNP_CLUSTER_03,China,NCG0005,PRIMARY,no,1,0,FN,89.99634,67.621544,0.1440452993267056,0.0748792270531401,S5L;V6I;M191I;I346T;H354R;G468E;P484Q;S492A;K527R;S539N;I587V;E679D;S708N;G711S;G733E,R,S,S,no,QRDR_wild_type_in_deposited_assembly,7,15
CHINA_NINGXIA_2022,SHZY07,levofloxacin,S,ASSEMBLY_ONLY,,yes,PASS,R,A_mic_public_exact_link,R,16,16.0,=,no,Etest (BIO-KONT),Mueller-Hinton blood agar,EUCAST,publication says EUCAST but does not state version,NCG0007,SNP_CLUSTER_03,China,NCG0007,PRIMARY,no,1,0,FN,90.284676,68.44799,0.1276394095810669,0.038647342995169,S5L;V6I;M191I;H354R;P484Q;S492A;K527R;S539N;V643I;V655I;N659D;H668Y;E679D;I683M;T686N;I691R;S708N;G733E;V741I;G755S;R784K;N797D;M803V;V805A;T819N;S820P;S821P,R,S,S,no,QRDR_wild_type_in_deposited_assembly,8,27
CHINA_NINGXIA_2022,SHZY39,levofloxacin,S,ASSEMBLY_ONLY,,yes,PASS,R,A_mic_public_exact_link,R,16,16.0,=,no,Etest (BIO-KONT),Mueller-Hinton blood agar,EUCAST,publication says EUCAST but does not state version,NCG0038,SNP_CLUSTER_04,China,NCG0038,PRIMARY,no,1,0,FN,93.57753,2.6582582,0.9642048942406178,0.8840579710144928,V199A;G208A;H354R;Q403P;D455E;G458S;G468E;N495S;I498T;I587V;I639V;K658N;E679D;R681C;I691R;G733E;M803V,R,S,S,no,QRDR_wild_type_in_deposited_assembly,9,17
CHINA_NINGXIA_2022,SHZY04,levofloxacin,S,ASSEMBLY_ONLY,,yes,PASS,R,A_mic_public_exact_link,R,8,8.0,=,no,Etest (BIO-KONT),Mueller-Hinton blood agar,EUCAST,publication says EUCAST but does not state version,NCG0004,SNP_CLUSTER_03,China,NCG0004,PRIMARY,no,1,0,FN,90.872,70.72958,0.1059494161790383,0.0072463768115942,S5L;V6I;M191I;A388V;G468E;P484Q;S492A;K527R;S539N;V655I;H668Y;E679D;S708N;D710E;G733E;V741I;G755S;R784K;G787R;N797D;M803V;V805A;S821P;Q823P,R,S,S,no,QRDR_wild_type_in_deposited_assembly,10,24
CHINA_NINGXIA_2022,SHZY18,levofloxacin,S,ASSEMBLY_ONLY,,yes,PASS,R,A_mic_public_exact_link,R,8,8.0,=,no,Etest (BIO-KONT),Mueller-Hinton blood agar,EUCAST,publication says EUCAST but does not state version,NCG0018,SNP_CLUSTER_03,China,NCG0018,PRIMARY,no,1,0,FN,90.662964,68.62365,0.1675566974878957,0.1062801932367149,S5L;V6I;M191I;H354R;T472I;P484Q;S492A;K527R;S539N;V655I;N659D;H668Y;E679D;I683M;T686N;T687A;I691R;S708N;G733E;V741I;G755S;R784K;G787R;N797D;M803V;V805A;L817S;T819N;S820P;S821P,R,S,S,no,QRDR_wild_type_in_deposited_assembly,11,30
CHINA_NINGXIA_2022,SHZY02,levofloxacin,S,ASSEMBLY_ONLY,,yes,PASS,R,A_mic_public_exact_link,R,4,4.0,=,no,Etest (BIO-KONT),Mueller-Hinton blood agar,EUCAST,publication says EUCAST but does not state version,NCG0002,SNP_CLUSTER_03,China,NCG0002,PRIMARY,no,1,0,FN,90.53176,67.76978,0.160347438495157,0.1014492753623188,V6I;M191I;V199M;A283V;H354R;R397Q;G468E;P484Q;S492A;K527R;S539N;V655I;H668Y;E679D;S708N;G733E;V741I;G755S;R784K;G787R;N797D;M803V;V805A;T819N;S820P;S821P,R,S,S,no,QRDR_wild_type_in_deposited_assembly,12,26
CHINA_NINGXIA_2022,SHZY12,levofloxacin,S,ASSEMBLY_ONLY,,yes,PASS,R,A_mic_public_exact_link,R,2,2.0,=,no,Etest (BIO-KONT),Mueller-Hinton blood agar,EUCAST,publication says EUCAST but does not state version,NCG0012,SNP_CLUSTER_03,China,NCG0012,PRIMARY,no,1,0,FN,90.53742,68.759636,0.1123562250723012,0.0144927536231884,S5L;V6I;M191I;H354R;M413I;P484Q;S492A;K527R;S539N;V655I;N659D;H668Y;E679D;G733E;V741I;G755S;R784K;N797D;M803V;V805A;T819N;S821P;Q823H,R,S,S,no,QRDR_wild_type_in_deposited_assembly,13,23
CHINA_NINGXIA_2022,SHZY52,levofloxacin,S,ASSEMBLY_ONLY,,yes,PASS,R,A_mic_public_exact_link,R,2,2.0,=,no,Etest (BIO-KONT),Mueller-Hinton blood agar,EUCAST,publication says EUCAST but does not state version,NCG0051,SNP_CLUSTER_03,China,NCG0051,PRIMARY,no,1,0,FN,90.4163,68.043724,0.1231401139194692,0.0289855072463768,S5L;V6I;M191I;G208E;H354R;P484Q;S492A;K527R;S539N;V655I;H668Y;E679D;S708N;G733E;V741I;G755S;R784K;N797D;M803V;V805A;S821P;Q823P,R,S,S,no,QRDR_wild_type_in_deposited_assembly,14,22
CHINA_NINGXIA_2022,SHZY55,levofloxacin,S,ASSEMBLY_ONLY,,yes,PASS,R,A_mic_public_exact_link,R,2,2.0,=,no,Etest (BIO-KONT),Mueller-Hinton blood agar,EUCAST,publication says EUCAST but does not state version,NCG0054,SNP_CLUSTER_01,China,NCG0054,PRIMARY,no,1,0,FN,90.53551,5.157826,0.5634355243715063,0.6714975845410628,A97V;M191I;G208E;H354R;Q403P;A407T;N495S;E679D;K694R;G733E;K745R;L766F;T819I,R,S,S,no,QRDR_wild_type_in_deposited_assembly,15,13
CHINA_NINGXIA_2022,SHZY57,levofloxacin,S,ASSEMBLY_ONLY,,yes,PASS,R,A_mic_public_exact_link,R,2,2.0,=,no,Etest (BIO-KONT),Mueller-Hinton blood agar,EUCAST,publication says EUCAST but does not state version,NCG0055,SNP_CLUSTER_03,China,NCG0055,PRIMARY,no,1,0,FN,90.450516,69.957,0.1084227843912955,0.0072463768115942,S5L;V6I;M191I;A207V;T239M;H354R;S492A;K527R;S539N;V655I;N659D;H668Y;E679D;G733E;V741I;G755S;R784K;N797D;M803V;V805A;S821P;Q823P,R,S,S,no,QRDR_wild_type_in_deposited_assembly,16,22
CHINA_NINGXIA_2022,SHZY13,levofloxacin,R,ASSEMBLY_ONLY,N87K,yes,PASS,R,A_mic_public_exact_link,R,>32,32.0,>,no,Etest (BIO-KONT),Mueller-Hinton blood agar,EUCAST,publication says EUCAST but does not state version,NCG0013,SNP_CLUSTER_03,China,NCG0013,PRIMARY,yes,1,1,TP,89.92049,67.90987,0.1431900766448181,0.0748792270531401,N87K;M191I;H354R;R397Q;G468E;P484Q;S492A;K527R;S539N;I587V;R612C;S629N;V655I;H668Y;E679D;G733E;V741I;G755S;R784K;G787R;N797D;M803V;V805A;T819N;S820P;S821P,S,R,R,no,not_false_susceptible,17,26
CHINA_NINGXIA_2022,SHZY15,levofloxacin,R,ASSEMBLY_ONLY,A88V;N87I,yes,PASS,R,A_mic_public_exact_link,R,>32,32.0,>,no,Etest (BIO-KONT),Mueller-Hinton blood agar,EUCAST,publication says EUCAST but does not state version,NCG0015,SNP_CLUSTER_03,China,NCG0015,PRIMARY,yes,1,1,TP,90.67626,68.71636,0.1305161445748019,0.0483091787439613,S5L;V6I;N87I;A88V;M191I;H354R;G468E;P484Q;S492A;K527R;S539N;V655I;H668Y;E679D;S708N;G733E;V741I;G755S;R784K;G787R;N797D;M803V;V805A;S821P,R,R,R,yes,not_false_susceptible,18,24
CHINA_NINGXIA_2022,SHZY26,levofloxacin,R,ASSEMBLY_ONLY,D91G,yes,PASS,R,A_mic_public_exact_link,R,>32,32.0,>,no,Etest (BIO-KONT),Mueller-Hinton blood agar,EUCAST,publication says EUCAST but does not state version,NCG0025,SNP_CLUSTER_03,China,NCG0025,PRIMARY,yes,1,1,TP,89.96442,69.5444,0.1362406210609963,0.0579710144927536,S5L;V6I;D91G;M191I;T270I;H354R;G468E;P484Q;S492A;K527R;S539N;E611K;N620K;V655I;E679D;V702I;S708N;G733E;V741I;G755S;R784K;G787R;N797D;M803V;V805A;T819N;S820P;S821P,R,R,R,yes,not_false_susceptible,19,28
CHINA_NINGXIA_2022,SHZY44,levofloxacin,R,ASSEMBLY_ONLY,N87I,yes,PASS,R,A_mic_public_exact_link,R,>32,32.0,>,no,Etest (BIO-KONT),Mueller-Hinton blood agar,EUCAST,publication says EUCAST but does not state version,NCG0043,SNP_CLUSTER_03,China,NCG0043,PRIMARY,yes,1,1,TP,90.29355,71.14897,0.1093900995439451,0.0072463768115942,S5L;V6I;N87I;M191I;A379V;G468E;P484Q;K527R;S539N;V655I;N659D;H668Y;E679D;S708N;G733E;V741I;G755S;R784K;N797D;M803V;V805A;Q823H,R,R,R,yes,not_false_susceptible,20,22
CHINA_NINGXIA_2022,SHZY46,levofloxacin,R,ASSEMBLY_ONLY,N87K,yes,PASS,R,A_mic_public_exact_link,R,>32,32.0,>,no,Etest (BIO-KONT),Mueller-Hinton blood agar,EUCAST,publication says EUCAST but does not state version,NCG0045,SNP_CLUSTER_03,China,NCG0045,PRIMARY,yes,1,1,TP,89.68835,64.57939,0.185204179069317,0.1183574879227053,S5L;V6I;N87K;M191I;G208R;A283V;H354R;E632G;S652N;E679D;I683M;T686N;T687A;K694R;G733E;L766F;V805A;T819N;S820P;S821P,S,R,R,no,not_false_susceptible,21,20
CHINA_NINGXIA_2022,SHZY47,levofloxacin,R,ASSEMBLY_ONLY,N87K,yes,PASS,R,A_mic_public_exact_link,R,>32,32.0,>,no,Etest (BIO-KONT),Mueller-Hinton blood agar,EUCAST,publication says EUCAST but does not state version,NCG0046,SNP_CLUSTER_03,China,NCG0046,PRIMARY,yes,1,1,TP,90.93933,69.687126,0.11558493607143,0.0217391304347826,S5L;V6I;N87K;M191I;I194T;H354R;G468E;P484Q;S492A;K527R;S539N;E577K;V643I;V655I;N659D;H668Y;E679D;S708N;G711S;G733E;V741I;G755S;R784K;G787R;N797D;M803V;V805A;T819N;S820P;S821P,S,R,R,no,not_false_susceptible,22,30
CHINA_NINGXIA_2022,SHZY48,levofloxacin,R,ASSEMBLY_ONLY,N87I,yes,PASS,R,A_mic_public_exact_link,R,>32,32.0,>,no,Etest (BIO-KONT),Mueller-Hinton blood agar,EUCAST,publication says EUCAST but does not state version,NCG0047,SNP_CLUSTER_03,China,NCG0047,PRIMARY,yes,1,1,TP,89.75426,65.79473,0.1818534917222486,0.1159420289855072,S5L;V6I;N87I;G208E;H354R;D464Y;P484Q;S492A;K527R;S539N;A594D;V655I;H668Y;L669F;E679D;V741I;G755S;R784K;N797D;M803V;V805A;S821P;Q823P,R,R,R,yes,not_false_susceptible,23,23
CHINA_NINGXIA_2022,SHZY29,levofloxacin,R,ASSEMBLY_ONLY,D91Y,yes,PASS,R,A_mic_public_exact_link,R,16,16.0,=,no,Etest (BIO-KONT),Mueller-Hinton blood agar,EUCAST,publication says EUCAST but does not state version,NCG0028,SNP_CLUSTER_03,China,NCG0028,PRIMARY,yes,1,1,TP,91.08185,68.61914,0.1606188154580852,0.1014492753623188,S5L;V6I;D91Y;M191I;M191V;V201A;G208R;A283V;I307V;H354R;A379V;G468E;K478R;P484Q;S492A;K527R;S539N;N620K;V655I;H668Y;E679D;S708N;G733E;V741I;G755S;R784K;N797D;A799D;M803V;V805A;T819N;S820P;S821P,R,R,R,yes,not_false_susceptible,24,33
CHINA_NINGXIA_2022,SHZY35,levofloxacin,R,ASSEMBLY_ONLY,N87I,yes,PASS,R,A_mic_public_exact_link,R,16,16.0,=,no,Etest (BIO-KONT),Mueller-Hinton blood agar,EUCAST,publication says EUCAST but does not state version,NCG0034,SNP_CLUSTER_03,China,NCG0034,PRIMARY,yes,1,1,TP,90.68434,68.62862,0.129809180058246,0.0483091787439613,N87I;M191I;D196N;L452F;G458S;P484Q;S492A;K527R;S539N;V655I;E679D;V741I;G755S;R784K;N797D;M803V;V805A;L817S;T819N;S820P;S821P,R,R,R,yes,not_false_susceptible,25,21
CHINA_NINGXIA_2022,SHZY41,levofloxacin,R,ASSEMBLY_ONLY,D91N,yes,PASS,R,A_mic_public_exact_link,R,8,8.0,=,no,Etest (BIO-KONT),Mueller-Hinton blood agar,EUCAST,publication says EUCAST but does not state version,NCG0040,SNP_CLUSTER_03,China,NCG0040,PRIMARY,yes,1,1,TP,88.682945,55.487812,0.7241978245133908,0.7801932367149759,S5L;V6I;D91N;A183T;M191I;H354R;D454N;G468E;P484Q;S492A;K527R;S539N;V655I;E679D;T686S;T687A;I691R;G733E;V741I;G755S;R784K;N797D;M803V;V805A;S821P;Q823P,R,R,R,yes,not_false_susceptible,26,26
CHINA_NINGXIA_2022,SHZY53,levofloxacin,R,ASSEMBLY_ONLY,D91N,yes,PASS,R,A_mic_public_exact_link,R,8,8.0,=,no,Etest (BIO-KONT),Mueller-Hinton blood agar,EUCAST,publication says EUCAST but does not state version,NCG0052,SNP_CLUSTER_03,China,NCG0052,PRIMARY,yes,1,1,TP,90.10833,67.54706,0.1356518095647522,0.0579710144927536,S5L;V6I;A41T;D91N;M191I;P484Q;S492A;K527R;S539N;V655I;E679D;S708N;G733E;V741I;G755S;R784K;G787R;N797D;M803V;V805A;Q823H,R,R,R,yes,not_false_susceptible,27,21
CHINA_NINGXIA_2022,SHZY27,levofloxacin,R,ASSEMBLY_ONLY,D91N,yes,PASS,R,A_mic_public_exact_link,R,4,4.0,=,no,Etest (BIO-KONT),Mueller-Hinton blood agar,EUCAST,publication says EUCAST but does not state version,NCG0026,SNP_CLUSTER_03,China,NCG0026,PRIMARY,yes,1,1,TP,90.61411,67.38138,0.135215107464352,0.0579710144927536,S5L;V6I;D91N;M191I;A407T;G468E;P484Q;K527R;S539N;V655I;H668Y;E679D;S708N;G733E;V741I;G755S;R784K;G787R;N797D;M803V;V805A;S821P,R,R,R,yes,not_false_susceptible,28,22
CHINA_NINGXIA_2022,SHZY36,levofloxacin,R,ASSEMBLY_ONLY,N87K,yes,PASS,S,A_mic_public_exact_link,S,1,1.0,=,yes,Etest (BIO-KONT),Mueller-Hinton blood agar,EUCAST,publication says EUCAST but does not state version,NCG0035,SNP_CLUSTER_03,China,NCG0035,PRIMARY,no,0,1,FP,90.4767,67.76408,0.1444662707544265,0.0748792270531401,S5L;V6I;N87K;M191I;H354R;P484Q;S492A;K527R;S539N;V655I;E679D;G733E;V741I;G755S;R784K;N797D;M803V;V805A;L825M,S,R,R,no,not_false_susceptible,29,19
CHINA_NINGXIA_2022,SHZY06,levofloxacin,R,ASSEMBLY_ONLY,N87K,yes,PASS,S,A_mic_public_exact_link,S,0.5,0.5,=,no,Etest (BIO-KONT),Mueller-Hinton blood agar,EUCAST,publication says EUCAST but does not state version,NCG0006,SNP_CLUSTER_03,China,NCG0006,PRIMARY,no,0,1,FP,90.73515,70.6055,0.1064854218759138,0.0072463768115942,S5L;V6I;N87K;M191I;V199M;G208E;A283V;H354R;G468E;P484Q;S492A;K527R;S539N;V655I;N659D;H668Y;E679D;S708N;G733E;V741I;G755S;R784K;N797D;M803V;V805A;Q823H,S,R,R,no,not_false_susceptible,30,26
CHINA_NINGXIA_2022,SHZY17,levofloxacin,R,ASSEMBLY_ONLY,N87K,yes,PASS,S,A_mic_public_exact_link,S,0.5,0.5,=,no,Etest (BIO-KONT),Mueller-Hinton blood agar,EUCAST,publication says EUCAST but does not state version,NCG0017,SNP_CLUSTER_03,China,NCG0017,PRIMARY,no,0,1,FP,90.65673,69.602425,0.1337530999713304,0.0555555555555555,S5L;V6I;N87K;M191I;H354R;L452F;P484Q;R486C;S492A;K527R;S539N;I587V;V655I;E679D;G733E;V741I;G755S;R784K;N797D;M803V;V805A;L817S;T819N;S820P;S821P,S,R,R,no,not_false_susceptible,31,25
CHINA_NINGXIA_2022,SHZY28,levofloxacin,R,ASSEMBLY_ONLY,N87K,yes,PASS,S,A_mic_public_exact_link,S,0.25,0.25,=,no,Etest (BIO-KONT),Mueller-Hinton blood agar,EUCAST,publication says EUCAST but does not state version,NCG0027,SNP_CLUSTER_03,China,NCG0027,PRIMARY,no,0,1,FP,90.513336,69.69779,0.1076779011090326,0.0072463768115942,S5L;V6I;N87K;M191I;I234V;H354R;G468E;P484Q;S492A;K527R;S539N;S629N;V655I;H668Y;E679D;S708N;G733E;V741I;G755S;R784K;N797D;M803V;V805A;Q823H,S,R,R,no,not_false_susceptible,32,24
CHINA_NINGXIA_2022,SHZY20,levofloxacin,R,ASSEMBLY_ONLY,N87K,yes,PASS,S,A_mic_public_exact_link,S,0.064,0.064,=,no,Etest (BIO-KONT),Mueller-Hinton blood agar,EUCAST,publication says EUCAST but does not state version,NCG0020,SNP_CLUSTER_03,China,NCG0020,PRIMARY,no,0,1,FP,91.39254,69.39922,0.1661250932510529,0.1038647342995169,S5L;V6I;N87K;M191I;A377T;I381V;G468E;P484Q;K527R;S539N;V655I;H668Y;E679D;G733E;V741I;G755S;V756I;R784K;G787R;N797D;M803V;V805A,S,R,R,no,not_false_susceptible,33,22
CHINA_NINGXIA_2022,SHZY31,levofloxacin,R,ASSEMBLY_ONLY,D91N,yes,PASS,S,A_mic_public_exact_link,S,0.032,0.032,=,no,Etest (BIO-KONT),Mueller-Hinton blood agar,EUCAST,publication says EUCAST but does not state version,NCG0030,SNP_CLUSTER_03,China,NCG0030,PRIMARY,no,0,1,FP,91.02773,67.93682,0.1481687440154358,0.0821256038647343,S5L;V6I;D91N;M191I;A283V;H354R;G468E;P484Q;R486C;S492A;S539N;V655I;H668Y;E679D;S708N;G733E;V741I;G755S;R784K;G787R;N797D;M803V;V805A;L817S;T819N;S820P;S821P,R,R,R,yes,not_false_susceptible,34,27
CHINA_NINGXIA_2022,SHZY34,levofloxacin,R,ASSEMBLY_ONLY,N87K,yes,PASS,S,A_mic_public_exact_link,S,0.008,0.008,=,no,Etest (BIO-KONT),Mueller-Hinton blood agar,EUCAST,publication says EUCAST but does not state version,NCG0033,SNP_CLUSTER_03,China,NCG0033,PRIMARY,no,0,1,FP,90.62462,68.00525,0.1037491180763001,0.0048309178743961,S5L;V6I;N87K;M191I;G208E;H354R;G468E;P484Q;S492A;K527R;S539N;V655I;N659D;H668Y;E679D;S708N;G733E;V741I;G755S;R784K;G787R;N797D;M803V;V805A;L817S;T819N;S820P;S821P,S,R,R,no,not_false_susceptible,35,28
CHINA_NINGXIA_2022,SHZY22,levofloxacin,S,ASSEMBLY_ONLY,,yes,PASS,S,A_mic_public_exact_link,S,1,1.0,=,yes,Etest (BIO-KONT),Mueller-Hinton blood agar,EUCAST,publication says EUCAST but does not state version,NCG0022,SNP_CLUSTER_03,China,NCG0022,PRIMARY,yes,0,0,TN,90.01002,65.077286,0.1883973882871701,0.1183574879227053,S5L;V6I;H354R;P484Q;S492A;K527R;S539N;V643I;V655I;H668Y;E679D;T686S;T687A;I691R;S708N;L722I;G733E;V741I;G755S;R784K;G787R;N797S;M803V;V805A;T819N;S820P;S821P,S,S,S,yes,not_false_susceptible,36,27
CHINA_NINGXIA_2022,SHZY54,levofloxacin,S,ASSEMBLY_ONLY,,yes,PASS,S,A_mic_public_exact_link,S,1,1.0,=,yes,Etest (BIO-KONT),Mueller-Hinton blood agar,EUCAST,publication says EUCAST but does not state version,NCG0053,SNP_CLUSTER_03,China,NCG0053,PRIMARY,yes,0,0,TN,90.989815,70.39651,0.1040811982858237,0.0048309178743961,S5L;V6I;M191I;A283V;G468E;P484Q;S492A;K527R;S539N;E646G;A653V;V655I;H668Y;E679D;T686S;T687A;I691R;S708N;G733E;V741I;G755S;R784K;G787R;N797D;M803V;V805A;L817S;T819N;S820P;S821P;Q823P,S,S,S,yes,not_false_susceptible,37,31
CHINA_NINGXIA_2022,SHZY59,levofloxacin,S,ASSEMBLY_ONLY,,yes,PASS,S,A_mic_public_exact_link,S,1,1.0,=,yes,Etest (BIO-KONT),Mueller-Hinton blood agar,EUCAST,publication says EUCAST but does not state version,NCG0056,SNP_CLUSTER_03,China,NCG0056,PRIMARY,yes,0,0,TN,90.72582,69.914,0.1015388412055281,0.002415458937198,S5L;V6I;M191I;A236S;N341S;H354R;T417I;P484Q;S492A;K527R;S539N;V655I;H668Y;E679D;S708N;G733E;V741I;G755S;V756I;R784K;G787R;N797D;M803V;V805A;L817S;T819N;S820P;S821P,S,S,S,yes,not_false_susceptible,38,28
CHINA_NINGXIA_2022,SHZY21,levofloxacin,S,ASSEMBLY_ONLY,,yes,PASS,S,A_mic_public_exact_link,S,0.5,0.5,=,no,Etest (BIO-KONT),Mueller-Hinton blood agar,EUCAST,publication says EUCAST but does not state version,NCG0021,SNP_CLUSTER_03,China,NCG0021,PRIMARY,yes,0,0,TN,90.08674,63.47176,0.2090024386116216,0.1304347826086956,S5L;V6I;M191I;G208R;A231V;H354R;A407V;G468E;P484Q;S492A;K527R;S539N;A653T;V655I;E679D;V741I;G755S;R784K;N797D;M803V;V805A;Q823H,S,S,S,yes,not_false_susceptible,39,22
CHINA_NINGXIA_2022,SHZY30,levofloxacin,S,ASSEMBLY_ONLY,,yes,PASS,S,A_mic_public_exact_link,S,0.5,0.5,=,no,Etest (BIO-KONT),Mueller-Hinton blood agar,EUCAST,publication says EUCAST but does not state version,NCG0029,SNP_CLUSTER_03,China,NCG0029,PRIMARY,yes,0,0,TN,90.42598,69.780876,0.103977543916488,0.0048309178743961,S5L;V6I;M191I;H354R;G468E;K478R;P484Q;S492A;K527R;S539N;V655I;N659D;H668Y;E679D;S708N;G733E;V741I;G755S;R784K;N797D;M803V;V805A,S,S,S,yes,not_false_susceptible,40,22
CHINA_NINGXIA_2022,SHZY51,levofloxacin,S,ASSEMBLY_ONLY,,yes,PASS,S,A_mic_public_exact_link,S,0.5,0.5,=,no,Etest (BIO-KONT),Mueller-Hinton blood agar,EUCAST,publication says EUCAST but does not state version,NCG0050,SNP_CLUSTER_03,China,NCG0050,PRIMARY,yes,0,0,TN,90.52767,67.8704,0.1303050654519023,0.0483091787439613,S5L;V6I;M191I;H354R;G468E;P484Q;R486H;S492A;K527R;S539N;V655I;E679D;G733E;V741I;G755S;R784K;N797D;M803V;V805A;L817S;T819N;S821P;Q823P,S,S,S,yes,not_false_susceptible,41,23
CHINA_NINGXIA_2022,SHZY03,levofloxacin,S,ASSEMBLY_ONLY,,yes,PASS,S,A_mic_public_exact_link,S,0.25,0.25,=,no,Etest (BIO-KONT),Mueller-Hinton blood agar,EUCAST,publication says EUCAST but does not state version,NCG0003,SNP_CLUSTER_03,China,NCG0003,PRIMARY,yes,0,0,TN,89.9864,68.517624,0.1674661731705328,0.1062801932367149,S5L;V6I;M96I;M191I;D210N;H354R;G468E;P484Q;S492A;K527R;S539N;I587V;R612C;V655I;H668Y;E679D;G733E;V741I;G755S;R784K;N797D;M803V;V805A;Q823H,S,S,S,yes,not_false_susceptible,42,24
CHINA_NINGXIA_2022,SHZY09,levofloxacin,S,ASSEMBLY_ONLY,,yes,PASS,S,A_mic_public_exact_link,S,0.25,0.25,=,no,Etest (BIO-KONT),Mueller-Hinton blood agar,EUCAST,publication says EUCAST but does not state version,NCG0009,SNP_CLUSTER_03,China,NCG0009,PRIMARY,yes,0,0,TN,90.61368,70.78458,0.0867990022194015,0.0,M191I;H354R;G468E;P484Q;S492A;K527R;S539N;A594D;V655I;E679D;V706I;S708N;V741I;G755S;R784K;N797D;M803V;V805A;L817S;T819N;S821P;Q823P,S,S,S,yes,not_false_susceptible,43,22
CHINA_NINGXIA_2022,SHZY24,levofloxacin,S,ASSEMBLY_ONLY,,yes,PASS,S,A_mic_public_exact_link,S,0.25,0.25,=,no,Etest (BIO-KONT),Mueller-Hinton blood agar,EUCAST,publication says EUCAST but does not state version,NCG0024,SNP_CLUSTER_03,China,NCG0024,PRIMARY,yes,0,0,TN,91.0752,67.29539,0.1895717191481157,0.1207729468599033,S5L;V6I;T9A;M191I;A283V;H354R;P484Q;S492A;K527R;S539N;V655I;N659D;H668Y;E679D;V741I;G755S;R784K;N797D;A799T;M803V;V805A;Q823H,S,S,S,yes,not_false_susceptible,44,22
CHINA_NINGXIA_2022,SHZY32,levofloxacin,S,ASSEMBLY_ONLY,,yes,PASS,S,A_mic_public_exact_link,S,0.25,0.25,=,no,Etest (BIO-KONT),Mueller-Hinton blood agar,EUCAST,publication says EUCAST but does not state version,NCG0031,SNP_CLUSTER_03,China,NCG0031,PRIMARY,yes,0,0,TN,90.11162,67.53389,0.138742764003633,0.0652173913043478,S5L;V6I;M191I;H354R;P484Q;R486C;K527R;S539N;V655I;H668Y;E679D;S708N;G733E;V741I;G755S;R784K;N797D;M803V;V805A;Q823H,S,S,S,yes,not_false_susceptible,45,20
CHINA_NINGXIA_2022,SHZY50,levofloxacin,S,ASSEMBLY_ONLY,,yes,PASS,S,A_mic_public_exact_link,S,0.25,0.25,=,no,Etest (BIO-KONT),Mueller-Hinton blood agar,EUCAST,publication says EUCAST but does not state version,NCG0049,SNP_CLUSTER_03,China,NCG0049,PRIMARY,yes,0,0,TN,90.6122,70.430405,0.1113661502457148,0.0120772946859903,S5L;V6I;M191I;I194T;K249R;H354R;R397Q;G468E;P484Q;S492A;K527R;S539N;V655I;N659D;H668Y;E679D;K694R;G733E;V741I;G755S;R784K;N797D;M803V;V805A,S,S,S,yes,not_false_susceptible,46,24
CHINA_NINGXIA_2022,SHZY01,levofloxacin,S,ASSEMBLY_ONLY,,yes,PASS,S,A_mic_public_exact_link,S,0.125,0.125,=,no,Etest (BIO-KONT),Mueller-Hinton blood agar,EUCAST,publication says EUCAST but does not state version,NCG0001,SNP_CLUSTER_03,China,NCG0001,PRIMARY,yes,0,0,TN,90.57585,68.60228,0.114890992045915,0.0193236714975845,S5L;V6I;M191I;A283V;H354R;P484Q;S492A;K527R;S539N;I587V;V655I;H668Y;E679D;S708N;L722I;G733E;V741I;G755S;R784K;N797D;M803V;V805A;T819N;S821P,S,S,S,yes,not_false_susceptible,47,24
CHINA_NINGXIA_2022,SHZY10,levofloxacin,S,ASSEMBLY_ONLY,,yes,PASS,S,A_mic_public_exact_link,S,0.125,0.125,=,no,Etest (BIO-KONT),Mueller-Hinton blood agar,EUCAST,publication says EUCAST but does not state version,NCG0010,SNP_CLUSTER_03,China,NCG0010,PRIMARY,yes,0,0,TN,89.06207,58.21575,0.4425401024046921,0.5628019323671497,K10R;M191I;G208R;H354R;A379V;D455N;G468E;P484Q;S492A;K527R;S539N;P595S;V655I;N659D;H668Y;E679D;G733E;G755S;R784K;N797D;M803I;V805A;T819N;S820P,S,S,S,yes,not_false_susceptible,48,24
CHINA_NINGXIA_2022,SHZY37,levofloxacin,S,ASSEMBLY_ONLY,,yes,PASS,S,A_mic_public_exact_link,S,0.125,0.125,=,no,Etest (BIO-KONT),Mueller-Hinton blood agar,EUCAST,publication says EUCAST but does not state version,NCG0036,SNP_CLUSTER_03,China,NCG0036,PRIMARY,yes,0,0,TN,90.79028,68.70616,0.1216100759460771,0.0265700483091787,S5L;V6I;M191I;G468E;P484Q;S492A;K527R;S539N;V655I;H668Y;E679D;I683M;T686N;T687A;I691R;V741I;G755S;R784K;G787R;N797D;M803V;V805A;T819N;S821P;Q823H,S,S,S,yes,not_false_susceptible,49,25
CHINA_NINGXIA_2022,SHZY42,levofloxacin,S,ASSEMBLY_ONLY,,yes,PASS,S,A_mic_public_exact_link,S,0.064,0.064,=,no,Etest (BIO-KONT),Mueller-Hinton blood agar,EUCAST,publication says EUCAST but does not state version,NCG0041,SNP_CLUSTER_03,China,NCG0041,PRIMARY,yes,0,0,TN,90.58078,69.871574,0.1148312581485178,0.0193236714975845,S5L;V6I;M191I;R311K;H354R;P484Q;S492A;K527R;S539N;V655I;H668Y;E679D;I683M;T686N;T687A;I691R;S708N;G733E;V741I;G755S;A773T;R784K;N797D;M803V;V805A;L817S;T819N;S820P;S821P;Q823P,S,S,S,yes,not_false_susceptible,50,30
CHINA_NINGXIA_2022,SHZY45,levofloxacin,S,ASSEMBLY_ONLY,,yes,PASS,S,A_mic_public_exact_link,S,0.064,0.064,=,no,Etest (BIO-KONT),Mueller-Hinton blood agar,EUCAST,publication says EUCAST but does not state version,NCG0044,SNP_CLUSTER_03,China,NCG0044,PRIMARY,yes,0,0,TN,90.601944,67.15108,0.1714306762930491,0.1111111111111111,S5L;V6I;M191I;A283V;H354R;G468E;P484Q;S492A;K527R;S539N;V655I;H668Y;E679D;S708N;G733E;V741I;G755S;R784K;G787R;N797D;M803V;V805A;S821P;Q823P,S,S,S,yes,not_false_susceptible,51,24
CHINA_NINGXIA_2022,SHZY49,levofloxacin,S,ASSEMBLY_ONLY,,yes,PASS,S,A_mic_public_exact_link,S,0.064,0.064,=,no,Etest (BIO-KONT),Mueller-Hinton blood agar,EUCAST,publication says EUCAST but does not state version,NCG0048,SNP_CLUSTER_03,China,NCG0048,PRIMARY,yes,0,0,TN,91.1018,70.19392,0.1254149642756089,0.0314009661835748,S5L;V6I;M191I;H354R;G468E;P484Q;S492A;K527R;S539N;V655I;H668Y;E679D;G733E;V741I;G755S;R784K;G787R;N797D;M803V;V805A;T819N;S821P;Q823P,R,S,S,no,not_false_susceptible,52,23
CHINA_NINGXIA_2022,SHZY11,levofloxacin,S,ASSEMBLY_ONLY,,yes,PASS,S,A_mic_public_exact_link,S,0.008,0.008,=,no,Etest (BIO-KONT),Mueller-Hinton blood agar,EUCAST,publication says EUCAST but does not state version,NCG0011,SNP_CLUSTER_03,China,NCG0011,PRIMARY,yes,0,0,TN,90.06114,67.631454,0.1679748372806677,0.1062801932367149,M191I;A283V;H354R;P484Q;R486C;S492A;K527R;S539N;V655I;H668Y;E679D;G733E;G755S;R784K;G787R;N797D;M803V;V805A;L817S;T819N;S821P;Q823P,S,S,S,yes,not_false_susceptible,53,22
CHINA_NINGXIA_2022,SHZY14,levofloxacin,S,ASSEMBLY_ONLY,,yes,PASS,S,A_mic_public_exact_link,S,0.008,0.008,=,no,Etest (BIO-KONT),Mueller-Hinton blood agar,EUCAST,publication says EUCAST but does not state version,NCG0014,SNP_CLUSTER_03,China,NCG0014,PRIMARY,yes,0,0,TN,90.6968,68.422966,0.1167032975788602,0.0217391304347826,S5L;V6I;M191I;G208R;H354R;R397Q;S492A;K527R;S539N;I587V;A594D;R640K;V655I;E679D;G733E;V741I;G755S;R784K;N797D;M803V;V805A;T819N;S820P;S821P,S,S,S,yes,not_false_susceptible,54,24
CHINA_NINGXIA_2022,SHZY16,levofloxacin,S,ASSEMBLY_ONLY,,yes,PASS,S,A_mic_public_exact_link,S,0.008,0.008,=,no,Etest (BIO-KONT),Mueller-Hinton blood agar,EUCAST,publication says EUCAST but does not state version,NCG0016,SNP_CLUSTER_03,China,NCG0016,PRIMARY,yes,0,0,TN,90.1052,65.72549,0.196531902982668,0.1207729468599033,S5L;V6I;M191I;H354R;A375D;R397Q;M413I;P484Q;S492A;K527R;S539N;I587V;V655I;E679D;S708N;V741I;G755S;R784K;N797D;M803V;V805A;L817S;T819N;S820P;S821P,S,S,S,yes,not_false_susceptible,55,25
CHINA_NINGXIA_2022,SHZY33,levofloxacin,S,ASSEMBLY_ONLY,,yes,PASS,S,A_mic_public_exact_link,S,0.008,0.008,=,no,Etest (BIO-KONT),Mueller-Hinton blood agar,EUCAST,publication says EUCAST but does not state version,NCG0032,SNP_CLUSTER_03,China,NCG0032,PRIMARY,yes,0,0,TN,90.96783,69.85583,0.1450577913426478,0.0748792270531401,S5L;V6I;M191I;P267S;H354R;L452F;P484Q;S492A;K527R;S539N;N620K;V655I;H668Y;E679D;S708N;G733E;V741I;G755S;R784K;G787R;N797D;M803V;V805A;T819N;S820P;S821P,S,S,S,yes,not_false_susceptible,56,26
CHINA_NINGXIA_2022,SHZY40,levofloxacin,S,ASSEMBLY_ONLY,,yes,PASS,S,A_mic_public_exact_link,S,0.008,0.008,=,no,Etest (BIO-KONT),Mueller-Hinton blood agar,EUCAST,publication says EUCAST but does not state version,NCG0039,SNP_CLUSTER_03,China,NCG0039,PRIMARY,yes,0,0,TN,90.34991,70.04376,0.1157671796043063,0.0217391304347826,S5L;V6I;M191I;H354R;G468E;P484Q;S492A;K527R;S539N;V655I;H668Y;E679D;G733E;V741I;G755S;R784K;N797D;M803V;V805A;S821P;Q823P,S,S,S,yes,not_false_susceptible,57,21
